{
  "Introduction": {
    "Background": {
      "text": "<p>Ahmad Shah DURRANI unified the Pashtun tribes and founded Afghanistan in 1747. The country served as a buffer between the British and Russian Empires until it won independence from notional British control in 1919. A brief experiment in increased democracy ended in a 1973 coup and a 1978 communist countercoup. The Soviet Union invaded in 1979 to support the tottering Afghan communist regime, touching off a long and destructive war. Internationally supported anti-communist mujahidin rebels forced the USSR to withdraw in 1989. A series of subsequent civil wars saw Kabul finally fall in 1996 to the Taliban, a hardline Pakistani-sponsored movement. Following the 11 September 2001 terrorist attacks, a US and Allied military action toppled the Taliban for sheltering Usama BIN LADIN.</p> <p>A UN-sponsored Bonn Conference in 2001 established a process for political reconstruction that included the adoption of a new constitution, a presidential election in 2004, and National Assembly elections in 2005. In 2004, Hamid KARZAI became the first democratically elected president of Afghanistan, and he was reelected in 2009. Ashraf Ghani AHMADZAI succeeded him as president in 2014 following a disputed election. The Taliban conducted an insurgency for two decades against the Afghan Government and forces from the United States and other countries. In February 2020, the US and the Taliban signed an agreement that led to the withdrawal of international forces in exchange for commitments on counterterrorism and other assurances. The Taliban took over Afghanistan on 15 August 2021.<br><br>The Taliban established an all-male interim leadership structure dominated by Pashtun clerics under the leadership of Haivatrullah AKHUNDZADA. The Taliban issued numerous edicts that constrained women's mobility, ability to study and work, and access to education beyond primary school. To date, no country has recognized the Taliban as the government of Afghanistan.</p>"
    }
  },
  "Geography": {
    "Location": {
      "text": "Southern Asia, north and west of Pakistan, east of Iran"
    },
    "Geographic coordinates": {
      "text": "33 00 N, 65 00 E"
    },
    "Map references": {
      "text": "Asia"
    },
    "Area": {
      "total ": {
        "text": "652,230 sq km"
      },
      "land": {
        "text": "652,230 sq km"
      },
      "water": {
        "text": "0 sq km"
      }
    },
    "Area - comparative": {
      "text": "almost six times the size of Virginia; slightly smaller than Texas"
    },
    "Land boundaries": {
      "total": {
        "text": "5,987 km"
      },
      "border countries": {
        "text": "China 91 km; Iran 921 km; Pakistan 2,670 km; Tajikistan 1,357 km; Turkmenistan 804 km; Uzbekistan 144 km"
      }
    },
    "Coastline": {
      "text": "0 km (landlocked)"
    },
    "Maritime claims": {
      "text": "none (landlocked)"
    },
    "Climate": {
      "text": "arid to semiarid; cold winters and hot summers"
    },
    "Terrain": {
      "text": "mostly rugged mountains; plains in north and southwest"
    },
    "Elevation": {
      "highest point": {
        "text": "Noshak 7,492 m"
      },
      "lowest point": {
        "text": "Amu Darya 258 m"
      },
      "mean elevation": {
        "text": "1,884 m"
      }
    },
    "Natural resources": {
      "text": "natural gas, petroleum, coal, copper, chromite, talc, barites, sulfur, lead, zinc, iron ore, salt, precious and semiprecious stones, arable land"
    },
    "Land use": {
      "agricultural land": {
        "text": "58.1% (2018 est.)"
      },
      "agricultural land: arable land": {
        "text": "arable land: 11.8% (2018)"
      },
      "agricultural land: permanent crops": {
        "text": "permanent crops: 0.3% (2018)"
      },
      "agricultural land: permanent pasture": {
        "text": "permanent pasture: 46% (2018)"
      },
      "forest": {
        "text": "1.8% (2018 est.)"
      },
      "other": {
        "text": "40.1% (2018)"
      }
    },
    "Irrigated land": {
      "text": "24,930 sq km (2020)"
    },
    "Major lakes (area sq km)": {
      "salt water lake(s)": {
        "text": "Ab-e Istadah-ye Muqur (endorheic basin) - 520 sq km"
      }
    },
    "Major rivers (by length in km)": {
      "text": "Amu Darya (shared with Tajikistan [s], Turkmenistan, and Uzbekistan [m]) - 2,620 km; Helmand river source (shared with Iran) - 1,130 km<br><strong>note</strong> – [s] after country name indicates river source; [m] after country name indicates river mouth"
    },
    "Major watersheds (area sq km)": {
      "text": "Indian Ocean drainage: Indus (1,081,718 sq km)<br>Internal <em>(endorheic basin) </em>drainage: Amu Darya (534,739 sq km); Tarim Basin (1,152,448 sq km)"
    },
    "Population distribution": {
      "text": "populations tend to cluster in the foothills and periphery of the rugged Hindu Kush range; smaller groups are found in many of the country's interior valleys; in general, the east is more densely settled, while the south is sparsely populated"
    },
    "Natural hazards": {
      "text": "damaging earthquakes occur in Hindu Kush mountains; flooding; droughts"
    },
    "Geography - note": {
      "text": "landlocked; the Hindu Kush mountains that run northeast to southwest divide the northern provinces from the rest of the country; the highest peaks are in the northern Vakhan (Wakhan Corridor)"
    }
  },
  "People and Society": {
    "Population": {
      "total": {
        "text": "40,121,552"
      },
      "male": {
        "text": "20,301,066"
      },
      "female": {
        "text": "19,820,486 (2024 est.)"
      }
    },
    "Nationality": {
      "noun": {
        "text": "Afghan(s)"
      },
      "adjective": {
        "text": "Afghan"
      }
    },
    "Ethnic groups": {
      "text": "current, reliable statistical data on ethnicity in Afghanistan are not available; Afghanistan's 2004 Constitution cited Pashtun, Tajik, Hazara, Uzbek, Turkman, Baluch, Pashaie, Nuristani, Aymaq, Arab, Qirghiz, Qizilbash, Gujur, and Brahwui ethnicities; Afghanistan has dozens of other small ethnic groups"
    },
    "Languages": {
      "Languages": {
        "text": "Afghan Persian or Dari (official, lingua franca) 77%, Pashto (official) 48%, Uzbeki 11%, English 6%, Turkmani 3%, Urdu 3%, Pashaie 1%, Nuristani 1%, Arabic 1%, Balochi 1%, other &lt;1% (2020 est.)"
      },
      "major-language sample(s)": {
        "text": "<br> <p>کتاب حقایق جهان، مرجعی ضروری برای اطلاعات اولیە (Dari)</p> د دنیا د حقائېقو کتاب، بنیادی معلوماتو لپاره ضروری سرچینه- (Pashto)<br><br>The World Factbook, the indispensable source for basic information."
      },
      "note": "<strong>note 1:</strong> percentages sum to more than 100% because many people are multilingual <br><br><strong>note 2: </strong>Uzbeki, Turkmani, Pashaie, Nuristani, Balochi, and Pamiri are the third official languages in areas where the majority speaks them"
    },
    "Religions": {
      "text": "Muslim 99.7% (Sunni 84.7 - 89.7%, Shia 10 - 15%), other &lt;0.3% (2009 est.)"
    },
    "Age structure": {
      "0-14 years": {
        "text": "39.6% (male 8,062,407/female 7,818,897)"
      },
      "15-64 years": {
        "text": "57.5% (male 11,702,734/female 11,372,249)"
      },
      "65 years and over": {
        "text": "2.9% (2024 est.) (male 535,925/female 629,340)"
      }
    },
    "Dependency ratios": {
      "total dependency ratio": {
        "text": "84.6"
      },
      "youth dependency ratio": {
        "text": "80.2"
      },
      "elderly dependency ratio": {
        "text": "4.8"
      },
      "potential support ratio": {
        "text": "22.5 (2021 est.)"
      }
    },
    "Median age": {
      "total": {
        "text": "20 years (2024 est.)"
      },
      "male": {
        "text": "20 years"
      },
      "female": {
        "text": "20.1 years"
      }
    },
    "Population growth rate": {
      "text": "2.22% (2024 est.)"
    },
    "Birth rate": {
      "text": "34.2 births/1,000 population (2024 est.)"
    },
    "Death rate": {
      "text": "11.8 deaths/1,000 population (2024 est.)"
    },
    "Net migration rate": {
      "text": "-0.1 migrant(s)/1,000 population (2024 est.)"
    },
    "Population distribution": {
      "text": "populations tend to cluster in the foothills and periphery of the rugged Hindu Kush range; smaller groups are found in many of the country's interior valleys; in general, the east is more densely settled, while the south is sparsely populated"
    },
    "Urbanization": {
      "urban population": {
        "text": "26.9% of total population (2023)"
      },
      "rate of urbanization": {
        "text": "3.34% annual rate of change (2020-25 est.)"
      }
    },
    "Major urban areas - population": {
      "text": "4.589 million KABUL (capital) (2023)"
    },
    "Sex ratio": {
      "at birth": {
        "text": "1.05 male(s)/female"
      },
      "0-14 years": {
        "text": "1.03 male(s)/female"
      },
      "15-64 years": {
        "text": "1.03 male(s)/female"
      },
      "65 years and over": {
        "text": "0.85 male(s)/female"
      },
      "total population": {
        "text": "1.02 male(s)/female (2024 est.)"
      }
    },
    "Mother's mean age at first birth": {
      "text": "19.9 years (2015 est.)",
      "note": "<strong>note:</strong> data represents median age at first birth among women 25-49"
    },
    "Maternal mortality ratio": {
      "text": "620 deaths/100,000 live births (2020 est.)"
    },
    "Infant mortality rate": {
      "total": {
        "text": "101.3 deaths/1,000 live births (2024 est.)"
      },
      "male": {
        "text": "109.7 deaths/1,000 live births"
      },
      "female": {
        "text": "92.5 deaths/1,000 live births"
      }
    },
    "Life expectancy at birth": {
      "total population": {
        "text": "54.4 years (2024 est.)"
      },
      "male": {
        "text": "52.8 years"
      },
      "female": {
        "text": "56.1 years"
      }
    },
    "Total fertility rate": {
      "text": "4.43 children born/woman (2024 est.)"
    },
    "Gross reproduction rate": {
      "text": "2.16 (2024 est.)"
    },
    "Contraceptive prevalence rate": {
      "text": "18.9% (2018)",
      "note": "<strong>note:</strong>  percent of women aged 12-49"
    },
    "Drinking water source": {
      "improved: urban": {
        "text": "urban: 100% of population"
      },
      "improved: rural": {
        "text": "rural: 68.3% of population"
      },
      "improved: total": {
        "text": "total: 76.5% of population"
      },
      "unimproved: urban": {
        "text": "urban: 0% of population"
      },
      "unimproved: rural": {
        "text": "rural: 31.7% of population"
      },
      "unimproved: total": {
        "text": "total: 23.5% of population (2020 est.)"
      }
    },
    "Current health expenditure": {
      "text": "15.5% of GDP (2020)"
    },
    "Physician density": {
      "text": "0.25 physicians/1,000 population (2020)"
    },
    "Hospital bed density": {
      "text": "0.4 beds/1,000 population (2017)"
    },
    "Sanitation facility access": {
      "improved: urban": {
        "text": "urban: 88.2% of population"
      },
      "improved: rural": {
        "text": "rural: 52% of population"
      },
      "improved: total": {
        "text": "total: 61.4% of population"
      },
      "unimproved: urban": {
        "text": "urban: 11.8% of population"
      },
      "unimproved: rural": {
        "text": "rural: 48% of population"
      },
      "unimproved: total": {
        "text": "total: 38.6% of population (2020 est.)"
      }
    },
    "Obesity - adult prevalence rate": {
      "text": "5.5% (2016)"
    },
    "Alcohol consumption per capita": {
      "total": {
        "text": "0.01 liters of pure alcohol (2019 est.)"
      },
      "beer": {
        "text": "0 liters of pure alcohol (2019 est.)"
      },
      "wine": {
        "text": "0 liters of pure alcohol (2019 est.)"
      },
      "spirits": {
        "text": "0.01 liters of pure alcohol (2019 est.)"
      },
      "other alcohols": {
        "text": "0 liters of pure alcohol (2019 est.)"
      }
    },
    "Tobacco use": {
      "total": {
        "text": "23.3% (2020 est.)"
      },
      "male": {
        "text": "39.4% (2020 est.)"
      },
      "female": {
        "text": "7.2% (2020 est.)"
      }
    },
    "Children under the age of 5 years underweight": {
      "text": "19.1% (2018)"
    },
    "Currently married women (ages 15-49)": {
      "text": "70.3% (2023 est.)"
    },
    "Child marriage": {
      "women married by age 15": {
        "text": "4.2%"
      },
      "women married by age 18": {
        "text": "28.3% (2017 est.)"
      }
    },
    "Education expenditures": {
      "text": "2.9% of GDP (2020 est.)"
    },
    "Literacy": {
      "definition": {
        "text": "age 15 and over can read and write"
      },
      "total population": {
        "text": "37.3%"
      },
      "male": {
        "text": "52.1%"
      },
      "female": {
        "text": "22.6% (2021)"
      }
    },
    "School life expectancy (primary to tertiary education)": {
      "total": {
        "text": "10 years"
      },
      "male": {
        "text": "13 years"
      },
      "female": {
        "text": "8 years (2018)"
      }
    }
  },
  "Environment": {
    "Environment - current issues": {
      "text": "limited natural freshwater resources; inadequate supplies of potable water; soil degradation; overgrazing; deforestation (much of the remaining forests are being cut down for fuel and building materials); desertification; air and water pollution in overcrowded urban areas"
    },
    "Environment - international agreements": {
      "party to": {
        "text": "Biodiversity, Climate Change, Climate Change-Kyoto Protocol, Climate Change-Paris Agreement, Comprehensive Nuclear Test Ban, Desertification, Endangered Species, Environmental Modification, Hazardous Wastes, Marine Dumping-London Convention, Nuclear Test Ban, Ozone Layer Protection"
      },
      "signed, but not ratified": {
        "text": "Law of the Sea, Marine Life Conservation"
      }
    },
    "Climate": {
      "text": "arid to semiarid; cold winters and hot summers"
    },
    "Land use": {
      "agricultural land": {
        "text": "58.1% (2018 est.)"
      },
      "agricultural land: arable land": {
        "text": "arable land: 11.8% (2018)"
      },
      "agricultural land: permanent crops": {
        "text": "permanent crops: 0.3% (2018)"
      },
      "agricultural land: permanent pasture": {
        "text": "permanent pasture: 46% (2018)"
      },
      "forest": {
        "text": "1.8% (2018 est.)"
      },
      "other": {
        "text": "40.1% (2018)"
      }
    },
    "Urbanization": {
      "urban population": {
        "text": "26.9% of total population (2023)"
      },
      "rate of urbanization": {
        "text": "3.34% annual rate of change (2020-25 est.)"
      }
    },
    "Food insecurity": {
      "severe localized food insecurity": {
        "text": "<em>due to civil conflict, population displacement, and economic slowdown - </em>the latest analysis estimated the number of people in crisis or emergency food insecurity at 15.3 million people (35% of the population analyzed) between May and October 2023; although the levels of acute food insecurity have declined compared to the same season in 2022, largely due to seasonal improvements and the scale‑up of humanitarian assistance in 2022, the situation could deteriorate in areas where humanitarian assistance faces access constraints; the ban on women’s participation in the humanitarian response poses a challenge to the delivery of quality humanitarian assistance leading to significant additional access constraints, particularly to the most vulnerable, women and children (2023)"
      }
    },
    "Revenue from forest resources": {
      "text": "0.2% of GDP (2018 est.)"
    },
    "Revenue from coal": {
      "text": "0.45% of GDP (2018 est.)"
    },
    "Air pollutants": {
      "particulate matter emissions": {
        "text": "62.49 micrograms per cubic meter (2019 est.)"
      },
      "carbon dioxide emissions": {
        "text": "8.67 megatons (2016 est.)"
      },
      "methane emissions": {
        "text": "90.98 megatons (2020 est.)"
      }
    },
    "Waste and recycling": {
      "municipal solid waste generated annually": {
        "text": "5,628,525 tons (2016 est.)"
      }
    },
    "Major lakes (area sq km)": {
      "salt water lake(s)": {
        "text": "Ab-e Istadah-ye Muqur (endorheic basin) - 520 sq km"
      }
    },
    "Major rivers (by length in km)": {
      "text": "Amu Darya (shared with Tajikistan [s], Turkmenistan, and Uzbekistan [m]) - 2,620 km; Helmand river source (shared with Iran) - 1,130 km<br><strong>note</strong> – [s] after country name indicates river source; [m] after country name indicates river mouth"
    },
    "Major watersheds (area sq km)": {
      "text": "Indian Ocean drainage: Indus (1,081,718 sq km)<br>Internal <em>(endorheic basin) </em>drainage: Amu Darya (534,739 sq km); Tarim Basin (1,152,448 sq km)"
    },
    "Total water withdrawal": {
      "municipal": {
        "text": "200 million cubic meters (2020 est.)"
      },
      "industrial": {
        "text": "170 million cubic meters (2020 est.)"
      },
      "agricultural": {
        "text": "20 billion cubic meters (2020 est.)"
      }
    },
    "Total renewable water resources": {
      "text": "65.33 billion cubic meters (2020 est.)"
    }
  },
  "Government": {
    "Country name": {
      "conventional long form": {
        "text": "Islamic Republic of Afghanistan (prior to 15 August 2021); current country name disputed"
      },
      "conventional short form": {
        "text": "Afghanistan"
      },
      "local long form": {
        "text": "Jamhuri-ye Islami-ye Afghanistan (prior to 15 August 2021; current country name is disputed)"
      },
      "local short form": {
        "text": "Afghanistan"
      },
      "etymology": {
        "text": "the name \"Afghan\" originally referred to the Pashtun people (today it is understood to include all the country's ethnic groups), while the suffix \"-stan\" means \"place of\" or \"country\"; so Afghanistan literally means the \"Land of the Afghans\""
      }
    },
    "Government type": {
      "text": "theocratic; the United States does not recognize the Taliban Government"
    },
    "Capital": {
      "name": {
        "text": "Kabul"
      },
      "geographic coordinates": {
        "text": "34 31 N, 69 11 E"
      },
      "time difference": {
        "text": "UTC+4.5 (9.5 hours ahead of Washington, DC, during Standard Time)"
      },
      "daylight saving time": {
        "text": "does not observe daylight savings time"
      },
      "etymology": {
        "text": "named for the Kabul River, but the river's name is of unknown origin"
      }
    },
    "Administrative divisions": {
      "text": "34 provinces (welayat, singular - welayat); Badakhshan, Badghis, Baghlan, Balkh, Bamyan, Daykundi, Farah, Faryab, Ghazni, Ghor, Helmand, Herat, Jowzjan, Kabul, Kandahar, Kapisa, Khost, Kunar, Kunduz, Laghman, Logar, Nangarhar, Nimroz, Nuristan, Paktika, Paktiya, Panjshir, Parwan, Samangan, Sar-e Pul, Takhar, Uruzgan, Wardak, Zabul"
    },
    "Independence": {
      "text": "19 August 1919 (from UK control over Afghan foreign affairs)"
    },
    "National holiday": {
      "text": "previous: Independence Day, 19 August (1919); under the Taliban Government, 15 August (2022) is declared a national holiday, marking the anniversary of the victory of the Afghan jihad<br><br>"
    },
    "Legal system": {
      "text": "<p>the Taliban is implementing its own interpretation of Islamic law, which is partially based on the Hanifi school of Islamic jurisprudence and have enforced strict punishments; before the Taliban takeover, Afghanistan had a mixed legal system of civil, customary, and Islamic law</p> (2021)"
    },
    "Constitution": {
      "history": {
        "text": "several previous; latest ratified in 2004, but not currently enforced by the Taliban"
      }
    },
    "International law organization participation": {
      "text": "has not submitted an ICJ jurisdiction declaration; formerly accepted ICCt jurisdiction"
    },
    "Citizenship": {
      "citizenship by birth": {
        "text": "no"
      },
      "citizenship by descent only": {
        "text": "at least one parent must have been born in - and continuously lived in - Afghanistan"
      },
      "dual citizenship recognized": {
        "text": "no"
      },
      "residency requirement for naturalization": {
        "text": "5 years"
      }
    },
    "Suffrage": {
      "text": "18 years of age; universal"
    },
    "Executive branch": {
      "chief of state": {
        "text": "Taliban Leader HAYBATULLAH Akhundzada (since 15 August 2021)"
      },
      "head of government": {
        "text": "overall Taliban Leader HAYBATULLAH Akhundzada is the [so-called] Amir-ul Momineen of the Taliban and is seen by them as a head of government"
      },
      "cabinet": {
        "text": "<p>the Taliban have announced a “cabinet” for the “caretaker government,” including the “acting prime minister,” “acting deputy prime ministers,” and “ministers” who claim to represent 26 ministries</p>"
      },
      "elections/appointments": {
        "text": "the 2004 Afghan constitution directed that the president should be elected by majority popular vote for a 5-year term (eligible for a second term); election last held on 28 September 2019, and the Taliban have given no indication that they intend to reinstate elections or any other mechanism of democratic governance"
      },
      "note": "note: the United States has not yet made a decision whether to recognize the Taliban or any other entity as the government of Afghanistan"
    },
    "Legislative branch": {
      "text": "<strong>note:</strong> before August 2021, Afghanistan had a bicameral National Assembly that consisted of the House of Elders and House of the People; the parliament has been on hiatus since August 2021 and the Taliban has shown no interest in reviving it"
    },
    "Judicial branch": {
      "highest court(s)": {
        "text": "the Taliban are purported to have appointed clerics, including a \"Chief Justice\", to Afghanistan's Supreme Court"
      },
      "subordinate courts": {
        "text": "provincial courts, religious courts, and specialty courts"
      }
    },
    "Political parties": {
      "text": "the Taliban Government enforces an authoritarian state and has banned other political parties; note - before 15 August 2021, the Ministry of Justice had licensed 72 political parties as of April 2019<br><br>the Taliban have banned other political parties but have allowed some party leaders, including the head of Hezb-e-Islami, Gulbuddin Hekmatyar, to continue to live and work in Afghanistan; Hekmatyar likely continues to enjoy some political support from loyalists; leaders of other parties, including Jamiat-e-Islami’s Salahuddin Rabbani and Jumbesh’s Rashid Dostum, operate from abroad but likely also command some following within Afghanistan; note - before 15 August 2021, the Ministry of Justice had licensed 72 political parties as of April 2019"
    },
    "International organization participation": {
      "text": "Afghanistan is a member of the following organizations but Taliban representatives do not participate: ADB, CICA, CP, ECO, EITI (candidate country), FAO, G-77, IAEA, IBRD, ICAO, ICC (NGOs), ICCt, ICRM, IDA, IDB, IFAD, IFC, IFRCS, ILO, IMF, Interpol, IOC, IOM, IPU, ISO (correspondent), ITSO, ITU, ITUC (NGOs), MIGA, NAM, OIC, OPCW, OSCE (partner), SAARC, SACEP, SCO (dialogue member), UN, UNAMA, UNCTAD, UNESCO, UNHCR, UNIDO, UNWTO, UPU, WCO, WFTU (NGOs), WHO, WIPO, WMO, WTO"
    },
    "Diplomatic representation in the US": {
      "text": "none<strong><br><br>Note</strong>:  the Afghan Embassy closed in March 2022"
    },
    "Diplomatic representation from the US": {
      "embassy": {
        "text": "the United States does not maintain a presence in Afghanistan and its diplomatic mission to Afghanistan has relocated to Doha, Qatar"
      }
    },
    "Flag description": {
      "text": "three equal vertical bands of black (hoist side), red, and green, with the national emblem in white centered on the red band and slightly overlapping the other 2 bands; the center of the emblem features a mosque with pulpit and flags on either side, below the mosque are Eastern Arabic numerals for the solar year 1298 (1919 in the Gregorian calendar, the year of Afghan independence from the UK); this central image is circled by a border consisting of sheaves of wheat on the left and right, in the upper-center is an Arabic inscription of the Shahada (Muslim creed) below which are rays of the rising sun over the Takbir (Arabic expression meaning \"God is great\"), and at bottom center is a scroll bearing the name Afghanistan; black signifies the past, red is for the blood shed for independence, and green can represent either hope for the future, agricultural prosperity, or Islam",
      "note": "<strong>note 1: </strong>the United States has not recognized the Taliban or any other entity as the government of Afghanistan and, accordingly, continues to display the flag of Afghanistan as set forth in the country's constitution of 2004<strong><br><br>note 2:</strong> Afghanistan had more changes to its national flag in the 20th century - 19 by one count - than any other country; the colors black, red, and green appeared on most of them"
    },
    "National symbol(s)": {
      "text": "lion; national colors: red, green, black"
    },
    "National anthem": {
      "name": {
        "text": "\"Milli Surood\" (National Anthem)"
      },
      "lyrics/music": {
        "text": "Abdul Bari JAHANI/Babrak WASA"
      },
      "note": "<strong>note:</strong> adopted 2006"
    },
    "National heritage": {
      "total World Heritage Sites": {
        "text": "2 (both cultural)"
      },
      "selected World Heritage Site locales": {
        "text": "Minaret of Jam; Buddhas of Bamyan"
      },
      "note": "<strong>note:</strong> the monumental 6th- and 7th-century statues were destroyed by the Taliban in 2001"
    }
  },
  "Economy": {
    "Economic overview": {
      "text": "extremely low-income South Asian economy; import drops, currency depreciation, disappearing central bank reserves, and increasing inflation after Taliban takeover; increasing Chinese trade; hit hard by COVID; ongoing sanctions"
    },
    "Real GDP (purchasing power parity)": {
      "Real GDP (purchasing power parity) 2023": {
        "text": "$82.595 billion (2023 est.)"
      },
      "Real GDP (purchasing power parity) 2022": {
        "text": "$80.416 billion (2022 est.)"
      },
      "Real GDP (purchasing power parity) 2021": {
        "text": "$85.768 billion (2021 est.)"
      },
      "note": "<b>note:</b> data in 2021 dollars"
    },
    "Real GDP growth rate": {
      "Real GDP growth rate 2023": {
        "text": "2.71% (2023 est.)"
      },
      "Real GDP growth rate 2022": {
        "text": "-6.24% (2022 est.)"
      },
      "Real GDP growth rate 2021": {
        "text": "-20.74% (2021 est.)"
      },
      "note": "<b>note:</b> annual GDP % growth based on constant local currency"
    },
    "Real GDP per capita": {
      "Real GDP per capita 2023": {
        "text": "$2,000 (2023 est.)"
      },
      "Real GDP per capita 2022": {
        "text": "$2,000 (2022 est.)"
      },
      "Real GDP per capita 2021": {
        "text": "$2,100 (2021 est.)"
      },
      "note": "<b>note:</b> data in 2021 dollars"
    },
    "GDP (official exchange rate)": {
      "text": "$17.233 billion (2023 est.)",
      "note": "<b>note:</b> data in current dollars at official exchange rate"
    },
    "Inflation rate (consumer prices)": {
      "Inflation rate (consumer prices) 2019": {
        "text": "2.3% (2019 est.)"
      },
      "Inflation rate (consumer prices) 2018": {
        "text": "0.63% (2018 est.)"
      },
      "Inflation rate (consumer prices) 2017": {
        "text": "4.98% (2017 est.)"
      },
      "note": "<b>note:</b> annual % change based on consumer prices"
    },
    "GDP - composition, by sector of origin": {
      "agriculture": {
        "text": "34.5% (2023 est.)"
      },
      "industry": {
        "text": "13.5% (2023 est.)"
      },
      "services": {
        "text": "46.5% (2023 est.)"
      },
      "note": "<b>note:</b> figures may not total 100% due to non-allocated consumption not captured in sector-reported data"
    },
    "GDP - composition, by end use": {
      "household consumption": {
        "text": "97.4% (2023 est.)"
      },
      "government consumption": {
        "text": "21.2% (2023 est.)"
      },
      "investment in fixed capital": {
        "text": "15.2% (2023 est.)"
      },
      "investment in inventories": {
        "text": "0% (2023 est.)"
      },
      "exports of goods and services": {
        "text": "16.8% (2023 est.)"
      },
      "imports of goods and services": {
        "text": "-50.5% (2023 est.)"
      },
      "note": "<strong>note:</strong> figures may not total 100% due to rounding or gaps in data collection"
    },
    "Agricultural products": {
      "text": "wheat, milk, watermelons, grapes, potatoes, cantaloupes/melons, vegetables, rice, onions, apples (2022)",
      "note": "<b>note:</b> top ten agricultural products based on tonnage"
    },
    "Industries": {
      "text": "small-scale production of bricks, textiles, soap, furniture, shoes, fertilizer, apparel, food products, non-alcoholic beverages, mineral water, cement; handwoven carpets; natural gas, coal, copper"
    },
    "Industrial production growth rate": {
      "text": "2.62% (2023 est.)",
      "note": "<b>note:</b> annual % change in industrial value added based on constant local currency"
    },
    "Labor force": {
      "text": "8.696 million (2023 est.)",
      "note": "<b>note:</b> number of people ages 15 or older who are employed or seeking work"
    },
    "Unemployment rate": {
      "Unemployment rate 2023": {
        "text": "14.39% (2023 est.)"
      },
      "Unemployment rate 2022": {
        "text": "14.1% (2022 est.)"
      },
      "Unemployment rate 2021": {
        "text": "11.93% (2021 est.)"
      },
      "note": "<b>note:</b> % of labor force seeking employment"
    },
    "Youth unemployment rate (ages 15-24)": {
      "total": {
        "text": "18.1% (2023 est.)"
      },
      "male": {
        "text": "16.8% (2023 est.)"
      },
      "female": {
        "text": "30.4% (2023 est.)"
      },
      "note": "<b>note:</b> % of labor force ages 15-24 seeking employment"
    },
    "Population below poverty line": {
      "text": "54.5% (2016 est.)",
      "note": "<b>note:</b> % of population with income below national poverty line"
    },
    "Remittances": {
      "Remittances 2023": {
        "text": "1.86% of GDP (2023 est.)"
      },
      "Remittances 2022": {
        "text": "2.21% of GDP (2022 est.)"
      },
      "Remittances 2021": {
        "text": "2.24% of GDP (2021 est.)"
      },
      "note": "<b>note:</b> personal transfers and compensation between resident and non-resident individuals/households/entities"
    },
    "Budget": {
      "revenues": {
        "text": "$9.093 billion (2017 est.)"
      },
      "expenditures": {
        "text": "$7.411 billion (2017 est.)"
      },
      "note": "<b>note:</b> central government revenues (excluding grants) and expenses converted to US dollars at average official exchange rate for year indicated"
    },
    "Public debt": {
      "Public debt 2017": {
        "text": "7% of GDP (2017 est.)"
      }
    },
    "Taxes and other revenues": {
      "text": "9.9% (of GDP) (2017 est.)",
      "note": "<b>note:</b> central government tax revenue as a % of GDP"
    },
    "Current account balance": {
      "Current account balance 2020": {
        "text": "-$3.137 billion (2020 est.)"
      },
      "Current account balance 2019": {
        "text": "-$3.792 billion (2019 est.)"
      },
      "Current account balance 2018": {
        "text": "-$3.897 billion (2018 est.)"
      },
      "note": "<b>note:</b> balance of payments - net trade and primary/secondary income in current dollars"
    },
    "Exports": {
      "Exports 2020": {
        "text": "$1.476 billion (2020 est.)"
      },
      "Exports 2019": {
        "text": "$1.516 billion (2019 est.)"
      },
      "Exports 2018": {
        "text": "$1.609 billion (2018 est.)"
      },
      "note": "<b>note:</b> balance of payments - exports of goods and services in current dollars"
    },
    "Exports - partners": {
      "text": "Pakistan 57%, India 28%, China 3%, UAE 2%, Turkey 2% (2022)",
      "note": "<b>note:</b> top five export partners based on percentage share of exports"
    },
    "Exports - commodities": {
      "text": "coal, cotton, grapes, gum resins, nuts (2022)",
      "note": "<b>note:</b> top five export commodities based on value in dollars"
    },
    "Imports": {
      "Imports 2020": {
        "text": "$6.983 billion (2020 est.)"
      },
      "Imports 2019": {
        "text": "$7.371 billion (2019 est.)"
      },
      "Imports 2018": {
        "text": "$7.988 billion (2018 est.)"
      },
      "note": "<b>note:</b> balance of payments - imports of goods and services in current dollars"
    },
    "Imports - partners": {
      "text": "UAE 21%, Kazakhstan 17%, Pakistan 17%, China 9%, Uzbekistan 9% (2022)",
      "note": "<b>note:</b> top five import partners based on percentage share of imports"
    },
    "Imports - commodities": {
      "text": "wheat, tobacco, palm oil, packaged medicine, rice (2022)",
      "note": "<b>note:</b> top five import commodities based on value in dollars"
    },
    "Reserves of foreign exchange and gold": {
      "Reserves of foreign exchange and gold 2020": {
        "text": "$9.749 billion (2020 est.)"
      },
      "Reserves of foreign exchange and gold 2019": {
        "text": "$8.498 billion (2019 est.)"
      },
      "Reserves of foreign exchange and gold 2018": {
        "text": "$8.207 billion (2018 est.)"
      },
      "note": "<b>note:</b> holdings of gold (year-end prices)/foreign exchange/special drawing rights in current dollars"
    },
    "Debt - external": {
      "Debt - external 2023": {
        "text": "$2.847 billion (2023 est.)"
      },
      "note": "<strong>note:</strong> present value of external debt in current US dollars"
    },
    "Exchange rates": {
      "Currency": {
        "text": "afghanis (AFA) per US dollar -"
      },
      "Exchange rates 2020": {
        "text": "76.814 (2020 est.)"
      },
      "Exchange rates 2019": {
        "text": "77.738 (2019 est.)"
      },
      "Exchange rates 2018": {
        "text": "72.083 (2018 est.)"
      },
      "Exchange rates 2017": {
        "text": "68.027 (2017 est.)"
      },
      "Exchange rates 2016": {
        "text": "67.866 (2016 est.)"
      }
    }
  },
  "Energy": {
    "Electricity access": {
      "electrification - total population": {
        "text": "85.3% (2022 est.)"
      },
      "electrification - urban areas": {
        "text": "95.9%"
      },
      "electrification - rural areas": {
        "text": "81.7%"
      }
    },
    "Electricity": {
      "installed generating capacity": {
        "text": "627,000 kW (2022 est.)"
      },
      "consumption": {
        "text": "5.994 billion kWh (2022 est.)"
      },
      "imports": {
        "text": "5.881 billion kWh (2022 est.)"
      },
      "transmission/distribution losses": {
        "text": "717.333 million kWh (2022 est.)"
      }
    },
    "Electricity generation sources": {
      "fossil fuels": {
        "text": "15.6% of total installed capacity (2022 est.)"
      },
      "solar": {
        "text": "9.6% of total installed capacity (2022 est.)"
      },
      "hydroelectricity": {
        "text": "74.8% of total installed capacity (2022 est.)"
      }
    },
    "Coal": {
      "production": {
        "text": "4.885 million metric tons (2022 est.)"
      },
      "consumption": {
        "text": "1.545 million metric tons (2022 est.)"
      },
      "exports": {
        "text": "3.343 million metric tons (2022 est.)"
      },
      "imports": {
        "text": "4,000 metric tons (2022 est.)"
      },
      "proven reserves": {
        "text": "66 million metric tons (2022 est.)"
      }
    },
    "Petroleum": {
      "refined petroleum consumption": {
        "text": "27,000 bbl/day (2022 est.)"
      }
    },
    "Natural gas": {
      "production": {
        "text": "80.2 million cubic meters (2020 est.)"
      },
      "consumption": {
        "text": "80.2 million cubic meters (2020 est.)"
      },
      "proven reserves": {
        "text": "49.554 billion cubic meters (2021 est.)"
      }
    },
    "Carbon dioxide emissions": {
      "total emissions": {
        "text": "7.029 million metric tonnes of CO2 (2022 est.)"
      },
      "from coal and metallurgical coke": {
        "text": "3.125 million metric tonnes of CO2 (2022 est.)"
      },
      "from petroleum and other liquids": {
        "text": "3.904 million metric tonnes of CO2 (2022 est.)"
      },
      "from consumed natural gas": {
        "text": "167,000 metric tonnes of CO2 (2020 est.)"
      }
    },
    "Energy consumption per capita": {
      "Total energy consumption per capita 2022": {
        "text": "2.686 million Btu/person (2022 est.)"
      }
    }
  },
  "Communications": {
    "Telephones - fixed lines": {
      "total subscriptions": {
        "text": "182,000 (2023 est.)"
      },
      "subscriptions per 100 inhabitants": {
        "text": "(2023 est.) less than 1"
      }
    },
    "Telephones - mobile cellular": {
      "total subscriptions": {
        "text": "23 million (2023 est.)"
      },
      "subscriptions per 100 inhabitants": {
        "text": "57 (2021 est.)"
      }
    },
    "Telecommunication systems": {
      "general assessment": {
        "text": "Afghanistan's telecom sector is facing challenges providing adequate coverage to all of the population; prior to the Taliban regaining power, the World Bank and other donors supported the development of a nationwide fiber backbone and there is terrestrial cable connectivity to five neighboring countries; work on the 'Wakhan Corridor Fiber Optic Survey Project' to connect to China has faced obstacles because of Afghanistan's economic issues. (2021)"
      },
      "domestic": {
        "text": "before the Taliban takeover in August 2021, less than 1 per 100 for fixed-line teledensity; 57 per 100 for mobile-cellular subscriptions (2021)"
      },
      "international": {
        "text": "country code - 93; multiple VSAT's&nbsp;provide international and domestic voice and data connectivity (2019)"
      }
    },
    "Broadcast media": {
      "text": "under the Taliban government, independent media outlets have decreased in number and are probably self-censoring criticism of the Taliban and the Ministry of Information and Culture monitors all mass media in Afghanistan; television and radio are key media platforms; only about a fifth of Afghans use the internet, mostly through smartphones (2023)"
    },
    "Internet country code": {
      "text": ".af"
    },
    "Internet users": {
      "percent of population": {
        "text": "18% (2020 est.)"
      }
    },
    "Broadband - fixed subscriptions": {
      "total": {
        "text": "33,000 (2023 est.)"
      },
      "subscriptions per 100 inhabitants": {
        "text": "(2023 est.) less than 1"
      }
    }
  },
  "Transportation": {
    "National air transport system": {
      "number of registered air carriers": {
        "text": "3 (2020)"
      },
      "inventory of registered aircraft operated by air carriers": {
        "text": "13"
      },
      "annual passenger traffic on registered air carriers": {
        "text": "1,722,612 (2018)"
      },
      "annual freight traffic on registered air carriers": {
        "text": "29.56 million (2018) mt-km"
      }
    },
    "Civil aircraft registration country code prefix": {
      "text": "YA"
    },
    "Airports": {
      "text": "67 (2024)"
    },
    "Heliports": {
      "text": "8 (2024)"
    },
    "Pipelines": {
      "text": "466 km gas (2013)"
    },
    "Roadways": {
      "total": {
        "text": "34,903 km"
      },
      "paved": {
        "text": "17,903 km"
      },
      "unpaved": {
        "text": "17,000 km (2021)"
      }
    },
    "Waterways": {
      "text": "1,200 km (2011) (chiefly Amu Darya, which handles vessels up to 500 DWT)"
    }
  },
  "Military and Security": {
    "Military and security forces": {
      "text": "the Taliban claims authority over a Ministry of Defense and a National Army (aka Army of the Islamic Emirate of Afghanistan, Islamic Emirate Army, or Afghan Army); it has also formed police forces under a Ministry of Interior (2024)"
    },
    "Military expenditures": {
      "Military Expenditures 2019": {
        "text": "3.3% of GDP (2019)"
      },
      "Military Expenditures 2018": {
        "text": "3.2% of GDP (2018)"
      },
      "Military Expenditures 2017": {
        "text": "3.3% of GDP (2017)"
      },
      "Military Expenditures 2016": {
        "text": "3.1% of GDP (2016)"
      },
      "Military Expenditures 2015": {
        "text": "2.9% of GDP (2015)"
      }
    },
    "Military and security service personnel strengths": {
      "text": "the Taliban claims that the defense forces have approximately 150,000 personnel; it also claims that over 50,000 personnel had been trained for the police forces (2024)"
    },
    "Military equipment inventories and acquisitions": {
      "text": "the Taliban military/security forces are armed with weapons and equipment captured in 2021 from the Afghan National Defense and Security Forces, which was largely equipped with Russian/Soviet-era and US material (2024)"
    },
    "Military service age and obligation": {
      "text": "service is voluntary; there is no conscription (2023)",
      "note": "<strong>note: </strong>the Taliban dismissed nearly all women from the former Afghan National Defense and Security Forces, except those serving in detention facilities and assisting with body searches"
    },
    "Military - note": {
      "text": "the Taliban&rsquo;s security focuses include border security, ISIS-Khorasan, and anti-Taliban resistance elements (2023)"
    }
  },
  "Terrorism": {
    "Terrorist group(s)": {
      "text": "Haqqani Taliban Network; Harakat ul-Mujahidin; Harakat ul-Jihad-i-Islami; Islamic Jihad Union; Islamic Movement of Uzbekistan; Islamic State of Iraq and ash-Sham-Khorasan Province (ISIS-K); Islamic Revolutionary Guard Corps (IRGC)/Qods Force; Jaish-e-Mohammed; Jaysh al Adl (Jundallah); Lashkar i Jhangvi; Lashkar-e Tayyiba; al-Qa’ida; al-Qa'ida in the Indian Subcontinent (AQIS); Tehrik-e-Taliban Pakistan (TTP)",
      "note": "<strong><strong>note 1:  </strong></strong>as of 2024, Afghanistan was assessed to be a place of global significance for terrorism, with approximately 20 designated and non-designated terrorist groups operating in the country<strong><strong><br></strong></strong><strong><br>note 2:</strong> details about the history, aims, leadership, organization, areas of operation, tactics, targets, weapons, size, and sources of support of the group(s) appear(s) in the Terrorism reference guide"
    }
  },
  "Transnational Issues": {
    "Refugees and internally displaced persons": {
      "refugees (country of origin)": {
        "text": "59,486 (Pakistan) (mid-year 2022)"
      },
      "IDPs": {
        "text": "4.394 million (mostly Pashtuns and Kuchis displaced in the south and west due to natural disasters and political instability) (2022)"
      }
    },
    "Trafficking in persons": {
      "tier rating": {
        "text": "Tier 3 — Afghanistan does not fully meet the minimum standards for the elimination of trafficking and is not making significant efforts to do so, therefore, Afghanistan remained on Tier 3; for more details, go to:  https://www.state.gov/reports/2024-trafficking-in-persons-report/afghanistan/"
      }
    },
    "Illicit drugs": {
      "text": "the world&rsquo;s largest supplier of opiates, but it is not a major supplier to the United States; 233,000 hectares (ha) of opium poppy cultivated in Afghanistan in 2022; opium from poppies used to produce morphine and heroin; also produces large quantities of methamphetamine, cannabis, and cannabis products such as hashish; one of the world&rsquo;s largest populations suffering from substance abuse; major source of precursor or essential chemicals used in the production of illicit narcotics. (2022)"
    }
  }
}