{
  "Introduction": {
    "Background": {
      "text": "<p>The native Amerindian population of Cuba began to decline after the arrival of Christopher COLUMBUS in 1492, as the country was developed as a Spanish colony during the next several centuries. Large numbers of African slaves were imported to work the coffee and sugar plantations, and Havana became the launching point for the annual treasure fleets bound for Spain from Mexico and Peru. Spanish rule eventually provoked an independence movement, and occasional rebellions were harshly suppressed. US intervention during the Spanish-American War in 1898 assisted the Cubans in overthrowing Spanish rule. The Treaty of Paris established Cuban independence from Spain in 1898, and after three-and-a-half years of subsequent US military rule, Cuba became an independent republic in 1902. <br><br>Cuba then experienced a string of governments mostly dominated by the military and corrupt politicians. Fidel CASTRO led a rebel army to victory in 1959; his authoritarian rule held the subsequent regime together for nearly five decades. He handed off the presidency to his younger brother Raul CASTRO in 2008. Cuba's communist revolution, with Soviet support, was exported throughout Latin America and Africa during the 1960s, 1970s, and 1980s. Miguel DIAZ-CANEL Bermudez, hand-picked by Raul CASTRO to succeed him, was approved as president by the National Assembly and took office in 2018. DIAZ-CANEL was appointed First Secretary of the Communist Party in 2021 after the retirement of Raul CASTRO and continues to serve as both president and first secretary.</p> <p>Cuba traditionally and consistently portrays the US embargo, in place since 1961, as the source of its socioeconomic difficulties. As a result of efforts begun in 2014 to reestablish diplomatic relations, the US and Cuba reopened embassies in their respective countries in 2015. The embargo remains in place, however, and the relationship between the US and Cuba remains tense. Illicit migration of Cuban nationals to the US via maritime and overland routes has been a longstanding challenge. In 2017, the US and Cuba signed a Joint Statement ending the so-called \"wet-foot, dry-foot\" policy, by which Cuban nationals who reached US soil were permitted to stay. Irregular Cuban maritime migration has dropped significantly since 2016, when migrant interdictions at sea topped 5,000, but land border crossings continue. </p>"
    }
  },
  "Geography": {
    "Location": {
      "text": "Caribbean, island between the Caribbean Sea and the North Atlantic Ocean, 150 km south of Key West, Florida"
    },
    "Geographic coordinates": {
      "text": "21 30 N, 80 00 W"
    },
    "Map references": {
      "text": "Central America and the Caribbean"
    },
    "Area": {
      "total ": {
        "text": "110,860 sq km"
      },
      "land": {
        "text": "109,820 sq km"
      },
      "water": {
        "text": "1,040 sq km"
      }
    },
    "Area - comparative": {
      "text": "slightly smaller than Pennsylvania"
    },
    "Land boundaries": {
      "total": {
        "text": "28.5 km"
      },
      "border countries": {
        "text": "US Naval Base at Guantanamo Bay 28.5 km"
      },
      "note": "<strong>note:</strong> Guantanamo Naval Base is leased by the US and remains part of Cuba"
    },
    "Coastline": {
      "text": "3,735 km"
    },
    "Maritime claims": {
      "territorial sea": {
        "text": "12 nm"
      },
      "contiguous zone": {
        "text": "24 nm"
      },
      "exclusive economic zone": {
        "text": "200 nm"
      }
    },
    "Climate": {
      "text": "tropical; moderated by trade winds; dry season (November to April); rainy season (May to October)"
    },
    "Terrain": {
      "text": "mostly flat to rolling plains, with rugged hills and mountains in the southeast"
    },
    "Elevation": {
      "highest point": {
        "text": "Pico Turquino 1,974 m"
      },
      "lowest point": {
        "text": "Caribbean Sea 0 m"
      },
      "mean elevation": {
        "text": "108 m"
      }
    },
    "Natural resources": {
      "text": "cobalt, nickel, iron ore, chromium, copper, salt, timber, silica, petroleum, arable land"
    },
    "Land use": {
      "agricultural land": {
        "text": "60.3% (2018 est.)"
      },
      "agricultural land: arable land": {
        "text": "arable land: 33.8% (2018 est.)"
      },
      "agricultural land: permanent crops": {
        "text": "permanent crops: 3.6% (2018 est.)"
      },
      "agricultural land: permanent pasture": {
        "text": "permanent pasture: 22.9% (2018 est.)"
      },
      "forest": {
        "text": "27.3% (2018 est.)"
      },
      "other": {
        "text": "12.4% (2018 est.)"
      }
    },
    "Irrigated land": {
      "text": "8,700 sq km (2012)"
    },
    "Population distribution": {
      "text": "large population clusters found throughout the country, the more significant ones being in the larger towns and cities, particularly the capital of Havana"
    },
    "Natural hazards": {
      "text": "the east coast is subject to hurricanes from August to November (in general, the country averages about one hurricane every other year); droughts are common"
    },
    "Geography - note": {
      "text": "largest country in Caribbean and westernmost island of the Greater Antilles"
    }
  },
  "People and Society": {
    "Population": {
      "total": {
        "text": "10,966,038"
      },
      "male": {
        "text": "5,441,507"
      },
      "female": {
        "text": "5,524,531 (2024 est.)"
      }
    },
    "Nationality": {
      "noun": {
        "text": "Cuban(s)"
      },
      "adjective": {
        "text": "Cuban"
      }
    },
    "Ethnic groups": {
      "text": "White 64.1%, Mulatto or mixed 26.6%, Black 9.3% (2012 est.)",
      "note": "<strong>note:</strong> data represent racial self-identification from Cuba's 2012 national census"
    },
    "Languages": {
      "Languages": {
        "text": "Spanish (official)"
      },
      "major-language sample(s)": {
        "text": "<br>La Libreta Informativa del Mundo, la fuente indispensable de información básica. (Spanish)<br><br>The World Factbook, the indispensable source for basic information."
      }
    },
    "Religions": {
      "text": "Christian 58.9%, folk religion 17.6%, Buddhist &lt;1%, Hindu &lt;1%, Jewish &lt;1%, Muslim &lt;1%, other &lt;1%, none 23.2% (2020 est.)",
      "note": "<strong>note:</strong> folk religions include religions of African origin, spiritualism, and others intermingled with Catholicism or Protestantism; data is estimative because no authoritative source on religious affiliation exists for Cuba"
    },
    "Age structure": {
      "0-14 years": {
        "text": "16.3% (male 918,066/female 866,578)"
      },
      "15-64 years": {
        "text": "66.5% (male 3,670,531/female 3,623,658)"
      },
      "65 years and over": {
        "text": "17.2% (2024 est.) (male 852,910/female 1,034,295)"
      }
    },
    "Dependency ratios": {
      "total dependency ratio": {
        "text": "45.9"
      },
      "youth dependency ratio": {
        "text": "23.1"
      },
      "elderly dependency ratio": {
        "text": "22.9"
      },
      "potential support ratio": {
        "text": "4.4 (2021 est.)"
      }
    },
    "Median age": {
      "total": {
        "text": "42.6 years (2024 est.)"
      },
      "male": {
        "text": "41 years"
      },
      "female": {
        "text": "44.4 years"
      }
    },
    "Population growth rate": {
      "text": "-0.17% (2024 est.)"
    },
    "Birth rate": {
      "text": "9.9 births/1,000 population (2024 est.)"
    },
    "Death rate": {
      "text": "9.5 deaths/1,000 population (2024 est.)"
    },
    "Net migration rate": {
      "text": "-2.1 migrant(s)/1,000 population (2024 est.)"
    },
    "Population distribution": {
      "text": "large population clusters found throughout the country, the more significant ones being in the larger towns and cities, particularly the capital of Havana"
    },
    "Urbanization": {
      "urban population": {
        "text": "77.5% of total population (2023)"
      },
      "rate of urbanization": {
        "text": "0.19% annual rate of change (2020-25 est.)"
      }
    },
    "Major urban areas - population": {
      "text": "2.149 million HAVANA (capital) (2023)"
    },
    "Sex ratio": {
      "at birth": {
        "text": "1.06 male(s)/female"
      },
      "0-14 years": {
        "text": "1.06 male(s)/female"
      },
      "15-64 years": {
        "text": "1.01 male(s)/female"
      },
      "65 years and over": {
        "text": "0.82 male(s)/female"
      },
      "total population": {
        "text": "0.99 male(s)/female (2024 est.)"
      }
    },
    "Maternal mortality ratio": {
      "text": "39 deaths/100,000 live births (2020 est.)"
    },
    "Infant mortality rate": {
      "total": {
        "text": "4 deaths/1,000 live births (2024 est.)"
      },
      "male": {
        "text": "4.5 deaths/1,000 live births"
      },
      "female": {
        "text": "3.5 deaths/1,000 live births"
      }
    },
    "Life expectancy at birth": {
      "total population": {
        "text": "80.1 years (2024 est.)"
      },
      "male": {
        "text": "77.8 years"
      },
      "female": {
        "text": "82.6 years"
      }
    },
    "Total fertility rate": {
      "text": "1.71 children born/woman (2024 est.)"
    },
    "Gross reproduction rate": {
      "text": "0.83 (2024 est.)"
    },
    "Contraceptive prevalence rate": {
      "text": "69% (2019)"
    },
    "Drinking water source": {
      "improved: urban": {
        "text": "urban: 98.9% of population"
      },
      "improved: rural": {
        "text": "rural: 97% of population"
      },
      "improved: total": {
        "text": "total: 98.5% of population"
      },
      "unimproved: urban": {
        "text": "urban: 1.1% of population"
      },
      "unimproved: rural": {
        "text": "rural: 3% of population"
      },
      "unimproved: total": {
        "text": "total: 1.5% of population (2020 est.)"
      }
    },
    "Current health expenditure": {
      "text": "12.5% of GDP (2020)"
    },
    "Physician density": {
      "text": "8.42 physicians/1,000 population (2018)"
    },
    "Hospital bed density": {
      "text": "5.3 beds/1,000 population (2017)"
    },
    "Sanitation facility access": {
      "improved: urban": {
        "text": "urban: 94.8% of population"
      },
      "improved: rural": {
        "text": "rural: 87% of population"
      },
      "improved: total": {
        "text": "total: 93% of population"
      },
      "unimproved: urban": {
        "text": "urban: 5.2% of population"
      },
      "unimproved: rural": {
        "text": "rural: 13% of population"
      },
      "unimproved: total": {
        "text": "total: 7% of population (2017 est.)"
      }
    },
    "Obesity - adult prevalence rate": {
      "text": "24.6% (2016)"
    },
    "Alcohol consumption per capita": {
      "total": {
        "text": "4.7 liters of pure alcohol (2019 est.)"
      },
      "beer": {
        "text": "1.77 liters of pure alcohol (2019 est.)"
      },
      "wine": {
        "text": "0.23 liters of pure alcohol (2019 est.)"
      },
      "spirits": {
        "text": "2.69 liters of pure alcohol (2019 est.)"
      },
      "other alcohols": {
        "text": "0.01 liters of pure alcohol (2019 est.)"
      }
    },
    "Tobacco use": {
      "total": {
        "text": "17.9% (2020 est.)"
      },
      "male": {
        "text": "25.5% (2020 est.)"
      },
      "female": {
        "text": "10.3% (2020 est.)"
      }
    },
    "Children under the age of 5 years underweight": {
      "text": "2.4% (2019)"
    },
    "Currently married women (ages 15-49)": {
      "text": "58% (2023 est.)"
    },
    "Child marriage": {
      "women married by age 15": {
        "text": "4.8%"
      },
      "women married by age 18": {
        "text": "29.4%"
      },
      "men married by age 18": {
        "text": "5.9% (2019 est.)"
      }
    },
    "Education expenditures": {
      "text": "NA"
    },
    "Literacy": {
      "definition": {
        "text": "age 15 and over can read and write"
      },
      "total population": {
        "text": "99.7%"
      },
      "male": {
        "text": "99.6%"
      },
      "female": {
        "text": "99.7% (2021)"
      }
    },
    "School life expectancy (primary to tertiary education)": {
      "total": {
        "text": "14 years"
      },
      "male": {
        "text": "13 years"
      },
      "female": {
        "text": "15 years (2021)"
      }
    },
    "People - note": {
      "text": "illicit emigration is a continuing problem; Cubans attempt to depart the island and enter the US using homemade rafts, alien smugglers, direct flights, or falsified visas; Cubans also use non-maritime routes to enter the US including direct flights to Miami and overland via the southwest border; the number of Cubans migrating to the US surged after the announcement of normalization of US-Cuban relations in late December 2014 but has decreased since the end of the so-called \"wet-foot, dry-foot\" policy on 12 January 2017"
    }
  },
  "Environment": {
    "Environment - current issues": {
      "text": "soil degradation and desertification (brought on by poor farming techniques and natural disasters) are the main environmental problems; biodiversity loss; deforestation; air and water pollution"
    },
    "Environment - international agreements": {
      "party to": {
        "text": "Antarctic Treaty, Biodiversity, Climate Change, Climate Change-Kyoto Protocol, Climate Change-Paris Agreement, Comprehensive Nuclear Test Ban, Desertification, Endangered Species, Environmental Modification, Hazardous Wastes, Law of the Sea, Marine Dumping-London Convention, Ozone Layer Protection, Ship Pollution, Wetlands"
      },
      "signed, but not ratified": {
        "text": "Marine Life Conservation"
      }
    },
    "Climate": {
      "text": "tropical; moderated by trade winds; dry season (November to April); rainy season (May to October)"
    },
    "Land use": {
      "agricultural land": {
        "text": "60.3% (2018 est.)"
      },
      "agricultural land: arable land": {
        "text": "arable land: 33.8% (2018 est.)"
      },
      "agricultural land: permanent crops": {
        "text": "permanent crops: 3.6% (2018 est.)"
      },
      "agricultural land: permanent pasture": {
        "text": "permanent pasture: 22.9% (2018 est.)"
      },
      "forest": {
        "text": "27.3% (2018 est.)"
      },
      "other": {
        "text": "12.4% (2018 est.)"
      }
    },
    "Urbanization": {
      "urban population": {
        "text": "77.5% of total population (2023)"
      },
      "rate of urbanization": {
        "text": "0.19% annual rate of change (2020-25 est.)"
      }
    },
    "Revenue from forest resources": {
      "text": "0.06% of GDP (2018 est.)"
    },
    "Revenue from coal": {
      "text": "0% of GDP (2018 est.)"
    },
    "Air pollutants": {
      "particulate matter emissions": {
        "text": "13.32 micrograms per cubic meter (2019 est.)"
      },
      "carbon dioxide emissions": {
        "text": "28.28 megatons (2016 est.)"
      },
      "methane emissions": {
        "text": "9.3 megatons (2020 est.)"
      }
    },
    "Waste and recycling": {
      "municipal solid waste generated annually": {
        "text": "2,692,692 tons (2007 est.)"
      },
      "municipal solid waste recycled annually": {
        "text": "255,536 tons (2015 est.)"
      },
      "percent of municipal solid waste recycled": {
        "text": "9.5% (2015 est.)"
      }
    },
    "Total water withdrawal": {
      "municipal": {
        "text": "1.7 billion cubic meters (2020 est.)"
      },
      "industrial": {
        "text": "740 million cubic meters (2020 est.)"
      },
      "agricultural": {
        "text": "4.52 billion cubic meters (2020 est.)"
      }
    },
    "Total renewable water resources": {
      "text": "38.12 billion cubic meters (2020 est.)"
    }
  },
  "Government": {
    "Country name": {
      "conventional long form": {
        "text": "Republic of Cuba"
      },
      "conventional short form": {
        "text": "Cuba"
      },
      "local long form": {
        "text": "Rep&uacute;blica de Cuba"
      },
      "local short form": {
        "text": "Cuba"
      },
      "etymology": {
        "text": "name derives from the Taino Indian designation for the island \"coabana\" meaning \"great place\""
      }
    },
    "Government type": {
      "text": "communist state"
    },
    "Capital": {
      "name": {
        "text": "Havana"
      },
      "geographic coordinates": {
        "text": "23 07 N, 82 21 W"
      },
      "time difference": {
        "text": "UTC-5 (same time as Washington, DC, during Standard Time)"
      },
      "daylight saving time": {
        "text": "+1hr, begins second Sunday in March; ends first Sunday in November; note - Cuba has been known to alter the schedule of DST on short notice in an attempt to conserve electricity for lighting"
      },
      "etymology": {
        "text": "the sites of Spanish colonial cities often retained their original Taino names; Habana, the Spanish name for the city, may be based on the name of a local Taino chief, HABAGUANEX"
      }
    },
    "Administrative divisions": {
      "text": "15 provinces (provincias, singular - provincia) and 1 special municipality* (municipio especial); Artemisa, Camaguey, Ciego de Avila, Cienfuegos, Granma, Guantanamo, Holguin, Isla de la Juventud*, La Habana (Havana), Las Tunas, Matanzas, Mayabeque, Pinar del Rio, Sancti Spiritus, Santiago de Cuba, Villa Clara"
    },
    "Independence": {
      "text": "20 May 1902 (from Spain 10 December 1898; administered by the US from 1898 to 1902); not acknowledged by the Cuban Government as a day of independence"
    },
    "National holiday": {
      "text": "Triumph of the Revolution (Liberation Day), 1 January (1959)"
    },
    "Legal system": {
      "text": "civil law system based on Spanish civil code"
    },
    "Constitution": {
      "history": {
        "text": "several previous; latest drafted 14 July 2018, approved by the National Assembly 22 December 2018, approved by referendum 24 February 2019"
      },
      "amendments": {
        "text": "proposed by the National Assembly of People&rsquo;s Power; passage requires approval of at least two-thirds majority of the National Assembly membership; amendments to constitutional articles on the authorities of the National Assembly, Council of State, or any rights and duties in the constitution also require approval in a referendum; constitutional articles on the Cuban political, social, and economic system cannot be amended"
      }
    },
    "International law organization participation": {
      "text": "has not submitted an ICJ jurisdiction declaration; non-party state to the ICCt"
    },
    "Citizenship": {
      "citizenship by birth": {
        "text": "yes"
      },
      "citizenship by descent only": {
        "text": "yes"
      },
      "dual citizenship recognized": {
        "text": "no"
      },
      "residency requirement for naturalization": {
        "text": "unknown"
      }
    },
    "Suffrage": {
      "text": "16 years of age; universal"
    },
    "Executive branch": {
      "chief of state": {
        "text": "President Miguel DIAZ-CANEL Bermudez (since 19 April 2018)"
      },
      "head of government": {
        "text": "Prime Minister Manuel MARRERO Cruz (since 21 December 2019)"
      },
      "cabinet": {
        "text": "Council of Ministers proposed by the president and appointed by the National Assembly"
      },
      "elections/appointments": {
        "text": "president and vice president indirectly elected by the National Assembly for a 5-year term (eligible for a second term); election last held on 19 April 2023 (next to be held in 2028)"
      },
      "election results": {
        "text": "<br><em>2023: </em>Miguel DIAZ-CANEL Bermudez (PCC) reelected president; percent of National Assembly vote - 97.7%; Salvador Antonio VALDES Mesa (PCC) reelected vice president; percent of National Assembly vote - 93.4%<em><br><br>2018: </em>Miguel DIAZ-CANEL Bermudez (PCC) elected president; percent of National Assembly vote - 98.8%; Salvador Antonio VALDES Mesa (PCC) elected vice president; percent of National Assembly vote - 98.1%"
      },
      "note": "<em>note</em> - on 19 April 2018, DIAZ-CANEL succeeded Raul CASTRO as president of the Councils of State and Ministers; on 10 October 2019 he was elected to the newly created position of President of the Republic, which replaced the position of President of the Councils of State and Ministers"
    },
    "Legislative branch": {
      "legislature name": {
        "text": "National Assembly of the People's Power (Asamblea nacional del Poder popular)"
      },
      "legislative structure": {
        "text": "unicameral"
      },
      "number of seats": {
        "text": "470 (all directly elected)"
      },
      "electoral system": {
        "text": "other systems"
      },
      "scope of elections": {
        "text": "full renewal"
      },
      "term in office": {
        "text": "5 years"
      },
      "most recent election date": {
        "text": "3/26/2023"
      },
      "percentage of women in chamber": {
        "text": "55.7%"
      },
      "expected date of next election": {
        "text": "March 2028"
      },
      "note": "<strong>note:</strong> the National Candidature Commission submits a slate of approved candidates; to be elected, candidates must receive more than 50% of valid votes, otherwise the seat remains vacant or the Council of State can declare another election"
    },
    "Judicial branch": {
      "highest court(s)": {
        "text": "People's Supreme Court (consists of court president, vice president, 41 professional justices, and NA lay judges); organization includes the State Council, criminal, civil, administrative, labor, crimes against the state, and military courts)"
      },
      "judge selection and term of office": {
        "text": "professional judges elected by the National Assembly are not subject to a specific term; lay judges nominated by workplace collectives and neighborhood associations and elected by municipal or provincial assemblies; lay judges appointed for 5-year terms and serve up to 30 days per year"
      },
      "subordinate courts": {
        "text": "People's Provincial Courts; People's Regional Courts; People's Courts"
      }
    },
    "Political parties": {
      "text": "Cuban Communist Party or PCC"
    },
    "International organization participation": {
      "text": "ACP, ACS, ALBA, AOSIS, CABEI, CELAC, EAEU (observer), FAO, G-77, IAEA, ICAO, ICC (national committees), ICRM, IFAD, IFRCS, IHO, ILO, IMO, IMSO, Interpol, IOC, IOM (observer), IPU, ISO, ITSO, ITU, LAES, LAIA, NAM, OAS (excluded from formal participation since 1962), OPANAL, OPCW, PCA, Petrocaribe, PIF (partner), UN, UNCTAD, UNESCO, UNHRC, UNIDO, Union Latina, UNOOSA, UNWTO, UPU, WCO, WFTU (NGOs), WHO, WIPO, WMO, WTO"
    },
    "Diplomatic representation in the US": {
      "chief of mission": {
        "text": "Ambassador (vacant); Charg&eacute; d'Affaires Lianys TORRES RIVERA (since 14 January 2021)"
      },
      "chancery": {
        "text": "2630 16th Street NW, Washington, DC 20009"
      },
      "telephone": {
        "text": "[1] (202) 797-8515"
      },
      "FAX": {
        "text": "[1] (202) 797-8521"
      },
      "email address and website": {
        "text": "<br>recepcion@usadc.embacuba.cu<br><br>https://misiones.cubaminrex.cu/en/usa/embassy-cuba-usa"
      }
    },
    "Diplomatic representation from the US": {
      "chief of mission": {
        "text": "Ambassador (vacant); Charg&eacute; d'Affaires Mike HAMMER (since 14 November 2024)"
      },
      "embassy": {
        "text": "Calzada between L &amp; M Streets, Vedado, Havana"
      },
      "mailing address": {
        "text": "3200 Havana Place, Washington DC&nbsp; 20521-3200"
      },
      "telephone": {
        "text": "[53] (7) 839-4100"
      },
      "FAX": {
        "text": "[53] (7) 839-4247"
      },
      "email address and website": {
        "text": "<br>acshavana@state.gov<br><br>https://cu.usembassy.gov/"
      }
    },
    "Flag description": {
      "text": "five equal horizontal bands of blue (top, center, and bottom) alternating with white; a red equilateral triangle based on the hoist side bears a white, five-pointed star in the center; the blue bands refer to the three old divisions of the island: central, occidental, and oriental; the white bands describe the purity of the independence ideal; the triangle symbolizes liberty, equality, and fraternity, while the red color stands for the blood shed in the independence struggle; the white star, called La Estrella Solitaria (the Lone Star) lights the way to freedom and was taken from the flag of Texas",
      "note": "<strong>note:</strong> design similar to the Puerto Rican flag, with the colors of the bands and triangle reversed"
    },
    "National symbol(s)": {
      "text": "royal palm; national colors: red, white, blue"
    },
    "National anthem": {
      "name": {
        "text": "\"La Bayamesa\" (The Bayamo Song)"
      },
      "lyrics/music": {
        "text": "Pedro FIGUEREDO"
      },
      "note": "<strong>note:</strong> adopted 1940; Pedro FIGUEREDO first performed \"La Bayamesa\" in 1868 during the Ten Years War against the Spanish; a leading figure in the uprising, FIGUEREDO was captured in 1870 and executed by a firing squad; just prior to the fusillade he is reputed to have shouted, \"Morir por la Patria es vivir\" (To die for the country is to live), a line from the anthem"
    },
    "National heritage": {
      "total World Heritage Sites": {
        "text": "9 (7 cultural, 2 natural)"
      },
      "selected World Heritage Site locales": {
        "text": "Old Havana (c); Trinidad and the Valley de los Ingenios (c); San Pedro de la Roca Castle (c); Desembarco del Granma National Park (n); Vi&ntilde;ales Valley (c); Archaeological Landscape of the First Coffee Plantations (c); Alejandro de Humboldt National Park (n); Historic Cienfuegos (c); Historic Camag&uuml;ey (c)"
      }
    }
  },
  "Economy": {
    "Economic overview": {
      "text": "still largely state-run planned economy, although privatization increasing under new constitution; widespread protests due to lack of basic necessities and electricity; massive foreign investment increases recently; known tobacco exporter; unique oil-for-doctors relationship with Venezuela; widespread corruption"
    },
    "Real GDP (purchasing power parity)": {
      "Real GDP (purchasing power parity) 2017": {
        "text": "$137 billion (2017 est.)"
      },
      "Real GDP (purchasing power parity) 2016": {
        "text": "$134.8 billion (2016 est.)"
      },
      "Real GDP (purchasing power parity) 2015": {
        "text": "$134.2 billion (2015 est.)"
      },
      "note": "<strong>note:</strong> data are in 2016 dollars"
    },
    "Real GDP growth rate": {
      "Real GDP growth rate 2023": {
        "text": "-1.93% (2023 est.)"
      },
      "Real GDP growth rate 2022": {
        "text": "1.77% (2022 est.)"
      },
      "Real GDP growth rate 2021": {
        "text": "1.25% (2021 est.)"
      },
      "note": "<b>note:</b> annual GDP % growth based on constant local currency"
    },
    "Real GDP per capita": {
      "Real GDP per capita 2016": {
        "text": "$12,300 (2016 est.)"
      },
      "Real GDP per capita 2015": {
        "text": "$12,200 (2015 est.)"
      },
      "Real GDP per capita 2014": {
        "text": "$12,100 (2014 est.)"
      },
      "note": "<strong>note:</strong> data are in 2016 US dollars"
    },
    "GDP (official exchange rate)": {
      "text": "$107.352 billion (2020 est.)",
      "note": "<b>note:</b> data in current dollars at official exchange rate"
    },
    "Inflation rate (consumer prices)": {
      "Inflation rate (consumer prices) 2017": {
        "text": "5.5% (2017 est.)"
      },
      "Inflation rate (consumer prices) 2016": {
        "text": "4.5% (2016 est.)"
      }
    },
    "Credit ratings": {
      "Moody's rating": {
        "text": "Caa2 (2014)"
      },
      "note": "<strong>note: </strong>The year refers to the year in which the current credit rating was first obtained."
    },
    "GDP - composition, by sector of origin": {
      "agriculture": {
        "text": "0.8% (2022 est.)"
      },
      "industry": {
        "text": "23.8% (2022 est.)"
      },
      "services": {
        "text": "74.6% (2022 est.)"
      },
      "note": "<b>note:</b> figures may not total 100% due to non-allocated consumption not captured in sector-reported data"
    },
    "GDP - composition, by end use": {
      "household consumption": {
        "text": "59.6% (2022 est.)"
      },
      "government consumption": {
        "text": "32.5% (2022 est.)"
      },
      "investment in fixed capital": {
        "text": "11.5% (2022 est.)"
      },
      "investment in inventories": {
        "text": "5.1% (2022 est.)"
      },
      "exports of goods and services": {
        "text": "40% (2022 est.)"
      },
      "imports of goods and services": {
        "text": "-48.8% (2022 est.)"
      },
      "note": "<b>note:</b> figures may not total 100% due to rounding or gaps in data collection"
    },
    "Agricultural products": {
      "text": "sugarcane, cassava, plantains, vegetables, mangoes/guavas, milk, pumpkins/squash, tomatoes, sweet potatoes, bananas (2022)",
      "note": "<b>note:</b> top ten agricultural products based on tonnage"
    },
    "Industries": {
      "text": "petroleum, nickel, cobalt, pharmaceuticals, tobacco, construction, steel, cement, agricultural machinery, sugar"
    },
    "Industrial production growth rate": {
      "text": "-1.56% (2023 est.)",
      "note": "<b>note:</b> annual % change in industrial value added based on constant local currency"
    },
    "Labor force": {
      "text": "5.238 million (2023 est.)",
      "note": "<b>note:</b> number of people ages 15 or older who are employed or seeking work"
    },
    "Unemployment rate": {
      "Unemployment rate 2023": {
        "text": "1.16% (2023 est.)"
      },
      "Unemployment rate 2022": {
        "text": "1.25% (2022 est.)"
      },
      "Unemployment rate 2021": {
        "text": "1.37% (2021 est.)"
      },
      "note": "<b>note:</b> % of labor force seeking employment"
    },
    "Youth unemployment rate (ages 15-24)": {
      "total": {
        "text": "3% (2023 est.)"
      },
      "male": {
        "text": "3.3% (2023 est.)"
      },
      "female": {
        "text": "2.5% (2023 est.)"
      },
      "note": "<b>note:</b> % of labor force ages 15-24 seeking employment"
    },
    "Budget": {
      "revenues": {
        "text": "$54.52 billion (2017 est.)"
      },
      "expenditures": {
        "text": "$64.64 billion (2017 est.)"
      }
    },
    "Public debt": {
      "Public debt 2017": {
        "text": "47.7% of GDP (2017 est.)"
      }
    },
    "Taxes and other revenues": {
      "text": "58.1% (of GDP) (2017 est.)"
    },
    "Current account balance": {
      "Current account balance 2017": {
        "text": "$985.4 million (2017 est.)"
      },
      "Current account balance 2016": {
        "text": "$2.008 billion (2016 est.)"
      }
    },
    "Exports": {
      "Exports 2020": {
        "text": "$8.769 billion (2020 est.)"
      },
      "Exports 2019": {
        "text": "$12.632 billion (2019 est.)"
      },
      "Exports 2018": {
        "text": "$14.53 billion (2018 est.)"
      },
      "note": "<strong>note: </strong>GDP expenditure basis - exports of goods and services in current dollars"
    },
    "Exports - partners": {
      "text": "China 40%, Spain 13%, Germany 5%, Portugal 4%, Switzerland 4% (2022)",
      "note": "<b>note:</b> top five export partners based on percentage share of exports"
    },
    "Exports - commodities": {
      "text": "tobacco, nickel, zinc ore, liquor, raw sugar (2022)",
      "note": "<b>note:</b> top five export commodities based on value in dollars"
    },
    "Imports": {
      "Imports 2020": {
        "text": "$8.067 billion (2020 est.)"
      },
      "Imports 2019": {
        "text": "$10.971 billion (2019 est.)"
      },
      "Imports 2018": {
        "text": "$12.567 billion (2018 est.)"
      },
      "note": "<strong>note: </strong>GDP expenditure basis - imports of goods and services in current dollars"
    },
    "Imports - partners": {
      "text": "Spain 23%, China 12%, US 10%, Brazil 8%, Netherlands 6% (2022)",
      "note": "<b>note:</b> top five import partners based on percentage share of imports"
    },
    "Imports - commodities": {
      "text": "poultry, wheat, milk, plastic products, soybean oil (2022)",
      "note": "<b>note:</b> top five import commodities based on value in dollars"
    },
    "Reserves of foreign exchange and gold": {
      "Reserves of foreign exchange and gold 31 December 2017": {
        "text": "$11.35 billion (31 December 2017 est.)"
      },
      "Reserves of foreign exchange and gold 31 December 2016": {
        "text": "$12.3 billion (31 December 2016 est.)"
      }
    },
    "Exchange rates": {
      "Currency": {
        "text": "Cuban pesos (CUP) per US dollar -"
      },
      "Exchange rates 2023": {
        "text": "24 (2023 est.)"
      },
      "Exchange rates 2022": {
        "text": "24 (2022 est.)"
      },
      "Exchange rates 2021": {
        "text": "24 (2021 est.)"
      },
      "Exchange rates 2020": {
        "text": "1 (2020 est.)"
      },
      "Exchange rates 2019": {
        "text": "1 (2019 est.)"
      },
      "note": "<strong>note:</strong> official exchange rate of 24 Cuban pesos per US dollar effective 1 January 2021"
    }
  },
  "Energy": {
    "Electricity access": {
      "electrification - total population": {
        "text": "100% (2022 est.)"
      }
    },
    "Electricity": {
      "installed generating capacity": {
        "text": "7.667 million kW (2022 est.)"
      },
      "consumption": {
        "text": "14.559 billion kWh (2022 est.)"
      },
      "transmission/distribution losses": {
        "text": "3.688 billion kWh (2022 est.)"
      }
    },
    "Electricity generation sources": {
      "fossil fuels": {
        "text": "95.4% of total installed capacity (2022 est.)"
      },
      "solar": {
        "text": "1.5% of total installed capacity (2022 est.)"
      },
      "wind": {
        "text": "0.1% of total installed capacity (2022 est.)"
      },
      "hydroelectricity": {
        "text": "0.7% of total installed capacity (2022 est.)"
      },
      "biomass and waste": {
        "text": "2.4% of total installed capacity (2022 est.)"
      }
    },
    "Coal": {
      "consumption": {
        "text": "2,000 metric tons (2022 est.)"
      },
      "imports": {
        "text": "4,000 metric tons (2022 est.)"
      }
    },
    "Petroleum": {
      "total petroleum production": {
        "text": "34,000 bbl/day (2023 est.)"
      },
      "refined petroleum consumption": {
        "text": "165,000 bbl/day (2022 est.)"
      },
      "crude oil estimated reserves": {
        "text": "124 million barrels (2021 est.)"
      }
    },
    "Natural gas": {
      "production": {
        "text": "659.434 million cubic meters (2022 est.)"
      },
      "consumption": {
        "text": "659.434 million cubic meters (2022 est.)"
      },
      "proven reserves": {
        "text": "70.792 billion cubic meters (2021 est.)"
      }
    },
    "Carbon dioxide emissions": {
      "total emissions": {
        "text": "21.693 million metric tonnes of CO2 (2022 est.)"
      },
      "from coal and metallurgical coke": {
        "text": "7,000 metric tonnes of CO2 (2022 est.)"
      },
      "from petroleum and other liquids": {
        "text": "20.46 million metric tonnes of CO2 (2022 est.)"
      },
      "from consumed natural gas": {
        "text": "1.226 million metric tonnes of CO2 (2022 est.)"
      }
    },
    "Energy consumption per capita": {
      "Total energy consumption per capita 2022": {
        "text": "32.255 million Btu/person (2022 est.)"
      }
    }
  },
  "Communications": {
    "Telephones - fixed lines": {
      "total subscriptions": {
        "text": "1.589 million (2023 est.)"
      },
      "subscriptions per 100 inhabitants": {
        "text": "14 (2023 est.)"
      }
    },
    "Telephones - mobile cellular": {
      "total subscriptions": {
        "text": "7.67 million (2023 est.)"
      },
      "subscriptions per 100 inhabitants": {
        "text": "68 (2022 est.)"
      }
    },
    "Telecommunication systems": {
      "general assessment": {
        "text": "internet availability has increased substantially over the past few years, only about 70 percent of Cubans have Internet access; 69 percent (7.6 million) have acces to cell phone service, 68 percent have internet access through their cell phone; in 2021 the Cuban Government passed a decree that strengthened its authority to censor Internet and telephonic communications; state control of the telecom sector hinders development; Cuba has the lowest mobile phone and Internet subscription rates in the region; fixed-line density is also very low; thaw of US-Cuba relations encouraged access to services, such as Wi-Fi hot spots; access to websites and mobile applications is controlled and censored; DSL and Internet are available in Havana, though costs are too high for most Cubans and access can be turned off by the government; international investment and agreement to improve internet access through cost-free and direct connection between networks (2021)"
      },
      "domestic": {
        "text": "fixed-line density remains low at a little over 14 per 100 inhabitants; mobile-cellular service has expanded to about 63 per 100 persons (2021)"
      },
      "international": {
        "text": "country code - 53; the ALBA-1, GTMO-1, and GTMO-PR fiber-optic submarine cables link Cuba, Jamaica, and Venezuela; satellite earth station - 1 Intersputnik (Atlantic Ocean region) (2019)"
      }
    },
    "Broadcast media": {
      "text": "government owns and controls all broadcast media: eight national TV channels (Cubavision, Cubavision Plus, Tele Rebelde, Multivision, Educational Channel 1 and 2, Canal Clave, Canal Habana), two international channels (Cubavision Internacional and Canal Caribe), multiple regional TV stations, 7 national radio networks, and multiple regional stations; the Cuban Government beams over the Radio-TV Marti signal; although private ownership of electronic media is prohibited, several online independent news sites exist; those that are not openly critical of the government are often tolerated; the others are blocked by the government; there are no independent TV channels, but several outlets have created strong audiovisual content (El Toque, for example); a community of young Youtubers is also growing, mostly with channels about sports, technology and fashion; Christian denominations are creating original video content to distribute via social media (2023)"
    },
    "Internet country code": {
      "text": ".cu"
    },
    "Internet users": {
      "percent of population": {
        "text": "73% (2022 est.)"
      },
      "note": "<strong>note:</strong> private citizens are prohibited from buying computers or accessing the Internet without special authorization; foreigners may access the Internet in large hotels but are subject to firewalls; some Cubans buy illegal passwords on the black market or take advantage of public outlets to access limited email and the government-controlled \"intranet\"; issues relating to COVID-19 impact research into internet adoption, so actual internet user figures may be different than published numbers suggest"
    },
    "Broadband - fixed subscriptions": {
      "total": {
        "text": "327,000 (2023 est.)"
      },
      "subscriptions per 100 inhabitants": {
        "text": "3 (2023 est.)"
      }
    }
  },
  "Transportation": {
    "National air transport system": {
      "number of registered air carriers": {
        "text": "4 (2020)"
      },
      "inventory of registered aircraft operated by air carriers": {
        "text": "18"
      },
      "annual passenger traffic on registered air carriers": {
        "text": "560,754 (2018)"
      },
      "annual freight traffic on registered air carriers": {
        "text": "17.76 million (2018) mt-km"
      }
    },
    "Civil aircraft registration country code prefix": {
      "text": "CU"
    },
    "Airports": {
      "text": "123 (2024)"
    },
    "Heliports": {
      "text": "4 (2024)"
    },
    "Pipelines": {
      "text": "41 km gas, 230 km oil (2013)"
    },
    "Railways": {
      "total": {
        "text": "8,367 km (2017)"
      },
      "standard gauge": {
        "text": "8,195 km (2017) 1.435-m gauge (124 km electrified)"
      },
      "narrow gauge": {
        "text": "172 km (2017) 1.000-m gauge"
      },
      "note": "<strong>note: </strong>As of 2013, 70 km of standard gauge and 12 km of narrow gauge track were not for public use"
    },
    "Roadways": {
      "total": {
        "text": "60,000 km (2015)"
      },
      "paved": {
        "text": "20,000 km (2001)"
      },
      "unpaved": {
        "text": "40,000 km (2001)"
      }
    },
    "Waterways": {
      "text": "240 km (2011) (almost all navigable inland waterways are near the mouths of rivers)"
    },
    "Merchant marine": {
      "total": {
        "text": "65 (2023)"
      },
      "by type": {
        "text": "general cargo 13, oil tanker 10, other 42"
      }
    },
    "Ports": {
      "total ports": {
        "text": "34 (2024)"
      },
      "large": {
        "text": "6"
      },
      "medium": {
        "text": "3"
      },
      "small": {
        "text": "10"
      },
      "very small": {
        "text": "6"
      },
      "size unknown": {
        "text": "9"
      },
      "ports with oil terminals": {
        "text": "14"
      },
      "key ports": {
        "text": "Antilla, Bahai de la Habana, Bahia de Sagua de Tanamo, Cabanas, Casilda, Cienfuegos, Nuevitas Bay, Puerto Guantanamo, Santiago de Cuba"
      }
    }
  },
  "Military and Security": {
    "Military and security forces": {
      "text": "Revolutionary Armed Forces (Fuerzas Armadas Revolucionarias, FAR): Revolutionary Army (Ejercito Revolucionario, ER), Revolutionary Navy (Marina de Guerra Revolucionaria, MGR, includes Marine Corps), Revolutionary Air and Air Defense Forces (Defensas Anti-Aereas y Fuerza Aerea Revolucionaria, DAAFAR); Paramilitary forces: Youth Labor Army (Ejercito Juvenil del Trabajo, EJT), Territorial Militia Troops (Milicia de Tropas de Territoriales, MTT), Civil Defense Force<br><br>Ministry of Interior: Border Guards, State Security, National Revolutionary Police (2023)"
    },
    "Military expenditures": {
      "Military Expenditures 2020": {
        "text": "4.2% of GDP (2020 est.)"
      },
      "Military Expenditures 2019": {
        "text": "3.2% of GDP (2019 est.)"
      },
      "Military Expenditures 2018": {
        "text": "2.9% of GDP (2018 est.)"
      },
      "Military Expenditures 2017": {
        "text": "2.9% of GDP (2017 est.)"
      },
      "Military Expenditures 2016": {
        "text": "3.1% of GDP (2016 est.)"
      }
    },
    "Military and security service personnel strengths": {
      "text": "limited available information; estimated 50,000 active personnel (2024)"
    },
    "Military equipment inventories and acquisitions": {
      "text": "the military's inventory is comprised of Russian and Soviet-era equipment (2024)"
    },
    "Military service age and obligation": {
      "text": "17-28 years of age for compulsory (men) and voluntary (men and women) military service; conscripts serve for 24 months (2024)"
    },
    "Military - note": {
      "text": "the Revolutionary Armed Forces (FAR) are a central pillar of the Cuban regime and viewed as the guardian of the Cuban revolution; the FAR has a large role in the country’s politics and economy; many senior government posts are held by military officers, and a FAR-controlled umbrella enterprise known as the Armed Forces Business Group (Grupo de Administración Empresarial or GAESA) has interests in banking and finance, construction, import/export, ports, real estate, retail, shipping, transportation, and tourism<br><br>the FAR is largely focused on protecting territorial integrity and the state, and perceives the US as its primary threat; the fall of the Soviet Union in 1991 and the subsequent end of Soviet military aid had far-reaching consequences for the FAR, transforming it from one of the largest and most capable militaries in the region, as well as one that was heavily involved in foreign missions during the Cold War, particularly in Africa, into a much smaller, home-based and defensive force with limited capabilities and armed with Soviet-era weapons and equipment (2023)"
    }
  },
  "Transnational Issues": {
    "Trafficking in persons": {
      "tier rating": {
        "text": "Tier 3 — Cuba does not fully meet the minimum standards for the elimination of trafficking and is not making significant efforts to do so, therefore, Cuba remained on Tier 3; for more details, go to:  https://www.state.gov/reports/2024-trafficking-in-persons-report/cuba/"
      }
    },
    "Illicit drugs": {
      "text": "<p>Cuba is not a major consumer, producer, or transshipment point for illicit drugs; domestic production and consumption curbed by aggressive policing; prescription drug abuse remains low</p> <p> </p>"
    }
  }
}