{
  "Introduction": {
    "Background": {
      "text": "<p>In 1783, the Sunni AL-KHALIFA family took power in Bahrain. In order to secure these holdings, it entered into a series of treaties with the UK during the 19th century that made Bahrain a British protectorate. The archipelago attained its independence in 1971. A steady decline in oil production and reserves since 1970 prompted Bahrain to take steps to diversify its economy, in the process developing petroleum processing and refining, aluminum production, and hospitality and retail sectors. It has also endeavored to become a leading regional banking center, especially with respect to Islamic finance. Bahrain's small size, central location among Gulf countries, economic dependence on Saudi Arabia, and proximity to Iran require it to play a delicate balancing act in foreign affairs among its larger neighbors. Its foreign policy activities usually fall in line with Saudi Arabia and the UAE. In 2022, the United States designated Bahrain as a major non-NATO ally.</p> <p>The Sunni royal family has long struggled to manage relations with its Shia-majority population. In 2011, amid Arab uprisings elsewhere in the region, the Bahraini Government responded to similar pro-democracy and reform protests at home with police and military action, including deploying Gulf Cooperation Council security forces. Ongoing dissatisfaction with the political status quo continues to factor into sporadic clashes between demonstrators and security forces. In 2020, Bahrain and the United Arab Emirates signed the US-brokered Abraham Accords with Israel. In 2023, Bahrain and the United States signed the Comprehensive Security Integration and Prosperity Agreement to enhance cooperation across a wide range of areas, from defense and security to emerging technology, trade, and investment.</p> <p> </p> <p> </p>"
    }
  },
  "Geography": {
    "Location": {
      "text": "Middle East, archipelago in the Persian Gulf, east of Saudi Arabia"
    },
    "Geographic coordinates": {
      "text": "26 00 N, 50 33 E"
    },
    "Map references": {
      "text": "Middle East"
    },
    "Area": {
      "total ": {
        "text": "760 sq km"
      },
      "land": {
        "text": "760 sq km"
      },
      "water": {
        "text": "0 sq km"
      }
    },
    "Area - comparative": {
      "text": "3.5 times the size of Washington, DC"
    },
    "Land boundaries": {
      "total": {
        "text": "0 km"
      }
    },
    "Coastline": {
      "text": "161 km"
    },
    "Maritime claims": {
      "territorial sea": {
        "text": "12 nm"
      },
      "contiguous zone": {
        "text": "24 nm"
      },
      "continental shelf": {
        "text": "extending to boundaries to be determined"
      }
    },
    "Climate": {
      "text": "arid; mild, pleasant winters; very hot, humid summers"
    },
    "Terrain": {
      "text": "mostly low desert plain rising gently to low central escarpment"
    },
    "Elevation": {
      "highest point": {
        "text": "Jabal ad Dukhan 135 m"
      },
      "lowest point": {
        "text": "Persian Gulf 0 m"
      }
    },
    "Natural resources": {
      "text": "oil, associated and nonassociated natural gas, fish, pearls"
    },
    "Land use": {
      "agricultural land": {
        "text": "11.3% (2018 est.)"
      },
      "agricultural land: arable land": {
        "text": "arable land: 2.1% (2018 est.)"
      },
      "agricultural land: permanent crops": {
        "text": "permanent crops: 3.9% (2018 est.)"
      },
      "agricultural land: permanent pasture": {
        "text": "permanent pasture: 5.3% (2018 est.)"
      },
      "forest": {
        "text": "0.7% (2018 est.)"
      },
      "other": {
        "text": "88% (2018 est.)"
      }
    },
    "Irrigated land": {
      "text": "40 sq km (2012)"
    },
    "Major aquifers": {
      "text": "Arabian Aquifer System"
    },
    "Population distribution": {
      "text": "smallest population of the Gulf States, but urbanization rate exceeds 90%; largest settlement concentration is found on the far northern end of the island in and around Manamah and Al Muharraq"
    },
    "Natural hazards": {
      "text": "periodic droughts; dust storms"
    },
    "Geography - note": {
      "text": "close to primary Middle Eastern petroleum sources; strategic location in Persian Gulf, through which much of the Western world's petroleum must transit to reach open ocean"
    }
  },
  "People and Society": {
    "Population": {
      "total": {
        "text": "1,566,888"
      },
      "male": {
        "text": "940,022"
      },
      "female": {
        "text": "626,866 (2024 est.)"
      }
    },
    "Nationality": {
      "noun": {
        "text": "Bahraini(s)"
      },
      "adjective": {
        "text": "Bahraini"
      }
    },
    "Ethnic groups": {
      "text": "Bahraini 47.4%, Asian 43.4%, other Arab 4.9%, African 1.4%, North American 1.1%, Gulf Co-operative countries 0.9%, European 0.8%, other 0.1% (2020 est.)"
    },
    "Languages": {
      "Languages": {
        "text": "Arabic (official), English, Farsi, Urdu"
      },
      "major-language sample(s)": {
        "text": "<br>كتاب حقائق العالم، المصدر الذي لا يمكن الاستغناء عنه للمعلومات الأساسية (Arabic)<br><br>The World Factbook, the indispensable source for basic information."
      }
    },
    "Religions": {
      "text": "Muslim 74.2%, other (includes Christian, Jewish, Hindu, Baha'i) 25.8% (2020 est.)"
    },
    "Age structure": {
      "0-14 years": {
        "text": "18.1% (male 143,399/female 139,667)"
      },
      "15-64 years": {
        "text": "77.7% (male 762,190/female 454,616)"
      },
      "65 years and over": {
        "text": "4.3% (2024 est.) (male 34,433/female 32,583)"
      }
    },
    "Dependency ratios": {
      "total dependency ratio": {
        "text": "31.3"
      },
      "youth dependency ratio": {
        "text": "26.8"
      },
      "elderly dependency ratio": {
        "text": "4.6"
      },
      "potential support ratio": {
        "text": "21.8 (2021 est.)"
      }
    },
    "Median age": {
      "total": {
        "text": "33.4 years (2024 est.)"
      },
      "male": {
        "text": "34.6 years"
      },
      "female": {
        "text": "31.2 years"
      }
    },
    "Population growth rate": {
      "text": "0.82% (2024 est.)"
    },
    "Birth rate": {
      "text": "12.2 births/1,000 population (2024 est.)"
    },
    "Death rate": {
      "text": "2.8 deaths/1,000 population (2024 est.)"
    },
    "Net migration rate": {
      "text": "-1.2 migrant(s)/1,000 population (2024 est.)"
    },
    "Population distribution": {
      "text": "smallest population of the Gulf States, but urbanization rate exceeds 90%; largest settlement concentration is found on the far northern end of the island in and around Manamah and Al Muharraq"
    },
    "Urbanization": {
      "urban population": {
        "text": "89.9% of total population (2023)"
      },
      "rate of urbanization": {
        "text": "1.99% annual rate of change (2020-25 est.)"
      }
    },
    "Major urban areas - population": {
      "text": "709,000 MANAMA (capital) (2023)"
    },
    "Sex ratio": {
      "at birth": {
        "text": "1.03 male(s)/female"
      },
      "0-14 years": {
        "text": "1.03 male(s)/female"
      },
      "15-64 years": {
        "text": "1.68 male(s)/female"
      },
      "65 years and over": {
        "text": "1.06 male(s)/female"
      },
      "total population": {
        "text": "1.5 male(s)/female (2024 est.)"
      }
    },
    "Maternal mortality ratio": {
      "text": "16 deaths/100,000 live births (2020 est.)"
    },
    "Infant mortality rate": {
      "total": {
        "text": "9.7 deaths/1,000 live births (2024 est.)"
      },
      "male": {
        "text": "11.3 deaths/1,000 live births"
      },
      "female": {
        "text": "8 deaths/1,000 live births"
      }
    },
    "Life expectancy at birth": {
      "total population": {
        "text": "80.4 years (2024 est.)"
      },
      "male": {
        "text": "78.1 years"
      },
      "female": {
        "text": "82.7 years"
      }
    },
    "Total fertility rate": {
      "text": "1.65 children born/woman (2024 est.)"
    },
    "Gross reproduction rate": {
      "text": "0.81 (2024 est.)"
    },
    "Contraceptive prevalence rate": {
      "text": "NA"
    },
    "Drinking water source": {
      "improved: urban": {
        "text": "urban: NA"
      },
      "improved: rural": {
        "text": "rural: NA"
      },
      "improved: total": {
        "text": "total: 100% of population"
      },
      "unimproved: urban": {
        "text": "urban: NA"
      },
      "unimproved: rural": {
        "text": "rural: NA"
      },
      "unimproved: total": {
        "text": "total: 0% of population (2020 est.)"
      }
    },
    "Current health expenditure": {
      "text": "4.2% of GDP (2020)"
    },
    "Physician density": {
      "text": "0.93 physicians/1,000 population (2015)"
    },
    "Hospital bed density": {
      "text": "1.7 beds/1,000 population (2017)"
    },
    "Sanitation facility access": {
      "improved: urban": {
        "text": "urban: NA"
      },
      "improved: rural": {
        "text": "rural: NA"
      },
      "improved: total": {
        "text": "total: 100% of population"
      },
      "unimproved: urban": {
        "text": "urban: NA"
      },
      "unimproved: rural": {
        "text": "rural: NA"
      },
      "unimproved: total": {
        "text": "total: 0% of population (2020 est.)"
      }
    },
    "Obesity - adult prevalence rate": {
      "text": "29.8% (2016)"
    },
    "Alcohol consumption per capita": {
      "total": {
        "text": "1.18 liters of pure alcohol (2019 est.)"
      },
      "beer": {
        "text": "0.4 liters of pure alcohol (2019 est.)"
      },
      "wine": {
        "text": "0.11 liters of pure alcohol (2019 est.)"
      },
      "spirits": {
        "text": "0.66 liters of pure alcohol (2019 est.)"
      },
      "other alcohols": {
        "text": "0.01 liters of pure alcohol (2019 est.)"
      }
    },
    "Tobacco use": {
      "total": {
        "text": "14.9% (2020 est.)"
      },
      "male": {
        "text": "25.3% (2020 est.)"
      },
      "female": {
        "text": "4.5% (2020 est.)"
      }
    },
    "Children under the age of 5 years underweight": {
      "text": "NA"
    },
    "Currently married women (ages 15-49)": {
      "text": "43.8% (2023 est.)"
    },
    "Education expenditures": {
      "text": "2.2% of GDP (2020 est.)"
    },
    "Literacy": {
      "definition": {
        "text": "age 15 and over can read and write"
      },
      "total population": {
        "text": "97.5%"
      },
      "male": {
        "text": "99.9%"
      },
      "female": {
        "text": "94.9% (2018)"
      }
    },
    "School life expectancy (primary to tertiary education)": {
      "total": {
        "text": "16 years"
      },
      "male": {
        "text": "16 years"
      },
      "female": {
        "text": "17 years (2019)"
      }
    }
  },
  "Environment": {
    "Environment - current issues": {
      "text": "desertification resulting from the degradation of limited arable land, periods of drought, and dust storms; coastal degradation (damage to coastlines, coral reefs, and sea vegetation) resulting from oil spills and other discharges from large tankers, oil refineries, and distribution stations; lack of freshwater resources (groundwater and seawater are the only sources for all water needs); lowered water table leaves aquifers vulnerable to saline contamination; desalinization provides some 90% of the country's freshwater"
    },
    "Environment - international agreements": {
      "party to": {
        "text": "Biodiversity, Climate Change, Climate Change-Kyoto Protocol, Climate Change-Paris Agreement, Comprehensive Nuclear Test Ban, Desertification, Endangered Species, Hazardous Wastes, Law of the Sea, Ozone Layer Protection, Ship Pollution, Wetlands"
      },
      "signed, but not ratified": {
        "text": "none of the selected agreements"
      }
    },
    "Climate": {
      "text": "arid; mild, pleasant winters; very hot, humid summers"
    },
    "Land use": {
      "agricultural land": {
        "text": "11.3% (2018 est.)"
      },
      "agricultural land: arable land": {
        "text": "arable land: 2.1% (2018 est.)"
      },
      "agricultural land: permanent crops": {
        "text": "permanent crops: 3.9% (2018 est.)"
      },
      "agricultural land: permanent pasture": {
        "text": "permanent pasture: 5.3% (2018 est.)"
      },
      "forest": {
        "text": "0.7% (2018 est.)"
      },
      "other": {
        "text": "88% (2018 est.)"
      }
    },
    "Urbanization": {
      "urban population": {
        "text": "89.9% of total population (2023)"
      },
      "rate of urbanization": {
        "text": "1.99% annual rate of change (2020-25 est.)"
      }
    },
    "Revenue from forest resources": {
      "text": "0% of GDP (2018 est.)"
    },
    "Revenue from coal": {
      "text": "0% of GDP (2018 est.)"
    },
    "Air pollutants": {
      "particulate matter emissions": {
        "text": "51.82 micrograms per cubic meter (2019 est.)"
      },
      "carbon dioxide emissions": {
        "text": "31.69 megatons (2016 est.)"
      },
      "methane emissions": {
        "text": "15.47 megatons (2020 est.)"
      }
    },
    "Waste and recycling": {
      "municipal solid waste generated annually": {
        "text": "951,943 tons (2016 est.)"
      },
      "municipal solid waste recycled annually": {
        "text": "76,155 tons (2012 est.)"
      },
      "percent of municipal solid waste recycled": {
        "text": "8% (2012 est.)"
      }
    },
    "Major aquifers": {
      "text": "Arabian Aquifer System"
    },
    "Total water withdrawal": {
      "municipal": {
        "text": "280 million cubic meters (2020 est.)"
      },
      "industrial": {
        "text": "10 million cubic meters (2020 est.)"
      },
      "agricultural": {
        "text": "140 million cubic meters (2020 est.)"
      }
    },
    "Total renewable water resources": {
      "text": "120 million cubic meters (2020 est.)"
    }
  },
  "Government": {
    "Country name": {
      "conventional long form": {
        "text": "Kingdom of Bahrain"
      },
      "conventional short form": {
        "text": "Bahrain"
      },
      "local long form": {
        "text": "Mamlakat al Bahrayn"
      },
      "local short form": {
        "text": "Al Bahrayn"
      },
      "former": {
        "text": "Dilmun, Tylos, Awal, Mishmahig, Bahrayn, State of Bahrain"
      },
      "etymology": {
        "text": "the name means \"the two seas\" in Arabic and refers to the water bodies surrounding the archipelago"
      }
    },
    "Government type": {
      "text": "constitutional monarchy"
    },
    "Capital": {
      "name": {
        "text": "Manama"
      },
      "geographic coordinates": {
        "text": "26 14 N, 50 34 E"
      },
      "time difference": {
        "text": "UTC+3 (8 hours ahead of Washington, DC, during Standard Time)"
      },
      "etymology": {
        "text": "name derives from the Arabic \"al-manama\" meaning \"place of rest\" or \"place of dreams\""
      }
    },
    "Administrative divisions": {
      "text": "4 governorates (muhafazat, singular - muhafazah); Asimah (Capital), Janubiyah (Southern), Muharraq, Shamaliyah (Northern)",
      "note": "<strong>note:</strong> each governorate administered by an appointed governor"
    },
    "Independence": {
      "text": "15 August 1971 (from the UK)"
    },
    "National holiday": {
      "text": "National Day, 16 December (1971); note - 15 August 1971 was the date of independence from the UK, 16 December 1971 was the date of independence from British protection"
    },
    "Legal system": {
      "text": "mixed legal system of Islamic (sharia) law, English common law, Egyptian civil, criminal, and commercial codes; customary law"
    },
    "Constitution": {
      "history": {
        "text": "previous 1973; latest adopted 14 February 2002, entry into force 14 February 2002"
      },
      "amendments": {
        "text": "proposed by the king or by at least 15 members of either chamber of the National Assembly followed by submission to an Assembly committee for review and, if approved, submitted to the government for restatement as drafts; passage requires a two-thirds majority vote by the membership of both chambers and validation by the king; constitutional articles on the state religion (Islam), state language (Arabic), and the monarchy and \"inherited rule\" cannot be amended; amended 2012, 2017"
      }
    },
    "International law organization participation": {
      "text": "has not submitted an ICJ jurisdiction declaration; non-party state to the ICCt"
    },
    "Citizenship": {
      "citizenship by birth": {
        "text": "no"
      },
      "citizenship by descent only": {
        "text": "the father must be a citizen of Bahrain"
      },
      "dual citizenship recognized": {
        "text": "no"
      },
      "residency requirement for naturalization": {
        "text": "25 years; 15 years for Arab nationals"
      }
    },
    "Suffrage": {
      "text": "20 years of age; universal"
    },
    "Executive branch": {
      "chief of state": {
        "text": "King HAMAD bin Isa Al-Khalifa (since 6 March 1999)"
      },
      "head of government": {
        "text": "Prime Minister Crown Prince SALMAN bin Hamad Al-Khalifa (since 11 November 2020)"
      },
      "cabinet": {
        "text": "Cabinet appointed by the monarch"
      },
      "elections/appointments": {
        "text": "the monarchy is hereditary; prime minister appointed by the monarch"
      }
    },
    "Legislative branch": {
      "legislature name": {
        "text": "National Assembly (Al-Majlis Al-Watani)"
      },
      "legislative structure": {
        "text": "bicameral"
      }
    },
    "Legislative branch - lower chamber": {
      "chamber name": {
        "text": "Council of Representatives (Majlis Al-Nuwab)"
      },
      "number of seats": {
        "text": "40 (all directly elected)"
      },
      "electoral system": {
        "text": "plurality/majority"
      },
      "scope of elections": {
        "text": "full renewal"
      },
      "term in office": {
        "text": "4 years"
      },
      "most recent election date": {
        "text": "11/12/2022 to 11/19/2022"
      },
      "percentage of women in chamber": {
        "text": "20%"
      },
      "expected date of next election": {
        "text": "November 2026"
      }
    },
    "Legislative branch - upper chamber": {
      "chamber name": {
        "text": "Shura Council (Majlis Al-Shura)"
      },
      "number of seats": {
        "text": "40 (all appointed)"
      },
      "scope of elections": {
        "text": "full renewal"
      },
      "term in office": {
        "text": "4 years"
      },
      "most recent election date": {
        "text": "11/27/2022"
      },
      "percentage of women in chamber": {
        "text": "25%"
      },
      "expected date of next election": {
        "text": "November 2026"
      }
    },
    "Judicial branch": {
      "highest court(s)": {
        "text": "Court of Cassation (consists of the chairman and 3 judges); Supreme Court of Appeal (consists of the chairman and 3 judges); Constitutional Court (consists of the president and 6 members); High Sharia Court of Appeal (court sittings include the president and at least one judge)"
      },
      "judge selection and term of office": {
        "text": "Court of Cassation judges appointed by royal decree and serve for a specified tenure; Constitutional Court president and members appointed by the Higher Judicial Council, a body chaired by the monarch and includes judges from the Court of Cassation, sharia law courts, and Civil High Courts of Appeal; members serve 9-year terms; High Sharia Court of Appeal member appointments by royal decree&nbsp;for a specified tenure"
      },
      "subordinate courts": {
        "text": "Civil High Courts of Appeal; middle and lower civil courts; High Sharia Court of Appeal; Senior Sharia Court; Administrative Courts of Appeal; military courts"
      },
      "note": "<strong>note:</strong> the judiciary of Bahrain is divided into civil law courts and sharia law courts; sharia courts (involving personal status and family law) are further divided into Sunni Muslim and Shia Muslim; the Courts are supervised by the Supreme Judicial Council."
    },
    "Political parties": {
      "text": "<p><strong>note:</strong>  political parties are prohibited, but political societies were legalized under a July 2005 law</p>"
    },
    "International organization participation": {
      "text": "ABEDA, AFESD, AMF, CAEU, CICA, FAO, G-77, GCC, IAEA, IBRD, ICAO, ICC (national committees), ICRM, IDA, IDB, IFC, IFRCS, IHO, ILO, IMF, IMO, IMSO, Interpol, IOC, IOM (observer), IPU, ISO, ITSO, ITU, ITUC (NGOs), LAS, MIGA, NAM, OAPEC, OIC, OPCW, PCA, UN, UNCTAD, UNESCO, UNIDO, UNOOSA, UNWTO, UPU, WCO, WFTU (NGOs), WHO, WIPO, WMO, WTO"
    },
    "Diplomatic representation in the US": {
      "chief of mission": {
        "text": "Ambassador Abdulla bin Rashed AL KHALIFA (since 21 July 2017)"
      },
      "chancery": {
        "text": "3502 International Drive NW, Washington, DC 20008"
      },
      "telephone": {
        "text": "[1] (202) 342-1111"
      },
      "FAX": {
        "text": "[1] (202) 362-2192"
      },
      "email address and website": {
        "text": "<br>ambsecretary@bahrainembassy.org<br><br>https://www.mofa.gov.bh/Default.aspx?language=en-US&amp;tabid=7702"
      },
      "consulate(s) general": {
        "text": "New York"
      }
    },
    "Diplomatic representation from the US": {
      "chief of mission": {
        "text": "Ambassador Steven C. BONDY (since 9 February 2022)"
      },
      "embassy": {
        "text": "Building 979, Road 3119, Block 331, Zinj District, P.O. Box 26431, Manama"
      },
      "mailing address": {
        "text": "6210 Manama Place, Washington DC&nbsp; 20521-6210"
      },
      "telephone": {
        "text": "[973] 17-242700"
      },
      "FAX": {
        "text": "[973] 17-272594"
      },
      "email address and website": {
        "text": "<br>ManamaConsular@state.gov<br><br>https://bh.usembassy.gov/"
      }
    },
    "Flag description": {
      "text": "red, the traditional color for flags of Persian Gulf states, with a white serrated band (five white points) on the hoist side; the five points represent the five pillars of Islam",
      "note": "<strong>note:</strong> until 2002, the flag had eight white points, but this was reduced to five to avoid confusion with the Qatari flag"
    },
    "National symbol(s)": {
      "text": "a red field surmounted by a white serrated band with five white points; national colors: red, white"
    },
    "National anthem": {
      "name": {
        "text": "\"Bahrainona\" (Our Bahrain)"
      },
      "lyrics/music": {
        "text": "unknown"
      },
      "note": "<strong>note:</strong> adopted 1971; although Mohamed Sudqi AYYASH wrote the original lyrics, they were changed in 2002 following the transformation of Bahrain from an emirate to a kingdom"
    },
    "National heritage": {
      "total World Heritage Sites": {
        "text": "3 (all cultural)"
      },
      "selected World Heritage Site locales": {
        "text": "Dilmun Burial Mounds; Qal'at al-Bahrain – Ancient Harbor and Capital of Dilmun; Bahrain Pearling Path"
      }
    }
  },
  "Economy": {
    "Economic overview": {
      "text": "<p>high-income, growing Middle Eastern island economy; oil and aluminum exporter with diversification led by services, construction and manufacturing; regional finance and tourism hub; high public debt linked to oil revenue dependence and limited tax base; vulnerable to water reservoir depletion</p>"
    },
    "Real GDP (purchasing power parity)": {
      "Real GDP (purchasing power parity) 2023": {
        "text": "$90.228 billion (2023 est.)"
      },
      "Real GDP (purchasing power parity) 2022": {
        "text": "$87.617 billion (2022 est.)"
      },
      "Real GDP (purchasing power parity) 2021": {
        "text": "$82.672 billion (2021 est.)"
      },
      "note": "<b>note:</b> data in 2021 dollars"
    },
    "Real GDP growth rate": {
      "Real GDP growth rate 2023": {
        "text": "2.98% (2023 est.)"
      },
      "Real GDP growth rate 2022": {
        "text": "5.98% (2022 est.)"
      },
      "Real GDP growth rate 2021": {
        "text": "2.59% (2021 est.)"
      },
      "note": "<b>note:</b> annual GDP % growth based on constant local currency"
    },
    "Real GDP per capita": {
      "Real GDP per capita 2023": {
        "text": "$57,200 (2023 est.)"
      },
      "Real GDP per capita 2022": {
        "text": "$57,500 (2022 est.)"
      },
      "Real GDP per capita 2021": {
        "text": "$55,000 (2021 est.)"
      },
      "note": "<b>note:</b> data in 2021 dollars"
    },
    "GDP (official exchange rate)": {
      "text": "$46.08 billion (2023 est.)",
      "note": "<b>note:</b> data in current dollars at official exchange rate"
    },
    "Inflation rate (consumer prices)": {
      "Inflation rate (consumer prices) 2023": {
        "text": "0.07% (2023 est.)"
      },
      "Inflation rate (consumer prices) 2022": {
        "text": "3.63% (2022 est.)"
      },
      "Inflation rate (consumer prices) 2021": {
        "text": "-0.61% (2021 est.)"
      },
      "note": "<b>note:</b> annual % change based on consumer prices"
    },
    "Credit ratings": {
      "Fitch rating": {
        "text": "B+ (2020)"
      },
      "Moody's rating": {
        "text": "B2 (2018)"
      },
      "Standard & Poors rating": {
        "text": "B+ (2017)"
      },
      "note": "<strong>note: </strong>The year refers to the year in which the current credit rating was first obtained."
    },
    "GDP - composition, by sector of origin": {
      "agriculture": {
        "text": "0.3% (2023 est.)"
      },
      "industry": {
        "text": "44% (2023 est.)"
      },
      "services": {
        "text": "51.8% (2023 est.)"
      },
      "note": "<b>note:</b> figures may not total 100% due to non-allocated consumption not captured in sector-reported data"
    },
    "GDP - composition, by end use": {
      "household consumption": {
        "text": "39.1% (2023 est.)"
      },
      "government consumption": {
        "text": "14.6% (2023 est.)"
      },
      "investment in fixed capital": {
        "text": "27.6% (2023 est.)"
      },
      "investment in inventories": {
        "text": "1.4% (2023 est.)"
      },
      "exports of goods and services": {
        "text": "87.6% (2023 est.)"
      },
      "imports of goods and services": {
        "text": "-70.3% (2023 est.)"
      },
      "note": "<b>note:</b> figures may not total 100% due to rounding or gaps in data collection"
    },
    "Agricultural products": {
      "text": "lamb/mutton, dates, milk, chicken, tomatoes, fruits, sheep offal, eggs, sheepskins, cucumbers/gherkins (2022)",
      "note": "<b>note:</b> top ten agricultural products based on tonnage"
    },
    "Industries": {
      "text": "petroleum processing and refining, aluminum smelting, iron pelletization, fertilizers, Islamic and offshore banking, insurance, ship repairing, tourism"
    },
    "Industrial production growth rate": {
      "text": "-0.35% (2023 est.)",
      "note": "<b>note:</b> annual % change in industrial value added based on constant local currency"
    },
    "Labor force": {
      "text": "918,000 (2023 est.)",
      "note": "<b>note:</b> number of people ages 15 or older who are employed or seeking work"
    },
    "Unemployment rate": {
      "Unemployment rate 2023": {
        "text": "1.16% (2023 est.)"
      },
      "Unemployment rate 2022": {
        "text": "1.33% (2022 est.)"
      },
      "Unemployment rate 2021": {
        "text": "1.55% (2021 est.)"
      },
      "note": "<b>note:</b> % of labor force seeking employment"
    },
    "Youth unemployment rate (ages 15-24)": {
      "total": {
        "text": "5.8% (2023 est.)"
      },
      "male": {
        "text": "2.9% (2023 est.)"
      },
      "female": {
        "text": "12.5% (2023 est.)"
      },
      "note": "<b>note:</b> % of labor force ages 15-24 seeking employment"
    },
    "Average household expenditures": {
      "on food": {
        "text": "13.6% of household expenditures (2023 est.)"
      },
      "on alcohol and tobacco": {
        "text": "0.4% of household expenditures (2023 est.)"
      }
    },
    "Remittances": {
      "Remittances 2023": {
        "text": "0% of GDP (2023 est.)"
      },
      "Remittances 2022": {
        "text": "0% of GDP (2022 est.)"
      },
      "Remittances 2021": {
        "text": "0% of GDP (2021 est.)"
      }
    },
    "Budget": {
      "revenues": {
        "text": "$5.538 billion (2020 est.)"
      },
      "expenditures": {
        "text": "$9.357 billion (2020 est.)"
      },
      "note": "<b>note:</b> central government revenues and expenses (excluding grants/extrabudgetary units/social security funds) converted to US dollars at average official exchange rate for year indicated"
    },
    "Public debt": {
      "Public debt 2020": {
        "text": "111.6% of GDP (2020 est.)"
      }
    },
    "Taxes and other revenues": {
      "text": "2.82% (of GDP) (2020 est.)"
    },
    "Current account balance": {
      "Current account balance 2023": {
        "text": "$2.699 billion (2023 est.)"
      },
      "Current account balance 2022": {
        "text": "$6.839 billion (2022 est.)"
      },
      "Current account balance 2021": {
        "text": "$2.602 billion (2021 est.)"
      },
      "note": "<b>note:</b> balance of payments - net trade and primary/secondary income in current dollars"
    },
    "Exports": {
      "Exports 2023": {
        "text": "$40.344 billion (2023 est.)"
      },
      "Exports 2022": {
        "text": "$44.58 billion (2022 est.)"
      },
      "Exports 2021": {
        "text": "$35.653 billion (2021 est.)"
      },
      "note": "<b>note:</b> balance of payments - exports of goods and services in current dollars"
    },
    "Exports - partners": {
      "text": "Saudi Arabia 15%, UAE 10%, US 9%, Japan 5%, India 4% (2022)",
      "note": "<b>note:</b> top five export partners based on percentage share of exports"
    },
    "Exports - commodities": {
      "text": "aluminum, refined petroleum, iron ore, aluminum wire, iron blocks (2022)",
      "note": "<b>note:</b> top five export commodities based on value in dollars"
    },
    "Imports": {
      "Imports 2023": {
        "text": "$32.374 billion (2023 est.)"
      },
      "Imports 2022": {
        "text": "$33.066 billion (2022 est.)"
      },
      "Imports 2021": {
        "text": "$27.996 billion (2021 est.)"
      },
      "note": "<b>note:</b> balance of payments - imports of goods and services in current dollars"
    },
    "Imports - partners": {
      "text": "China 15%, UAE 12%, Brazil 9%, Australia 8%, India 7% (2022)",
      "note": "<b>note:</b> top five import partners based on percentage share of imports"
    },
    "Imports - commodities": {
      "text": "iron ore, aluminum oxide, cars, gold, ships (2022)",
      "note": "<b>note:</b> top five import commodities based on value in dollars"
    },
    "Reserves of foreign exchange and gold": {
      "Reserves of foreign exchange and gold 2023": {
        "text": "$5.118 billion (2023 est.)"
      },
      "Reserves of foreign exchange and gold 2022": {
        "text": "$4.775 billion (2022 est.)"
      },
      "Reserves of foreign exchange and gold 2021": {
        "text": "$4.993 billion (2021 est.)"
      },
      "note": "<b>note:</b> holdings of gold (year-end prices)/foreign exchange/special drawing rights in current dollars"
    },
    "Exchange rates": {
      "Currency": {
        "text": "Bahraini dinars (BHD) per US dollar -"
      },
      "Exchange rates 2023": {
        "text": "0.376 (2023 est.)"
      },
      "Exchange rates 2022": {
        "text": "0.376 (2022 est.)"
      },
      "Exchange rates 2021": {
        "text": "0.376 (2021 est.)"
      },
      "Exchange rates 2020": {
        "text": "0.376 (2020 est.)"
      },
      "Exchange rates 2019": {
        "text": "0.376 (2019 est.)"
      }
    }
  },
  "Energy": {
    "Electricity access": {
      "electrification - total population": {
        "text": "100% (2022 est.)"
      }
    },
    "Electricity": {
      "installed generating capacity": {
        "text": "6.983 million kW (2022 est.)"
      },
      "consumption": {
        "text": "34.515 billion kWh (2022 est.)"
      },
      "exports": {
        "text": "447.711 million kWh (2022 est.)"
      },
      "imports": {
        "text": "484.596 million kWh (2022 est.)"
      },
      "transmission/distribution losses": {
        "text": "1.063 billion kWh (2022 est.)"
      }
    },
    "Electricity generation sources": {
      "fossil fuels": {
        "text": "100% of total installed capacity (2022 est.)"
      }
    },
    "Coal": {
      "exports": {
        "text": "2,000 metric tons (2022 est.)"
      },
      "imports": {
        "text": "94.7 metric tons (2022 est.)"
      }
    },
    "Petroleum": {
      "total petroleum production": {
        "text": "189,000 bbl/day (2023 est.)"
      },
      "refined petroleum consumption": {
        "text": "72,000 bbl/day (2022 est.)"
      },
      "crude oil estimated reserves": {
        "text": "186.5 million barrels (2021 est.)"
      }
    },
    "Natural gas": {
      "production": {
        "text": "18.005 billion cubic meters (2022 est.)"
      },
      "consumption": {
        "text": "17.924 billion cubic meters (2022 est.)"
      },
      "imports": {
        "text": "81.98 million cubic meters (2020 est.)"
      },
      "proven reserves": {
        "text": "81.383 billion cubic meters (2021 est.)"
      }
    },
    "Carbon dioxide emissions": {
      "total emissions": {
        "text": "43.343 million metric tonnes of CO2 (2022 est.)"
      },
      "from petroleum and other liquids": {
        "text": "8.185 million metric tonnes of CO2 (2022 est.)"
      },
      "from consumed natural gas": {
        "text": "35.163 million metric tonnes of CO2 (2022 est.)"
      }
    },
    "Energy consumption per capita": {
      "Total energy consumption per capita 2022": {
        "text": "514.32 million Btu/person (2022 est.)"
      }
    }
  },
  "Communications": {
    "Telephones - fixed lines": {
      "total subscriptions": {
        "text": "246,000 (2023 est.)"
      },
      "subscriptions per 100 inhabitants": {
        "text": "16 (2023 est.)"
      }
    },
    "Telephones - mobile cellular": {
      "total subscriptions": {
        "text": "2.42 million (2023 est.)"
      },
      "subscriptions per 100 inhabitants": {
        "text": "145 (2022 est.)"
      }
    },
    "Telecommunication systems": {
      "general assessment": {
        "text": "Bahrain continues to develop its telecoms sector in a bid to develop its long-term Economic Vision 2030 strategy; this is a multi-faceted strategy aimed at developing a digital transformation across numerous sectors, including e-government, e-health, e-commerce, and e-banking; 5G services have become widely available since they were launched in 2020; Bahrain&rsquo;s telecom sector by the Fourth National Telecommunications Plan (initiated in 2016) which focuses on fiber optic infrastructure deployment and establishing affordable prices for high-speed access (2022)"
      },
      "domestic": {
        "text": "approximately 18 per 100 fixed-line and 131 per 100 mobile-cellular; modern fiber-optic integrated services; digital network with rapidly expanding mobile-cellular telephones (2021)"
      },
      "international": {
        "text": "country code - 973; Bahrain’s Telecommunications Regulatory Authority (TRA) has made part of the C-band spectrum available for 5G private networks, in line with the goals outlined in its Workplan for the 2022-23 period (2023)"
      }
    },
    "Broadcast media": {
      "text": "state-run Bahrain Radio and Television Corporation (BRTC) operates 6 terrestrial TV networks and several radio stations; satellite TV systems provide access to international broadcasts; 1 private FM station directs broadcasts to Indian listeners; radio and TV broadcasts from countries in the region are available (2023)"
    },
    "Internet country code": {
      "text": ".bh"
    },
    "Internet users": {
      "percent of population": {
        "text": "100% (2023 est.)"
      }
    },
    "Broadband - fixed subscriptions": {
      "total": {
        "text": "268,000 (2023 est.)"
      },
      "subscriptions per 100 inhabitants": {
        "text": "17 (2023 est.)"
      }
    }
  },
  "Transportation": {
    "National air transport system": {
      "number of registered air carriers": {
        "text": "6 (2020)"
      },
      "inventory of registered aircraft operated by air carriers": {
        "text": "42"
      },
      "annual passenger traffic on registered air carriers": {
        "text": "5,877,003 (2018)"
      },
      "annual freight traffic on registered air carriers": {
        "text": "420.98 million (2018) mt-km"
      }
    },
    "Civil aircraft registration country code prefix": {
      "text": "A9C"
    },
    "Airports": {
      "text": "3 (2024)"
    },
    "Heliports": {
      "text": "8 (2024)"
    },
    "Pipelines": {
      "text": "20 km gas, 54 km oil (2013)"
    },
    "Roadways": {
      "total": {
        "text": "4,122 km"
      },
      "paved": {
        "text": "3,392 km"
      },
      "unpaved": {
        "text": "730 km (2010)"
      }
    },
    "Merchant marine": {
      "total": {
        "text": "184 (2023)"
      },
      "by type": {
        "text": "general cargo 12, oil tanker 3, other 169"
      }
    },
    "Ports": {
      "total ports": {
        "text": "4 (2024)"
      },
      "large": {
        "text": "0"
      },
      "medium": {
        "text": "3"
      },
      "small": {
        "text": "1"
      },
      "very small": {
        "text": "0"
      },
      "ports with oil terminals": {
        "text": "1"
      },
      "key ports": {
        "text": "Al Manamah, Khalifa Bin Salman, Mina Salman, Sitrah"
      }
    }
  },
  "Military and Security": {
    "Military and security forces": {
      "text": "Bahrain Defense Force (BDF): Royal Bahraini Army (includes the Royal Guard), Royal Bahraini Navy, Royal Bahraini Air Force<br><br>Ministry of Interior: National Guard, Special Security Forces Command (SSFC), Coast Guard<br> (2024)",
      "note": "<strong>note 1:</strong> the Royal Guard is officially under the command of the Army, but exercises considerable autonomy <br><br><strong>note 2:</strong> the Ministry of Interior is responsible for internal security and oversees police and specialized security units responsible for maintaining internal order; the National Guard's primary mission is to guard critical infrastructure such as the airport and oil fields and is a back-up to the police; the Guard is under the Ministry of Interior but reports directly to the king"
    },
    "Military expenditures": {
      "Military Expenditures 2023": {
        "text": "3.1% of GDP (2023 est.)"
      },
      "Military Expenditures 2022": {
        "text": "3.2% of GDP (2022 est.)"
      },
      "Military Expenditures 2021": {
        "text": "3.6% of GDP (2021 est.)"
      },
      "Military Expenditures 2020": {
        "text": "4.2% of GDP (2020 est.)"
      },
      "Military Expenditures 2019": {
        "text": "4% of GDP (2019 est.)"
      }
    },
    "Military and security service personnel strengths": {
      "text": "information varies; approximately 10,000 active personnel (7,500 Army; 1,000 Navy; 1,500 Air Force); approximately 3,000 National Guard (2024)"
    },
    "Military equipment inventories and acquisitions": {
      "text": "the military's inventory consists of a mix of equipment acquired from a wide variety of suppliers; in recent years, the US has been the leading supplier of arms to Bahrain (2024)"
    },
    "Military service age and obligation": {
      "text": "18 years of age for voluntary military service; 18-55 to voluntarily join the reserves; no compulsory service (2024)"
    },
    "Military - note": {
      "text": "<p>the BDF is a small, but well-equipped military focused on territorial defense and support to internal security; its primary concern is Iran, both the conventional military threat and Tehran's support to regional terrorist groups; the BDF participates in multinational exercises and has conducted small deployments outside of the country; in 2015, for example, Bahrain joined the Saudi Arabia-led military intervention in Yemen, supplying a few hundred troops and combat aircraft</p> Bahrain’s closest security partners are the US and Saudi Arabia; it hosts the US Naval Forces Central Command (USNAVCENT; established 1983), which includes the US 5th Fleet, several subordinate naval task forces, and the Combined Maritime Forces (established 2002), a coalition of more than 30 nations providing maritime security for regional shipping lanes; in 2003, the US granted Bahrain Major Non-NATO Ally status, a designation under US law that provides foreign partners with certain benefits in the areas of defense trade and security cooperation; Bahraini leaders have said that the security of Bahrain and Saudi Arabia are “indivisible”; Saudi Arabia sent forces to Bahrain to assist with internal security following the 2011 uprising; Bahrain also has close security ties to other Gulf Cooperation Council  countries, particularly Kuwait and the United Arab Emirates, as well as the UK (2024)"
    }
  },
  "Space": {
    "Space agency/agencies": {
      "text": "Bahrain National Space Science Agency (NSSA; established 2014) (2024)"
    },
    "Space program overview": {
      "text": "space program in nascent stages and is focused on developing the capabilities to build and operate satellites; the NSSA’s mission includes promoting space science, technology, and research, building capacity in the fields of satellite manufacturing, tracking, control, data processing and analysis, and remote sensing, developing space-related programs and space policy, and facilitating international cooperation; cooperates with a variety of foreign agencies and commercial entities, including those of India, Italy, Japan, Saudi Arabia, the UK, the UAE, and the US; also a member of the Arab Space Coordination Group, established by the UAE in 2019 (2024)",
      "note": "<strong>note:</strong> further details about the key activities, programs, and milestones of the country’s space program, as well as government spending estimates on the space sector, appear in the Space Programs reference guide"
    }
  },
  "Terrorism": {
    "Terrorist group(s)": {
      "text": "al-Ashtar Brigades; Islamic Revolutionary Guard Corps/Qods Force",
      "note": "<strong>note 1:</strong> details about the history, aims, leadership, organization, areas of operation, tactics, targets, weapons, size, and sources of support of the group(s) appear(s) in the Terrorism reference guide <br><br><strong>note 2: </strong>in addition to the al-Ashtar Brigades and the IRGC/Qods Force, Saraya al-Mukhtar (aka The Mukhtar Brigade) is an Iran-backed terrorist organization based in Bahrain, reportedly receiving financial and logistic support from the IRGC; Saraya al-Mukhtar's self-described goal is to depose the Bahraini Government with the intention of paving the way for Iran to exert greater influence in Bahrain; the group was designated by the US as a Specially Designated Global Terrorist in Dec 2020"
    }
  },
  "Transnational Issues": {
  }
}