{
  "Introduction": {
    "Background": {
      "text": "In the early 1800s, multiple political entities in what is now Botswana were destabilized or destroyed by a series of conflicts and population movements in southern Africa. By the end of this period, the Tswana ethnic group, who also live across the border in South Africa, had become the most prominent group in the area. In 1852, Tswana forces halted the expansion of white Afrikaner settlers who were seeking to expand their territory northwards into what is now Botswana. In 1885, Great Britain claimed territory that roughly corresponds with modern day Botswana as a protectorate called Bechuanaland. Upon independence in 1966, the British protectorate of Bechuanaland adopted the new name of Botswana, which means \"land of the Tswana.\" <br><br>More than five decades of uninterrupted civilian leadership, progressive social policies, and significant capital investment have created an enduring democracy and upper-middle-income economy. The ruling Botswana Democratic Party has won every national election since independence; President Mokgweetsi Eric Keabetswe MASISI assumed the presidency in 2018 after the retirement of former President Ian KHAMA due to constitutional term limits. MASISI won his first election as president in 2019, and he is Botswana’s fifth president since independence. Mineral extraction, principally diamond mining, dominates economic activity, though tourism is a growing sector due to the country's conservation practices and extensive nature preserves. Botswana has one of the world's highest rates of HIV/AIDS infection but also one of Africa's most progressive and comprehensive programs for dealing with the disease. <p> </p> <p> </p>"
    }
  },
  "Geography": {
    "Location": {
      "text": "Southern Africa, north of South Africa"
    },
    "Geographic coordinates": {
      "text": "22 00 S, 24 00 E"
    },
    "Map references": {
      "text": "Africa"
    },
    "Area": {
      "total ": {
        "text": "581,730 sq km"
      },
      "land": {
        "text": "566,730 sq km"
      },
      "water": {
        "text": "15,000 sq km"
      }
    },
    "Area - comparative": {
      "text": "slightly smaller than Texas; almost four times the size of Illinois"
    },
    "Land boundaries": {
      "total": {
        "text": "4,347.15 km"
      },
      "border countries": {
        "text": "Namibia 1,544 km; South Africa 1,969 km; Zambia 0.15 km; Zimbabwe 834 km"
      }
    },
    "Coastline": {
      "text": "0 km (landlocked)"
    },
    "Maritime claims": {
      "text": "none (landlocked)"
    },
    "Climate": {
      "text": "semiarid; warm winters and hot summers"
    },
    "Terrain": {
      "text": "predominantly flat to gently rolling tableland; Kalahari Desert in southwest"
    },
    "Elevation": {
      "highest point": {
        "text": "Manyelanong Hill 1,495 m"
      },
      "lowest point": {
        "text": "junction of the Limpopo and Shashe Rivers 513 m"
      },
      "mean elevation": {
        "text": "1,013 m"
      }
    },
    "Natural resources": {
      "text": "diamonds, copper, nickel, salt, soda ash, potash, coal, iron ore, silver"
    },
    "Land use": {
      "agricultural land": {
        "text": "45.8% (2018 est.)"
      },
      "agricultural land: arable land": {
        "text": "arable land: 0.6% (2018 est.)"
      },
      "agricultural land: permanent crops": {
        "text": "permanent crops: 0% (2018 est.)"
      },
      "agricultural land: permanent pasture": {
        "text": "permanent pasture: 45.2% (2018 est.)"
      },
      "forest": {
        "text": "19.8% (2018 est.)"
      },
      "other": {
        "text": "34.4% (2018 est.)"
      }
    },
    "Irrigated land": {
      "text": "25 sq km (2014)"
    },
    "Major rivers (by length in km)": {
      "text": "<p>Zambezi (shared with Zambia [s]), Angola, Namibia, Zimbabwe, and Mozambique [m]) - 2,740 km; Limpopo (shared with South Africa [s], Zimbabwe, and Mozambique [m]) - 1,800 km; Okavango river mouth (shared with Angola [s], and Namibia) - 1,600 km<br><strong>note</strong> – [s] after country name indicates river source; [m] after country name indicates river mouth</p>"
    },
    "Major watersheds (area sq km)": {
      "text": "Atlantic Ocean drainage: Orange (941,351 sq km)<br>Indian Ocean drainage: Zambezi (1,332,412 sq km)<br>Internal <em>(endorheic basin) </em>drainage: Okavango Basin (863,866 sq km)"
    },
    "Major aquifers": {
      "text": "Lower Kalahari-Stampriet Basin, Upper Kalahari-Cuvelai-Upper Zambezi Basin"
    },
    "Population distribution": {
      "text": "the population is primarily concentrated in the east with a focus in and around the captial of Gaborone, and the far central-eastern city of Francistown; population density remains low in other areas in the country, especially in the Kalahari to the west as shown in this population distribution map"
    },
    "Natural hazards": {
      "text": "periodic droughts; seasonal August winds blow from the west, carrying sand and dust across the country, which can obscure visibility"
    },
    "Geography - note": {
      "text": "landlocked; sparsely populated with most settlement concentrated in the southern and eastern parts of the country; geography dominated by the Kalahari Desert, which covers about 70% of the country, although the Okavango Delta brings considerable biodiversity as one of the largest inland deltas in the World&nbsp;"
    }
  },
  "People and Society": {
    "Population": {
      "total": {
        "text": "2,450,668"
      },
      "male": {
        "text": "1,174,306"
      },
      "female": {
        "text": "1,276,362 (2024 est.)"
      }
    },
    "Nationality": {
      "noun": {
        "text": "Motswana (singular), Batswana (plural)"
      },
      "adjective": {
        "text": "Motswana (singular), Batswana (plural)"
      }
    },
    "Ethnic groups": {
      "text": "Tswana (or Setswana) 79%, Kalanga 11%, Basarwa 3%, other, including Kgalagadi and people of European ancestry 7%"
    },
    "Languages": {
      "text": "Setswana 77.3%, Sekalanga 7.4%, Shekgalagadi 3.4%, English (official) 2.8%, Zezuru/Shona 2%, Sesarwa 1.7%, Sembukushu 1.6%, Ndebele 1%, other 2.8% (2011 est.)"
    },
    "Religions": {
      "text": "Christian 79.1%, Badimo 4.1%, other 1.4% (includes Baha'i, Hindu, Muslim, Rastafarian), none 15.2%, unspecified 0.3% (2011 est.)"
    },
    "Demographic profile": {
      "text": "<p>Botswana has experienced one of the most rapid declines in fertility in Sub-Saharan Africa. The total fertility rate fell from more than 5 children per woman in the mid 1980s to approximately 2.4 in 2013, and remains at that level in 2022. The fertility reduction has been attributed to a host of factors, including higher educational attainment among women, greater participation of women in the workforce, increased contraceptive use, later first births, and a strong national family planning program. Botswana was making significant progress in several health indicators, including life expectancy and infant and child mortality rates, until being devastated by the HIV/AIDs epidemic in the 1990s.</p> <p>In 2021,  Botswana had one of the highest HIV/AIDS prevalence rates in the world at close to 20%, however comprehensive and effective treatment programs have reduced HIV/AIDS-related deaths. The combination of declining fertility and increasing mortality rates because of HIV/AIDS is slowing the population aging process, with a narrowing of the youngest age groups and little expansion of the oldest age groups. Nevertheless, having the bulk of its population (about 60% as of 2022) of working age will only yield economic benefits if the labor force is healthy, educated, and productively employed.</p> <p>Batswana have been working as contract miners in South Africa since the 19th century. Although Botswana’s economy improved shortly after independence in 1966 with the discovery of diamonds and other minerals, its lingering high poverty rate and lack of job opportunities continued to push workers to seek mining work in southern African countries. In the early 1970s, about a third of Botswana’s male labor force worked in South Africa (lesser numbers went to Namibia and Zimbabwe). Not until the 1980s and 1990s, when South African mining companies had reduced their recruitment of foreign workers and Botswana’s economic prospects had improved, were Batswana increasingly able to find job opportunities at home.</p> <p>Most Batswana prefer life in their home country and choose cross-border migration on a temporary basis only for work, shopping, visiting family, or tourism. Since the 1970s, Botswana has pursued an open migration policy enabling it to recruit thousands of foreign workers to fill skilled labor shortages. In the late 1990s, Botswana’s prosperity and political stability attracted not only skilled workers but small numbers of refugees from neighboring Angola, Namibia, and Zimbabwe.</p>"
    },
    "Age structure": {
      "0-14 years": {
        "text": "28.7% (male 355,583/female 348,863)"
      },
      "15-64 years": {
        "text": "65.2% (male 759,210/female 837,752)"
      },
      "65 years and over": {
        "text": "6.1% (2024 est.) (male 59,513/female 89,747)"
      }
    },
    "Dependency ratios": {
      "total dependency ratio": {
        "text": "57.5"
      },
      "youth dependency ratio": {
        "text": "51.8"
      },
      "elderly dependency ratio": {
        "text": "5.7"
      },
      "potential support ratio": {
        "text": "13.8 (2021 est.)"
      }
    },
    "Median age": {
      "total": {
        "text": "27.1 years (2024 est.)"
      },
      "male": {
        "text": "26 years"
      },
      "female": {
        "text": "28.3 years"
      }
    },
    "Population growth rate": {
      "text": "1.34% (2024 est.)"
    },
    "Birth rate": {
      "text": "19.6 births/1,000 population (2024 est.)"
    },
    "Death rate": {
      "text": "8.9 deaths/1,000 population (2024 est.)"
    },
    "Net migration rate": {
      "text": "2.7 migrant(s)/1,000 population (2024 est.)"
    },
    "Population distribution": {
      "text": "the population is primarily concentrated in the east with a focus in and around the captial of Gaborone, and the far central-eastern city of Francistown; population density remains low in other areas in the country, especially in the Kalahari to the west as shown in this population distribution map"
    },
    "Urbanization": {
      "urban population": {
        "text": "72.9% of total population (2023)"
      },
      "rate of urbanization": {
        "text": "2.47% annual rate of change (2020-25 est.)"
      }
    },
    "Major urban areas - population": {
      "text": "269,000 GABORONE (capital) (2018)"
    },
    "Sex ratio": {
      "at birth": {
        "text": "1.03 male(s)/female"
      },
      "0-14 years": {
        "text": "1.02 male(s)/female"
      },
      "15-64 years": {
        "text": "0.91 male(s)/female"
      },
      "65 years and over": {
        "text": "0.66 male(s)/female"
      },
      "total population": {
        "text": "0.92 male(s)/female (2024 est.)"
      }
    },
    "Maternal mortality ratio": {
      "text": "186 deaths/100,000 live births (2020 est.)"
    },
    "Infant mortality rate": {
      "total": {
        "text": "23.7 deaths/1,000 live births (2024 est.)"
      },
      "male": {
        "text": "25.9 deaths/1,000 live births"
      },
      "female": {
        "text": "21.4 deaths/1,000 live births"
      }
    },
    "Life expectancy at birth": {
      "total population": {
        "text": "66.4 years (2024 est.)"
      },
      "male": {
        "text": "64.4 years"
      },
      "female": {
        "text": "68.6 years"
      }
    },
    "Total fertility rate": {
      "text": "2.34 children born/woman (2024 est.)"
    },
    "Gross reproduction rate": {
      "text": "1.15 (2024 est.)"
    },
    "Contraceptive prevalence rate": {
      "text": "67.4% (2017)"
    },
    "Drinking water source": {
      "improved: urban": {
        "text": "urban: 98.1% of population"
      },
      "improved: rural": {
        "text": "rural: 96.9% of population"
      },
      "improved: total": {
        "text": "total: 99.4% of population"
      },
      "unimproved: urban": {
        "text": "urban: 0.2% of population"
      },
      "unimproved: rural": {
        "text": "rural: 3.1% of population"
      },
      "unimproved: total": {
        "text": "total: 0.6% of population (2020 est.)"
      }
    },
    "Current health expenditure": {
      "text": "6.2% of GDP (2020)"
    },
    "Physician density": {
      "text": "0.38 physicians/1,000 population (2018)"
    },
    "Hospital bed density": {
      "text": "1.8 beds/1,000 population"
    },
    "Sanitation facility access": {
      "improved: urban": {
        "text": "urban: 94.9% of population"
      },
      "improved: rural": {
        "text": "rural: 63% of population"
      },
      "improved: total": {
        "text": "total: 85.6% of population"
      },
      "unimproved: urban": {
        "text": "urban: 5.1% of population"
      },
      "unimproved: rural": {
        "text": "rural: 37% of population"
      },
      "unimproved: total": {
        "text": "total: 14.4% of population (2020 est.)"
      }
    },
    "Obesity - adult prevalence rate": {
      "text": "18.9% (2016)"
    },
    "Alcohol consumption per capita": {
      "total": {
        "text": "5.98 liters of pure alcohol (2019 est.)"
      },
      "beer": {
        "text": "2.93 liters of pure alcohol (2019 est.)"
      },
      "wine": {
        "text": "0.46 liters of pure alcohol (2019 est.)"
      },
      "spirits": {
        "text": "0.96 liters of pure alcohol (2019 est.)"
      },
      "other alcohols": {
        "text": "1.64 liters of pure alcohol (2019 est.)"
      }
    },
    "Tobacco use": {
      "total": {
        "text": "19.4% (2020 est.)"
      },
      "male": {
        "text": "30.4% (2020 est.)"
      },
      "female": {
        "text": "8.3% (2020 est.)"
      }
    },
    "Children under the age of 5 years underweight": {
      "text": "NA"
    },
    "Currently married women (ages 15-49)": {
      "text": "45% (2023 est.)"
    },
    "Education expenditures": {
      "text": "8.7% of GDP (2020 est.)"
    },
    "Literacy": {
      "definition": {
        "text": "age 15 and over can read and write"
      },
      "total population": {
        "text": "88.5%"
      },
      "male": {
        "text": "88%"
      },
      "female": {
        "text": "88.9% (2015)"
      }
    },
    "School life expectancy (primary to tertiary education)": {
      "total": {
        "text": "12 years"
      },
      "male": {
        "text": "12 years"
      },
      "female": {
        "text": "12 years (2021)"
      }
    }
  },
  "Environment": {
    "Environment - current issues": {
      "text": "overgrazing; desertification; limited freshwater resources; air pollution"
    },
    "Environment - international agreements": {
      "party to": {
        "text": "Biodiversity, Climate Change, Climate Change-Kyoto Protocol, Climate Change-Paris Agreement, Desertification, Endangered Species, Hazardous Wastes, Law of the Sea, Nuclear Test Ban, Ozone Layer Protection, Wetlands"
      },
      "signed, but not ratified": {
        "text": "none of the selected agreements"
      }
    },
    "Climate": {
      "text": "semiarid; warm winters and hot summers"
    },
    "Land use": {
      "agricultural land": {
        "text": "45.8% (2018 est.)"
      },
      "agricultural land: arable land": {
        "text": "arable land: 0.6% (2018 est.)"
      },
      "agricultural land: permanent crops": {
        "text": "permanent crops: 0% (2018 est.)"
      },
      "agricultural land: permanent pasture": {
        "text": "permanent pasture: 45.2% (2018 est.)"
      },
      "forest": {
        "text": "19.8% (2018 est.)"
      },
      "other": {
        "text": "34.4% (2018 est.)"
      }
    },
    "Urbanization": {
      "urban population": {
        "text": "72.9% of total population (2023)"
      },
      "rate of urbanization": {
        "text": "2.47% annual rate of change (2020-25 est.)"
      }
    },
    "Revenue from forest resources": {
      "text": "0.23% of GDP (2018 est.)"
    },
    "Revenue from coal": {
      "text": "0.45% of GDP (2018 est.)"
    },
    "Air pollutants": {
      "particulate matter emissions": {
        "text": "12.82 micrograms per cubic meter (2019 est.)"
      },
      "carbon dioxide emissions": {
        "text": "6.34 megatons (2016 est.)"
      },
      "methane emissions": {
        "text": "5.73 megatons (2020 est.)"
      }
    },
    "Waste and recycling": {
      "municipal solid waste generated annually": {
        "text": "210,854 tons (2010 est.)"
      },
      "municipal solid waste recycled annually": {
        "text": "2,109 tons (2005 est.)"
      },
      "percent of municipal solid waste recycled": {
        "text": "1% (2005 est.)"
      }
    },
    "Major rivers (by length in km)": {
      "text": "<p>Zambezi (shared with Zambia [s]), Angola, Namibia, Zimbabwe, and Mozambique [m]) - 2,740 km; Limpopo (shared with South Africa [s], Zimbabwe, and Mozambique [m]) - 1,800 km; Okavango river mouth (shared with Angola [s], and Namibia) - 1,600 km<br><strong>note</strong> – [s] after country name indicates river source; [m] after country name indicates river mouth</p>"
    },
    "Major watersheds (area sq km)": {
      "text": "Atlantic Ocean drainage: Orange (941,351 sq km)<br>Indian Ocean drainage: Zambezi (1,332,412 sq km)<br>Internal <em>(endorheic basin) </em>drainage: Okavango Basin (863,866 sq km)"
    },
    "Major aquifers": {
      "text": "Lower Kalahari-Stampriet Basin, Upper Kalahari-Cuvelai-Upper Zambezi Basin"
    },
    "Total water withdrawal": {
      "municipal": {
        "text": "110 million cubic meters (2020 est.)"
      },
      "industrial": {
        "text": "30 million cubic meters (2020 est.)"
      },
      "agricultural": {
        "text": "80 million cubic meters (2020 est.)"
      }
    },
    "Total renewable water resources": {
      "text": "12.24 billion cubic meters (2020 est.)"
    }
  },
  "Government": {
    "Country name": {
      "conventional long form": {
        "text": "Republic of Botswana"
      },
      "conventional short form": {
        "text": "Botswana"
      },
      "local long form": {
        "text": "Republic of Botswana"
      },
      "local short form": {
        "text": "Botswana"
      },
      "former": {
        "text": "Bechuanaland"
      },
      "etymology": {
        "text": "the name Botswana means \"Land of the Tswana\" - referring to the country's largest ethnic group"
      }
    },
    "Government type": {
      "text": "parliamentary republic"
    },
    "Capital": {
      "name": {
        "text": "Gaborone"
      },
      "geographic coordinates": {
        "text": "24 38 S, 25 54 E"
      },
      "time difference": {
        "text": "UTC+2 (7 hours ahead of Washington, DC, during Standard Time)"
      },
      "etymology": {
        "text": "named after GABORONE (ca. 1825-1931), a chief of the Tlokwa tribe, whose name means \"it is not unbecoming\""
      }
    },
    "Administrative divisions": {
      "text": "10 districts and 6 town councils*; Central, Chobe, Francistown*, Gaborone*, Ghanzi, Jwaneng*, Kgalagadi, Kgatleng, Kweneng, Lobatse*, North East, North West, Selebi-Phikwe*, South East, Southern, Sowa Town*"
    },
    "Independence": {
      "text": "30 September 1966 (from the UK)"
    },
    "National holiday": {
      "text": "Independence Day (Botswana Day), 30 September (1966)"
    },
    "Legal system": {
      "text": "mixed legal system of civil law influenced by the Roman-Dutch model and also customary and common law"
    },
    "Constitution": {
      "history": {
        "text": "previous 1960 (pre-independence); latest adopted March 1965, effective 30 September 1966"
      },
      "amendments": {
        "text": "proposed by the National Assembly; passage requires approval in two successive Assembly votes with at least two-thirds majority in the final vote; proposals to amend constitutional provisions on fundamental rights and freedoms, the structure and branches of government, and public services also requires approval by majority vote in a referendum and assent by the president of the republic; amended several times, last in 2021"
      }
    },
    "International law organization participation": {
      "text": "accepts compulsory ICJ jurisdiction with reservations; accepts ICCt jurisdiction"
    },
    "Citizenship": {
      "citizenship by birth": {
        "text": "no"
      },
      "citizenship by descent only": {
        "text": "at least one parent must be a citizen of Botswana"
      },
      "dual citizenship recognized": {
        "text": "no"
      },
      "residency requirement for naturalization": {
        "text": "10 years"
      }
    },
    "Suffrage": {
      "text": "18 years of age; universal"
    },
    "Executive branch": {
      "chief of state": {
        "text": "President Duma BOKO (since 1 November 2024)"
      },
      "head of government": {
        "text": "President Duma BOKO (since 1 November 2024)"
      },
      "cabinet": {
        "text": "Cabinet appointed by the president"
      },
      "elections/appointments": {
        "text": "president indirectly elected by the National Assembly for a 5-year term (eligible for a second term); election last held on 31 October 2024 (next to be held in October 2029); vice president appointed by the president"
      },
      "election results": {
        "text": "National elections held in 2024 gave BOKO's UDC 35 seats in the National Assembly, which then selected BOKO as President"
      }
    },
    "Legislative branch": {
      "legislature name": {
        "text": "Parliament"
      },
      "legislative structure": {
        "text": "unicameral"
      },
      "chamber name": {
        "text": "National Assembly"
      },
      "number of seats": {
        "text": "69 (61 directly elected; 6 indirectly elected)"
      },
      "electoral system": {
        "text": "plurality/majority"
      },
      "scope of elections": {
        "text": "full renewal"
      },
      "term in office": {
        "text": "5 years"
      },
      "most recent election date": {
        "text": "10/30/2024"
      },
      "parties elected and seats per party": {
        "text": "Umbrella for Democratic Change (UDC) (36); Botswana Congress Party (BCP) (15); Botswana Patriotic Front (BPF) (5); Botswana Democratic Party (BDP) (4); Other (1)"
      },
      "percentage of women in chamber": {
        "text": "8.7%"
      },
      "expected date of next election": {
        "text": "October 2029"
      },
      "note": "<strong>note:</strong> the House of Chiefs (Ntlo ya Dikgosi), an advisory body to the National Assembly, consists of 35 members -- 8 hereditary chiefs from Botswana's principal tribes, 22 indirectly elected by the chiefs, and 5 appointed by the president; the House of Chiefs consults on issues including powers of chiefs, customary courts, customary law, tribal property, and constitutional amendments"
    },
    "Judicial branch": {
      "highest court(s)": {
        "text": "Court of Appeal, High Court (each consists of a chief justice and a number of other judges as prescribed by the Parliament)"
      },
      "judge selection and term of office": {
        "text": "Court of Appeal and High Court chief justices appointed by the president and other judges appointed by the president upon the advice of the Judicial Service Commission; all judges appointed to serve until age 70"
      },
      "subordinate courts": {
        "text": "Industrial Court (with circuits scheduled monthly in the capital city and in 3 districts); Magistrates Courts (1 in each district); Customary Court of Appeal; Paramount Chief's Court/Urban Customary Court; Senior Chief's Representative Court; Chief's Representative’s Court; Headman's Court"
      }
    },
    "Political parties": {
      "text": "Alliance of Progressives or AP <br>Botswana Congress Party or BCP <br>Botswana Democratic Party or BDP <br>Botswana National Front or BNF [Duma BOKO]Botswana Patriotic Front or BPF <br>Botswana Peoples Party or BPP <br>Botswana Republic Party or BRP <br>Umbrella for Democratic Change or UDC (various times the coalition has included the BPP, BCP, BNF and other parties)"
    },
    "International organization participation": {
      "text": "ACP, AfDB, AU, C, CD, FAO, G-77, IAEA, IBRD, ICAO, ICCt, ICRM, IDA, IFAD, IFC, IFRCS, ILO, IMF, Interpol, IOC, IOM, IPU, ISO, ITSO, ITU, ITUC (NGOs), MIGA, MONUSCO, NAM, OPCW, SACU, SADC, UN, UNCTAD, UNESCO, UNIDO, UNWTO, UPU, WCO, WFTU (NGOs), WHO, WIPO, WMO, WTO"
    },
    "Diplomatic representation in the US": {
      "chief of mission": {
        "text": "Ambassador Mpho Churchill MOPHUTING (since 18 September 2024)"
      },
      "chancery": {
        "text": "1531-1533 New Hampshire Avenue NW, Washington, DC 20036"
      },
      "telephone": {
        "text": "[1] (202) 244-4990"
      },
      "FAX": {
        "text": "[1] (202) 244-4164"
      },
      "email address and website": {
        "text": "<br>info@botswanaembassy.org<br><br>http://www.botswanaembassy.org/"
      }
    },
    "Diplomatic representation from the US": {
      "chief of mission": {
        "text": "Ambassador Howard A. VAN VRANKEN (since 24 May 2023)"
      },
      "embassy": {
        "text": "Embassy Drive, Government Enclave (off Khama Crescent), Gaborone"
      },
      "mailing address": {
        "text": "2170 Gaborone Place, Washington DC&nbsp; 20521-2170"
      },
      "telephone": {
        "text": "[267] 395-3982"
      },
      "FAX": {
        "text": "[267] 318-0232"
      },
      "email address and website": {
        "text": "<br>ConsularGaborone@state.gov<br><br>https://bw.usembassy.gov/"
      }
    },
    "Flag description": {
      "text": "light blue with a horizontal white-edged black stripe in the center; the blue symbolizes water in the form of rain, while the black and white bands represent racial harmony"
    },
    "National symbol(s)": {
      "text": "zebra; national colors: light blue, white, black"
    },
    "National anthem": {
      "name": {
        "text": "\"Fatshe leno la rona\" (Our Land)"
      },
      "lyrics/music": {
        "text": "Kgalemang Tumedisco MOTSETE"
      },
      "note": "<strong>note:</strong> adopted 1966"
    },
    "National heritage": {
      "total World Heritage Sites": {
        "text": "2 (1 cultural, 1 natural)"
      },
      "selected World Heritage Site locales": {
        "text": "Tsodilo Hills (c); Okavango Delta (n)"
      }
    }
  },
  "Economy": {
    "Economic overview": {
      "text": "good economic governance and financial management; diamond-driven growth model declining; rapid poverty reductions; high unemployment, particularly among youth; COVID-19 sharply contracted the economy and recovery is slow; public sector wages have posed fiscal challenges"
    },
    "Real GDP (purchasing power parity)": {
      "Real GDP (purchasing power parity) 2023": {
        "text": "$46.743 billion (2023 est.)"
      },
      "Real GDP (purchasing power parity) 2022": {
        "text": "$45.499 billion (2022 est.)"
      },
      "Real GDP (purchasing power parity) 2021": {
        "text": "$43.133 billion (2021 est.)"
      },
      "note": "<b>note:</b> data in 2021 dollars"
    },
    "Real GDP growth rate": {
      "Real GDP growth rate 2023": {
        "text": "2.73% (2023 est.)"
      },
      "Real GDP growth rate 2022": {
        "text": "5.49% (2022 est.)"
      },
      "Real GDP growth rate 2021": {
        "text": "11.92% (2021 est.)"
      },
      "note": "<b>note:</b> annual GDP % growth based on constant local currency"
    },
    "Real GDP per capita": {
      "Real GDP per capita 2023": {
        "text": "$18,800 (2023 est.)"
      },
      "Real GDP per capita 2022": {
        "text": "$18,600 (2022 est.)"
      },
      "Real GDP per capita 2021": {
        "text": "$18,000 (2021 est.)"
      },
      "note": "<b>note:</b> data in 2021 dollars"
    },
    "GDP (official exchange rate)": {
      "text": "$19.396 billion (2023 est.)",
      "note": "<b>note:</b> data in current dollars at official exchange rate"
    },
    "Inflation rate (consumer prices)": {
      "Inflation rate (consumer prices) 2023": {
        "text": "5.07% (2023 est.)"
      },
      "Inflation rate (consumer prices) 2022": {
        "text": "11.67% (2022 est.)"
      },
      "Inflation rate (consumer prices) 2021": {
        "text": "7.24% (2021 est.)"
      },
      "note": "<b>note:</b> annual % change based on consumer prices"
    },
    "Credit ratings": {
      "Moody's rating": {
        "text": "A2 (2020)"
      },
      "Standard & Poors rating": {
        "text": "BBB+ (2020)"
      },
      "note": "<strong>note: </strong>The year refers to the year in which the current credit rating was first obtained."
    },
    "GDP - composition, by sector of origin": {
      "agriculture": {
        "text": "1.6% (2023 est.)"
      },
      "industry": {
        "text": "34.3% (2023 est.)"
      },
      "services": {
        "text": "59.4% (2023 est.)"
      },
      "note": "<b>note:</b> figures may not total 100% due to non-allocated consumption not captured in sector-reported data"
    },
    "GDP - composition, by end use": {
      "household consumption": {
        "text": "42.9% (2023 est.)"
      },
      "government consumption": {
        "text": "28.9% (2023 est.)"
      },
      "investment in fixed capital": {
        "text": "25.7% (2023 est.)"
      },
      "investment in inventories": {
        "text": "4.7% (2023 est.)"
      },
      "exports of goods and services": {
        "text": "32.3% (2023 est.)"
      },
      "imports of goods and services": {
        "text": "-36.6% (2023 est.)"
      },
      "note": "<b>note:</b> figures may not total 100% due to rounding or gaps in data collection"
    },
    "Agricultural products": {
      "text": "milk, root vegetables, vegetables, maize, sorghum, beef, game meat, watermelons, cabbages, goat milk (2022)",
      "note": "<b>note:</b> top ten agricultural products based on tonnage"
    },
    "Industries": {
      "text": "diamonds, copper, nickel, salt, soda ash, potash, coal, iron ore, silver; beef processing; textiles"
    },
    "Industrial production growth rate": {
      "text": "2.26% (2023 est.)",
      "note": "<b>note:</b> annual % change in industrial value added based on constant local currency"
    },
    "Labor force": {
      "text": "1.084 million (2023 est.)",
      "note": "<b>note:</b> number of people ages 15 or older who are employed or seeking work"
    },
    "Unemployment rate": {
      "Unemployment rate 2023": {
        "text": "23.38% (2023 est.)"
      },
      "Unemployment rate 2022": {
        "text": "23.62% (2022 est.)"
      },
      "Unemployment rate 2021": {
        "text": "23.11% (2021 est.)"
      },
      "note": "<b>note:</b> % of labor force seeking employment"
    },
    "Youth unemployment rate (ages 15-24)": {
      "total": {
        "text": "45.4% (2023 est.)"
      },
      "male": {
        "text": "40.5% (2023 est.)"
      },
      "female": {
        "text": "51.5% (2023 est.)"
      },
      "note": "<b>note:</b> % of labor force ages 15-24 seeking employment"
    },
    "Population below poverty line": {
      "text": "16.1% (2015 est.)",
      "note": "<b>note:</b> % of population with income below national poverty line"
    },
    "Gini Index coefficient - distribution of family income": {
      "Gini Index coefficient - distribution of family income 2015": {
        "text": "53.3 (2015 est.)"
      },
      "note": "<b>note:</b> index (0-100) of income distribution; higher values represent greater inequality"
    },
    "Household income or consumption by percentage share": {
      "lowest 10%": {
        "text": "1.5% (2015 est.)"
      },
      "highest 10%": {
        "text": "41.5% (2015 est.)"
      },
      "note": "<b>note:</b> % share of income accruing to lowest and highest 10% of population"
    },
    "Remittances": {
      "Remittances 2023": {
        "text": "0.36% of GDP (2023 est.)"
      },
      "Remittances 2022": {
        "text": "0.31% of GDP (2022 est.)"
      },
      "Remittances 2021": {
        "text": "0.32% of GDP (2021 est.)"
      },
      "note": "<b>note:</b> personal transfers and compensation between resident and non-resident individuals/households/entities"
    },
    "Budget": {
      "revenues": {
        "text": "$5.989 billion (2022 est.)"
      },
      "expenditures": {
        "text": "$5.099 billion (2022 est.)"
      },
      "note": "<b>note:</b> central government revenues and expenses (excluding grants/extrabudgetary units/social security funds) converted to US dollars at average official exchange rate for year indicated"
    },
    "Public debt": {
      "Public debt 2020": {
        "text": "19.62% of GDP (2020 est.)"
      },
      "note": "<b>note:</b> central government debt as a % of GDP"
    },
    "Taxes and other revenues": {
      "text": "19.65% (of GDP) (2022 est.)",
      "note": "<b>note:</b> central government tax revenue as a % of GDP"
    },
    "Current account balance": {
      "Current account balance 2023": {
        "text": "-$116.727 million (2023 est.)"
      },
      "Current account balance 2022": {
        "text": "-$232.122 million (2022 est.)"
      },
      "Current account balance 2021": {
        "text": "-$314.583 million (2021 est.)"
      },
      "note": "<b>note:</b> balance of payments - net trade and primary/secondary income in current dollars"
    },
    "Exports": {
      "Exports 2023": {
        "text": "$6.398 billion (2023 est.)"
      },
      "Exports 2022": {
        "text": "$8.914 billion (2022 est.)"
      },
      "Exports 2021": {
        "text": "$7.861 billion (2021 est.)"
      },
      "note": "<b>note:</b> balance of payments - exports of goods and services in current dollars"
    },
    "Exports - partners": {
      "text": "UAE 27%, Belgium 18%, India 15%, South Africa 10%, Hong Kong 6% (2022)",
      "note": "<b>note:</b> top five export partners based on percentage share of exports"
    },
    "Exports - commodities": {
      "text": "diamonds, copper ore, insulated wire, coal, cattle (2022)",
      "note": "<b>note:</b> top five export commodities based on value in dollars"
    },
    "Imports": {
      "Imports 2023": {
        "text": "$7.228 billion (2023 est.)"
      },
      "Imports 2022": {
        "text": "$8.826 billion (2022 est.)"
      },
      "Imports 2021": {
        "text": "$9.25 billion (2021 est.)"
      },
      "note": "<b>note:</b> balance of payments - imports of goods and services in current dollars"
    },
    "Imports - partners": {
      "text": "South Africa 61%, Namibia 9%, Belgium 5%, India 4%, Canada 4% (2022)",
      "note": "<b>note:</b> top five import partners based on percentage share of imports"
    },
    "Imports - commodities": {
      "text": "diamonds, refined petroleum, trucks, raw sugar, plastic products (2022)",
      "note": "<b>note:</b> top five import commodities based on value in dollars"
    },
    "Reserves of foreign exchange and gold": {
      "Reserves of foreign exchange and gold 2023": {
        "text": "$4.756 billion (2023 est.)"
      },
      "Reserves of foreign exchange and gold 2022": {
        "text": "$4.279 billion (2022 est.)"
      },
      "Reserves of foreign exchange and gold 2021": {
        "text": "$4.802 billion (2021 est.)"
      },
      "note": "<b>note:</b> holdings of gold (year-end prices)/foreign exchange/special drawing rights in current dollars"
    },
    "Debt - external": {
      "Debt - external 2023": {
        "text": "$1.772 billion (2023 est.)"
      },
      "note": "<b>note:</b> present value of external debt in current US dollars"
    },
    "Exchange rates": {
      "Currency": {
        "text": "pulas (BWP) per US dollar -"
      },
      "Exchange rates 2023": {
        "text": "13.596 (2023 est.)"
      },
      "Exchange rates 2022": {
        "text": "12.369 (2022 est.)"
      },
      "Exchange rates 2021": {
        "text": "11.087 (2021 est.)"
      },
      "Exchange rates 2020": {
        "text": "11.456 (2020 est.)"
      },
      "Exchange rates 2019": {
        "text": "10.756 (2019 est.)"
      }
    }
  },
  "Energy": {
    "Electricity access": {
      "electrification - total population": {
        "text": "75.9% (2022 est.)"
      },
      "electrification - urban areas": {
        "text": "95.5%"
      },
      "electrification - rural areas": {
        "text": "25%"
      }
    },
    "Electricity": {
      "installed generating capacity": {
        "text": "738,000 kW (2022 est.)"
      },
      "consumption": {
        "text": "3.697 billion kWh (2022 est.)"
      },
      "exports": {
        "text": "2 million kWh (2022 est.)"
      },
      "imports": {
        "text": "1.662 billion kWh (2022 est.)"
      },
      "transmission/distribution losses": {
        "text": "591.813 million kWh (2022 est.)"
      }
    },
    "Electricity generation sources": {
      "fossil fuels": {
        "text": "99.8% of total installed capacity (2022 est.)"
      },
      "solar": {
        "text": "0.2% of total installed capacity (2022 est.)"
      }
    },
    "Coal": {
      "production": {
        "text": "2.634 million metric tons (2022 est.)"
      },
      "consumption": {
        "text": "2.291 million metric tons (2022 est.)"
      },
      "exports": {
        "text": "539,000 metric tons (2022 est.)"
      },
      "imports": {
        "text": "1,000 metric tons (2022 est.)"
      },
      "proven reserves": {
        "text": "1.66 billion metric tons (2022 est.)"
      }
    },
    "Petroleum": {
      "refined petroleum consumption": {
        "text": "21,000 bbl/day (2022 est.)"
      }
    },
    "Carbon dioxide emissions": {
      "total emissions": {
        "text": "8.145 million metric tonnes of CO2 (2022 est.)"
      },
      "from coal and metallurgical coke": {
        "text": "5.171 million metric tonnes of CO2 (2022 est.)"
      },
      "from petroleum and other liquids": {
        "text": "2.974 million metric tonnes of CO2 (2022 est.)"
      }
    },
    "Energy consumption per capita": {
      "Total energy consumption per capita 2022": {
        "text": "39.265 million Btu/person (2022 est.)"
      }
    }
  },
  "Communications": {
    "Telephones - fixed lines": {
      "total subscriptions": {
        "text": "90,000 (2023 est.)"
      },
      "subscriptions per 100 inhabitants": {
        "text": "4 (2023 est.)"
      }
    },
    "Telephones - mobile cellular": {
      "total subscriptions": {
        "text": "4.44 million (2023 est.)"
      },
      "subscriptions per 100 inhabitants": {
        "text": "165 (2022 est.)"
      }
    },
    "Telecommunication systems": {
      "general assessment": {
        "text": "effective regulatory reform has made Botswana&rsquo;s telecom market one of the most liberalized in the region; there is a service-neutral licensing regime adapted to the convergence of technologies and services, and several operators now compete in all telecom sectors; Botswana has one of the highest mobile penetration rates in Africa; in a bid to generate new revenue streams and secure market share, the three mobile network operators have entered the underdeveloped broadband sector by adopting of 3G, LTE, and WiMAX technologies; in the fixed-line broadband market they compete with a large number of ISPs, some of which have rolled out their own wireless access infrastructure; the landlocked country depends on satellites for international bandwidth, and on other countries for transit capacity to the landing points of international submarine cables; the landing of additional cables in the region in recent years has improved the competitive situation in this sector, while prices for connectivity have fallen dramatically (2022)"
      },
      "domestic": {
        "text": "fixed-line teledensity has declined in recent years and now stands at roughly 5 telephones per 100 persons; mobile-cellular teledensity is roughly 161 telephones per 100 persons (2021)"
      },
      "international": {
        "text": "country code - 267; international calls are made via satellite, using international direct dialing; 2 international exchanges; digital microwave radio relay links to Namibia, Zambia, Zimbabwe, and South Africa; satellite earth station - 1 Intelsat (Indian Ocean)"
      }
    },
    "Broadcast media": {
      "text": "2 TV stations - 1 state-owned and 1 privately owned; privately owned satellite TV subscription service is available; 2 state-owned national radio stations;&nbsp;4 privately owned radio stations broadcast locally (2019)"
    },
    "Internet country code": {
      "text": ".bw"
    },
    "Internet users": {
      "percent of population": {
        "text": "77% (2022 est.)"
      }
    },
    "Broadband - fixed subscriptions": {
      "total": {
        "text": "85,000 (2023 est.)"
      },
      "subscriptions per 100 inhabitants": {
        "text": "3 (2023 est.)"
      }
    }
  },
  "Transportation": {
    "National air transport system": {
      "number of registered air carriers": {
        "text": "1 (2020)"
      },
      "inventory of registered aircraft operated by air carriers": {
        "text": "6"
      },
      "annual passenger traffic on registered air carriers": {
        "text": "253,417 (2018)"
      },
      "annual freight traffic on registered air carriers": {
        "text": "110,000 (2018) mt-km"
      }
    },
    "Civil aircraft registration country code prefix": {
      "text": "A2"
    },
    "Airports": {
      "text": "122 (2024)"
    },
    "Railways": {
      "total": {
        "text": "888 km (2014)"
      },
      "narrow gauge": {
        "text": "888 km (2014) 1.067-m gauge"
      }
    },
    "Roadways": {
      "total": {
        "text": "31,747 km"
      },
      "paved": {
        "text": "9,810 km"
      },
      "unpaved": {
        "text": "21,937 km (2017)"
      }
    }
  },
  "Military and Security": {
    "Military and security forces": {
      "text": "Botswana Defense Force (BDF): Ground Forces Command, Air Arm Command, Defense Logistics Command (2024)",
      "note": "<strong>note 1:</strong> both the BDF and the Botswana Police Service report to the Ministry of Defense and Security; the Botswana Police Service has primary responsibility for internal security; the BDF reports to the Office of the President through the minister of defense and security and has some domestic security responsibilities<br><br><strong>note 2: </strong>the Ground Force Command includes a marine unit with boats and river craft for patrolling Botswana's internal waterways and supporting anti-poaching operations"
    },
    "Military expenditures": {
      "Military Expenditures 2023": {
        "text": "2.6% of GDP (2023 est.)"
      },
      "Military Expenditures 2022": {
        "text": "2.8% of GDP (2022 est.)"
      },
      "Military Expenditures 2021": {
        "text": "3% of GDP (2021 est.)"
      },
      "Military Expenditures 2020": {
        "text": "3% of GDP (2020 est.)"
      },
      "Military Expenditures 2019": {
        "text": "2.8% of GDP (2019 est.)"
      }
    },
    "Military and security service personnel strengths": {
      "text": "approximately 10,000 active BDF personnel (2024)"
    },
    "Military equipment inventories and acquisitions": {
      "text": "the BDF has a mix of mostly older weapons and equipment, largely of Western/European origin; in recent years, it has received limited amounts of material from several European countries and the US (2024)"
    },
    "Military service age and obligation": {
      "text": "18 is the legal minimum age for voluntary military service for men and women; no conscription (2024)"
    },
    "Military - note": {
      "text": "the BDF’s key functions include defending the country's territorial integrity on land and in the air, ensuring national security and stability, and aiding civil authorities in support of domestic missions such as disaster relief and anti-poaching; it participates in regional and international security operations<br><br>Bechuanaland/Botswana did not have a permanent military during colonial times, with the British colonial administrators relying instead on small, lightly armed constabularies such as the Bechuanaland Mounted Police, the Bechuanaland Border Police, and by the early 1960s, the Police Mobile Unit (PMU); after independence in 1966, Botswana militarized the PMU and gave it responsibility for the country’s defense rather than create a conventional military force; however, turmoil in neighboring countries and numerous cross-border incursions by Rhodesian and South African security forces in the 1960s and 1970s demonstrated that the PMU was inadequate for defending the country and led to the establishment of the Botswana Defense Force (BDF) in 1977 (2024)"
    }
  },
  "Transnational Issues": {
  }
}