{
  "Introduction": {
    "Background": {
      "text": "<p>With 28 ethnic groups and languages, Liberia is one of the most ethnically diverse countries in the world. For hundreds of years, the Mali and Songhai Empires claimed most of Liberia. Beginning in the 15th century, European traders began establishing outposts along the Liberian coast. Unlike its neighbors, however, Liberia did not fall under European colonial rule. In the early 19th century, the US began sending freed enslaved people and other people of color to Liberia to establish settlements. In 1847, these settlers declared independence from the US, writing their own constitution and establishing Africa’s first republic.</p> <p>Early in Liberia’s history, tensions arose between the Americo-Liberian settlers and the indigenous population. In 1980, Samuel DOE, who was from the indigenous population, led a military coup and ushered in a decade of authoritarian rule. In 1989, Charles TAYLOR launched a rebellion that led to a prolonged civil war in which DOE was killed. A period of relative peace in 1997 permitted an election that brought TAYLOR to power. In 2000, fighting resumed. A 2003 peace agreement ended the war and prompted TAYLOR’s resignation. He was later convicted by the UN-backed Special Court for Sierra Leone in The Hague for his involvement in Sierra Leone's civil war. <br><br>In 2005, Ellen JOHNSON SIRLEAF became president after two years of transitional governments; she was the first female head of state in Africa. In 2011, JOHNSON SIRLEAF won reelection but struggled to rebuild Liberia's economy -- particularly after the 2014-15 Ebola epidemic -- and to reconcile a nation still recovering from 14 years of fighting. In 2017, former soccer star George WEAH won the presidential runoff election, marking the first successful transfer of power from one democratically elected government to another since the end of Liberia’s civil wars. Like his predecessor, WEAH struggled to improve the country’s economy. In 2023, former Vice President Joseph BOAKAI was elected president, edging out WEAH by a thin margin, the first time since 1927 that an incumbent was not re-elected after one term. </p> <p> </p>"
    }
  },
  "Geography": {
    "Location": {
      "text": "Western Africa, bordering the North Atlantic Ocean, between Cote d'Ivoire and Sierra Leone"
    },
    "Geographic coordinates": {
      "text": "6 30 N, 9 30 W"
    },
    "Map references": {
      "text": "Africa"
    },
    "Area": {
      "total ": {
        "text": "111,369 sq km"
      },
      "land": {
        "text": "96,320 sq km"
      },
      "water": {
        "text": "15,049 sq km"
      }
    },
    "Area - comparative": {
      "text": "slightly larger than Virginia"
    },
    "Land boundaries": {
      "total": {
        "text": "1,667 km"
      },
      "border countries": {
        "text": "Guinea 590 km; Cote d'Ivoire 778 km; Sierra Leone 299 km"
      }
    },
    "Coastline": {
      "text": "579 km"
    },
    "Maritime claims": {
      "territorial sea": {
        "text": "12 nm"
      },
      "contiguous zone": {
        "text": "24 nm"
      },
      "exclusive economic zone": {
        "text": "200 nm"
      },
      "continental shelf": {
        "text": "200 nm"
      }
    },
    "Climate": {
      "text": "tropical; hot, humid; dry winters with hot days and cool to cold nights; wet, cloudy summers with frequent heavy showers"
    },
    "Terrain": {
      "text": "mostly flat to rolling coastal plains rising to rolling plateau and low mountains in northeast"
    },
    "Elevation": {
      "highest point": {
        "text": "Mount Wuteve 1,447 m"
      },
      "lowest point": {
        "text": "Atlantic Ocean 0 m"
      },
      "mean elevation": {
        "text": "243 m"
      }
    },
    "Natural resources": {
      "text": "iron ore, timber, diamonds, gold, hydropower"
    },
    "Land use": {
      "agricultural land": {
        "text": "28.1% (2018 est.)"
      },
      "agricultural land: arable land": {
        "text": "arable land: 5.2% (2018 est.)"
      },
      "agricultural land: permanent crops": {
        "text": "permanent crops: 2.1% (2018 est.)"
      },
      "agricultural land: permanent pasture": {
        "text": "permanent pasture: 20.8% (2018 est.)"
      },
      "forest": {
        "text": "44.6% (2018 est.)"
      },
      "other": {
        "text": "27.3% (2018 est.)"
      }
    },
    "Irrigated land": {
      "text": "30 sq km (2012)"
    },
    "Population distribution": {
      "text": "more than half of the population lives in urban areas, with approximately one-third living within an 80-km radius of Monrovia as shown in this population distribution map"
    },
    "Natural hazards": {
      "text": "dust-laden harmattan winds blow from the Sahara (December to March)"
    },
    "Geography - note": {
      "text": "facing the Atlantic Ocean, the coastline is characterized by lagoons, mangrove swamps, and river-deposited sandbars; the inland grassy plateau supports limited agriculture"
    }
  },
  "People and Society": {
    "Population": {
      "total": {
        "text": "5,437,249"
      },
      "male": {
        "text": "2,711,324"
      },
      "female": {
        "text": "2,725,925 (2024 est.)"
      }
    },
    "Nationality": {
      "noun": {
        "text": "Liberian(s)"
      },
      "adjective": {
        "text": "Liberian"
      }
    },
    "Ethnic groups": {
      "text": "Kpelle 20.2%, Bassa 13.6%, Grebo 9.9%, Gio 7.9%, Mano 7.2%, Kru 5.5%, Lorma 4.8%, Krahn 4.5%, Kissi, 4.3%, Mandingo 4.2%, Vai 3.8%, Gola 3.8%, Gbandi 2.9%, Mende 1.7%, Sapo 1%, Belle 0.7%, Dey 0.3%, other Liberian ethnic group 0.4%, other African 3%, non-African 0.2% (2022 est.)"
    },
    "Languages": {
      "text": "English 20% (official) and 27 indigenous languages, including Liberian English variants"
    },
    "Religions": {
      "text": "Christian 84.9%, Muslim 12%, Traditional 0.5%, other 0.1%, none 2.6% (2022 est.)"
    },
    "Demographic profile": {
      "text": "<p>Liberia’s high fertility rate of nearly 5 children per woman and large youth cohort – more than 60% of the population is under the age of 25 as of 2020 – will sustain a high dependency ratio for many years to come. Significant progress has been made in preventing child deaths, despite a lack of health care workers and infrastructure. Infant and child mortality have dropped nearly 70% since 1990; the annual reduction rate of about 5.4% is the highest in Africa.</p> <p>Nevertheless, Liberia’s high maternal mortality rate remains among the world’s worst; it reflects a high unmet need for family planning services, frequency of early childbearing, lack of quality obstetric care, high adolescent fertility, and a low proportion of births attended by a medical professional. Female mortality is also increased by the prevalence of female genital cutting (FGC), which is practiced by 10 of Liberia’s 16 tribes and affects more than two-thirds of women and girls. FGC is an initiation ritual performed in rural bush schools, which teach traditional beliefs on marriage and motherhood and are an obstacle to formal classroom education for Liberian girls.</p> <p>Liberia has been both a source and a destination for refugees. During Liberia’s 14-year civil war (1989-2003), more than 250,000 people became refugees and another half million were internally displaced. Between 2004 and the cessation of refugee status for Liberians in June 2012, the UNHCR helped more than 155,000 Liberians to voluntarily repatriate, while others returned home on their own. Some Liberian refugees spent more than two decades living in other West African countries. Between 2011 and 2022, more than 300,000 Ivoirian refugees in Liberia have been repatriated; as of year-end 2022, less than 2,300 Ivoirian refugees were still living in Liberia.</p>"
    },
    "Age structure": {
      "0-14 years": {
        "text": "38.9% (male 1,064,100/female 1,052,556)"
      },
      "15-64 years": {
        "text": "57.9% (male 1,566,263/female 1,579,835)"
      },
      "65 years and over": {
        "text": "3.2% (2024 est.) (male 80,961/female 93,534)"
      }
    },
    "Dependency ratios": {
      "total dependency ratio": {
        "text": "79.7"
      },
      "youth dependency ratio": {
        "text": "73.7"
      },
      "elderly dependency ratio": {
        "text": "6"
      },
      "potential support ratio": {
        "text": "16.7 (2021 est.)"
      }
    },
    "Median age": {
      "total": {
        "text": "19.9 years (2024 est.)"
      },
      "male": {
        "text": "19.8 years"
      },
      "female": {
        "text": "20 years"
      }
    },
    "Population growth rate": {
      "text": "2.32% (2024 est.)"
    },
    "Birth rate": {
      "text": "32.4 births/1,000 population (2024 est.)"
    },
    "Death rate": {
      "text": "8.3 deaths/1,000 population (2024 est.)"
    },
    "Net migration rate": {
      "text": "-0.8 migrant(s)/1,000 population (2024 est.)"
    },
    "Population distribution": {
      "text": "more than half of the population lives in urban areas, with approximately one-third living within an 80-km radius of Monrovia as shown in this population distribution map"
    },
    "Urbanization": {
      "urban population": {
        "text": "53.6% of total population (2023)"
      },
      "rate of urbanization": {
        "text": "3.41% annual rate of change (2015-20 est.)"
      }
    },
    "Major urban areas - population": {
      "text": "1.678 million MONROVIA (capital) (2023)"
    },
    "Sex ratio": {
      "at birth": {
        "text": "1.03 male(s)/female"
      },
      "0-14 years": {
        "text": "1.01 male(s)/female"
      },
      "15-64 years": {
        "text": "0.99 male(s)/female"
      },
      "65 years and over": {
        "text": "0.87 male(s)/female"
      },
      "total population": {
        "text": "1 male(s)/female (2024 est.)"
      }
    },
    "Mother's mean age at first birth": {
      "text": "19.1 years (2019/20 est.)",
      "note": "<strong>note:</strong> data represents median age at first birth among women 25-49"
    },
    "Maternal mortality ratio": {
      "text": "652 deaths/100,000 live births (2020 est.)"
    },
    "Infant mortality rate": {
      "total": {
        "text": "55.7 deaths/1,000 live births (2024 est.)"
      },
      "male": {
        "text": "61 deaths/1,000 live births"
      },
      "female": {
        "text": "50.2 deaths/1,000 live births"
      }
    },
    "Life expectancy at birth": {
      "total population": {
        "text": "61.6 years (2024 est.)"
      },
      "male": {
        "text": "59.9 years"
      },
      "female": {
        "text": "63.3 years"
      }
    },
    "Total fertility rate": {
      "text": "3.93 children born/woman (2024 est.)"
    },
    "Gross reproduction rate": {
      "text": "1.94 (2024 est.)"
    },
    "Contraceptive prevalence rate": {
      "text": "24.9% (2019/20)"
    },
    "Drinking water source": {
      "improved: urban": {
        "text": "urban: 96.2% of population"
      },
      "improved: rural": {
        "text": "rural: 70.6% of population"
      },
      "improved: total": {
        "text": "total: 84% of population"
      },
      "unimproved: urban": {
        "text": "urban: 3.8% of population"
      },
      "unimproved: rural": {
        "text": "rural: 29.4% of population"
      },
      "unimproved: total": {
        "text": "total: 16% of population (2020 est.)"
      }
    },
    "Current health expenditure": {
      "text": "9.5% of GDP (2020)"
    },
    "Physician density": {
      "text": "0.05 physicians/1,000 population (2018)"
    },
    "Sanitation facility access": {
      "improved: urban": {
        "text": "urban: 68% of population"
      },
      "improved: rural": {
        "text": "rural: 25.2% of population"
      },
      "improved: total": {
        "text": "total: 47.5% of population"
      },
      "unimproved: urban": {
        "text": "urban: 32% of population"
      },
      "unimproved: rural": {
        "text": "rural: 74.8% of population"
      },
      "unimproved: total": {
        "text": "total: 52.5% of population (2020 est.)"
      }
    },
    "Obesity - adult prevalence rate": {
      "text": "9.9% (2016)"
    },
    "Alcohol consumption per capita": {
      "total": {
        "text": "3.12 liters of pure alcohol (2019 est.)"
      },
      "beer": {
        "text": "0.38 liters of pure alcohol (2019 est.)"
      },
      "wine": {
        "text": "0.44 liters of pure alcohol (2019 est.)"
      },
      "spirits": {
        "text": "2.28 liters of pure alcohol (2019 est.)"
      },
      "other alcohols": {
        "text": "0.02 liters of pure alcohol (2019 est.)"
      }
    },
    "Tobacco use": {
      "total": {
        "text": "8.2% (2020 est.)"
      },
      "male": {
        "text": "14.3% (2020 est.)"
      },
      "female": {
        "text": "2% (2020 est.)"
      }
    },
    "Children under the age of 5 years underweight": {
      "text": "10.9% (2019/20)"
    },
    "Currently married women (ages 15-49)": {
      "text": "48.7% (2023 est.)"
    },
    "Child marriage": {
      "women married by age 15": {
        "text": "5.8% NA"
      },
      "women married by age 18": {
        "text": "24.9% NA"
      },
      "men married by age 18": {
        "text": "8.4% (2020 est.)"
      }
    },
    "Education expenditures": {
      "text": "2.7% of GDP (2021 est.)"
    },
    "Literacy": {
      "definition": {
        "text": "age 15 and over can read and write"
      },
      "total population": {
        "text": "48.3%"
      },
      "male": {
        "text": "62.7%"
      },
      "female": {
        "text": "34.1% (2017)"
      }
    }
  },
  "Environment": {
    "Environment - current issues": {
      "text": "tropical rain forest deforestation; soil erosion; loss of biodiversity; hunting of endangered species for bushmeat; pollution of coastal waters from oil residue and raw sewage; pollution of rivers from industrial run-off; burning and dumping of household waste"
    },
    "Environment - international agreements": {
      "party to": {
        "text": "Biodiversity, Climate Change, Climate Change-Kyoto Protocol, Climate Change-Paris Agreement, Comprehensive Nuclear Test Ban, Desertification, Endangered Species, Hazardous Wastes, Law of the Sea, Nuclear Test Ban, Ozone Layer Protection, Ship Pollution, Tropical Timber 2006, Wetlands, Whaling"
      },
      "signed, but not ratified": {
        "text": "Environmental Modification, Marine Life Conservation"
      }
    },
    "Climate": {
      "text": "tropical; hot, humid; dry winters with hot days and cool to cold nights; wet, cloudy summers with frequent heavy showers"
    },
    "Land use": {
      "agricultural land": {
        "text": "28.1% (2018 est.)"
      },
      "agricultural land: arable land": {
        "text": "arable land: 5.2% (2018 est.)"
      },
      "agricultural land: permanent crops": {
        "text": "permanent crops: 2.1% (2018 est.)"
      },
      "agricultural land: permanent pasture": {
        "text": "permanent pasture: 20.8% (2018 est.)"
      },
      "forest": {
        "text": "44.6% (2018 est.)"
      },
      "other": {
        "text": "27.3% (2018 est.)"
      }
    },
    "Urbanization": {
      "urban population": {
        "text": "53.6% of total population (2023)"
      },
      "rate of urbanization": {
        "text": "3.41% annual rate of change (2015-20 est.)"
      }
    },
    "Food insecurity": {
      "severe localized food insecurity": {
        "text": "<em><em>due to </em></em><em>high food prices and macroeconomic challenges </em><em>- </em>levels of acute food insecurity are expected to increase in 2023 associated with high food prices due to high international commodity prices and elevated transportation costs, exacerbated by the unfolding effects of the war in Ukraine on international trade and commodity prices; food availability and access are likely to remain limited by high food prices and below‑average imports; an expected further slowdown in economic domestic growth in 2023 is likely to compound food insecurity conditions for the most vulnerable households; in the June to August 2023 lean season period, over 531,000 people are projected to face acute food insecurity (2023)"
      }
    },
    "Revenue from forest resources": {
      "text": "13.27% of GDP (2018 est.)"
    },
    "Revenue from coal": {
      "text": "0% of GDP (2018 est.)"
    },
    "Air pollutants": {
      "particulate matter emissions": {
        "text": "35.8 micrograms per cubic meter (2019 est.)"
      },
      "carbon dioxide emissions": {
        "text": "1.39 megatons (2016 est.)"
      },
      "methane emissions": {
        "text": "6.56 megatons (2020 est.)"
      }
    },
    "Waste and recycling": {
      "municipal solid waste generated annually": {
        "text": "564,467 tons (2007 est.)"
      }
    },
    "Total water withdrawal": {
      "municipal": {
        "text": "80 million cubic meters (2020 est.)"
      },
      "industrial": {
        "text": "50 million cubic meters (2020 est.)"
      },
      "agricultural": {
        "text": "10 million cubic meters (2020 est.)"
      }
    },
    "Total renewable water resources": {
      "text": "232 billion cubic meters (2020 est.)"
    }
  },
  "Government": {
    "Country name": {
      "conventional long form": {
        "text": "Republic of Liberia"
      },
      "conventional short form": {
        "text": "Liberia"
      },
      "etymology": {
        "text": "name derives from the Latin word \"liber\" meaning \"free\"; so named because the nation was created as a homeland for liberated African-American slaves"
      }
    },
    "Government type": {
      "text": "presidential republic"
    },
    "Capital": {
      "name": {
        "text": "Monrovia"
      },
      "geographic coordinates": {
        "text": "6 18 N, 10 48 W"
      },
      "time difference": {
        "text": "UTC 0 (5 hours ahead of Washington, DC, during Standard Time)"
      },
      "etymology": {
        "text": "named after James MONROE (1758-1831), the fifth president of the United States and supporter of the colonization of Liberia by freed slaves; one of two national capitals named for a US president, the other is Washington, D.C."
      }
    },
    "Administrative divisions": {
      "text": "15 counties; Bomi, Bong, Gbarpolu, Grand Bassa, Grand Cape Mount, Grand Gedeh, Grand Kru, Lofa, Margibi, Maryland, Montserrado, Nimba, River Cess, River Gee, Sinoe"
    },
    "Independence": {
      "text": "26 July 1847"
    },
    "National holiday": {
      "text": "Independence Day, 26 July (1847)"
    },
    "Legal system": {
      "text": "mixed legal system of common law, based on Anglo-American law, and customary law"
    },
    "Constitution": {
      "history": {
        "text": "previous 1847 (at independence); latest drafted 19 October 1983, revision adopted by referendum 3 July 1984, effective 6 January 1986"
      },
      "amendments": {
        "text": "proposed by agreement of at least two thirds of both National Assembly houses or by petition of at least 10,000 citizens; passage requires at least two-thirds majority approval of both houses and approval in a referendum by at least two-thirds majority of registered voters; amended 2011, 2020"
      }
    },
    "International law organization participation": {
      "text": "accepts compulsory ICJ jurisdiction with reservations; accepts ICCt jurisdiction"
    },
    "Citizenship": {
      "citizenship by birth": {
        "text": "no"
      },
      "citizenship by descent only": {
        "text": "at least one parent must be a citizen of Liberia"
      },
      "dual citizenship recognized": {
        "text": "no"
      },
      "residency requirement for naturalization": {
        "text": "2 years"
      }
    },
    "Suffrage": {
      "text": "18 years of age; universal"
    },
    "Executive branch": {
      "chief of state": {
        "text": "President Joseph BOAKAI (since 22 January 2024)"
      },
      "head of government": {
        "text": "President Joseph BOAKAI (since 22 January 2024)"
      },
      "cabinet": {
        "text": "Cabinet appointed by the president, confirmed by the Senate"
      },
      "elections/appointments": {
        "text": "president directly elected by absolute majority popular vote in 2 rounds if needed for a 6-year term (eligible for a second term); election last held on 10 October 2023 with a runoff on 14 November 2023 (next to be held in October 2029) note - the president is both chief of state and head of government"
      },
      "election results": {
        "text": "<em><br>2023:</em> Joseph BOAKAI elected president in second round; percent of vote in first round - George WEAH (CDC) 43.8%, Joseph BOAKAI (UP) 43.4%, Edward APPLETON (GDM) 2.2%, Lusinee KAMARA (ALCOP) 2%, Alexander B. CUMMINGS, Jr. (CPP) 1.6%, Tiawan Saye GONGLOE (LPP) 1.4%, other 5.6%; percentage of vote in second round - Joseph BOAKAI 50.6%, George WEAH 49.4%<br><br><em>2017:</em> George WEAH elected president in second round; percent of vote in first round - George WEAH (Coalition for Democratic Change) 38.4%, Joseph BOAKAI (UP) 28.8%, Charles BRUMSKINE (LP) 9.6%, Prince JOHNSON (MDR) 8.2%, Alexander B. CUMMINGS (ANC) 7.2%, other 7.8%; percentage of vote in second round - George WEAH 61.5%, Joseph BOAKAI 38.5%"
      }
    },
    "Legislative branch": {
      "legislature name": {
        "text": "Legislature"
      },
      "legislative structure": {
        "text": "bicameral"
      }
    },
    "Legislative branch - lower chamber": {
      "chamber name": {
        "text": "House of Representatives"
      },
      "number of seats": {
        "text": "73 (all directly elected)"
      },
      "electoral system": {
        "text": "plurality/majority"
      },
      "scope of elections": {
        "text": "full renewal"
      },
      "term in office": {
        "text": "6 years"
      },
      "most recent election date": {
        "text": "10/10/2023"
      },
      "parties elected and seats per party": {
        "text": "Congress for Democratic Change (CDC) (25); Unity Party (UP) (11); Collaborating Political Parties (CPP) (6); Movement for Democracy and Reconstruction (MDR) (4); Independents (19); Other (8)"
      },
      "percentage of women in chamber": {
        "text": "11%"
      },
      "expected date of next election": {
        "text": "October 2029"
      }
    },
    "Legislative branch - upper chamber": {
      "chamber name": {
        "text": "The Liberian Senate"
      },
      "number of seats": {
        "text": "30 (all directly elected)"
      },
      "electoral system": {
        "text": "plurality/majority"
      },
      "scope of elections": {
        "text": "partial renewal"
      },
      "term in office": {
        "text": "9 years"
      },
      "most recent election date": {
        "text": "10/10/2023"
      },
      "parties elected and seats per party": {
        "text": "Congress for Democratic Change (CDC) (6); Unity Party (UP) (1); Movement for Democracy and Reconstruction (MDR) (1); Liberia Restoration Party (LRP) (1); Independents (6)"
      },
      "percentage of women in chamber": {
        "text": "10%"
      },
      "expected date of next election": {
        "text": "October 2029"
      }
    },
    "Judicial branch": {
      "highest court(s)": {
        "text": "Supreme Court (consists of a chief justice and 4 associate justices); note - the Supreme Court has jurisdiction for all constitutional cases"
      },
      "judge selection and term of office": {
        "text": "chief justice and associate justices appointed by the president of Liberia with consent of the Senate; judges can serve until age 70"
      },
      "subordinate courts": {
        "text": "judicial circuit courts; special courts, including criminal, civil, labor, traffic; magistrate and traditional or customary courts"
      }
    },
    "Political parties": {
      "text": "All Liberian Party or ALP <br>Alliance for Peace and Democracy or APD <br>Alternative National Congress or ANC <br>Coalition for Democratic Change (includes CDC, NPP, and LPDP)<br>Collaborating Political Parties or CPP (coalition includes ANC, LP; CPP dissolved in April 2024)<br>Congress for Democratic Change or CDC <br>Liberia Destiny Party or LDP <br>Liberia National Union or LINU <br>Liberia Transformation Party or LTP <br>Liberian People Democratic Party or LPDP <br>Liberian People's Party or LPP <br>Liberian Restoration Party or LRP <br>Liberty Party or LP <br>Movement for Democracy and Reconstruction or MDR <br>Movement for Economic Empowerment <br>Movement for Progressive Change or MPC <br>National Democratic Coalition or NDC <br>National Democratic Party of Liberia or NDPL <br>National Patriotic Party or NPP <br>National Reformist Party or NRP <br>National Union for Democratic Progress or NUDP <br>People's Unification Party or PUP <br>Unity Party or UP <br>United People's Party <br>Victory for Change Party or VCP "
    },
    "International organization participation": {
      "text": "ACP, AfDB, AU, ECOWAS, EITI (compliant country), FAO, G-77, IAEA, IBRD, ICAO, ICC (NGOs), ICCt, ICRM, IDA, IFAD, IFC, IFRCS, ILO, IMF, IMO, IMSO, Interpol, IOC, IOM, ISO (correspondent), ITU, ITUC (NGOs), MIGA, NAM, OPCW, UN, UNCTAD, UNESCO, UNIDO, UNISFA, UNWTO, UPU, WCO, WFTU (NGOs), WHO, WIPO, WMO, WTO"
    },
    "Diplomatic representation in the US": {
      "chief of mission": {
        "text": "Ambassador (vacant); Charg&eacute; d'Affaires&nbsp;Isaac Chennoweth YEAH, Sr. (since 15 January 2025)"
      },
      "chancery": {
        "text": "5201 16th Street NW, Washington, DC 20011"
      },
      "telephone": {
        "text": "[1] (202) 723-0437"
      },
      "FAX": {
        "text": "[1] (202) 723-0436"
      },
      "email address and website": {
        "text": "<br>info@liberianembassyus.org<br><br>http://www.liberianembassyus.org/"
      },
      "consulate(s) general": {
        "text": "New York"
      }
    },
    "Diplomatic representation from the US": {
      "chief of mission": {
        "text": "Ambassador Mark TONER (since 7 August 2024)"
      },
      "embassy": {
        "text": "502 Benson Street, Monrovia"
      },
      "mailing address": {
        "text": "8800 Monrovia Place, Washington DC&nbsp; 20521-8800"
      },
      "telephone": {
        "text": "[231] 77-677-7000"
      },
      "FAX": {
        "text": "[231] 77-677-7370"
      },
      "email address and website": {
        "text": "<br>ACSMonrovia@state.gov<br><br>https://lr.usembassy.gov/"
      }
    },
    "Flag description": {
      "text": "11 equal horizontal stripes of red (top and bottom) alternating with white; a white, five-pointed star appears on a blue square in the upper hoist-side corner; the stripes symbolize the signatories of the Liberian Declaration of Independence; the blue square represents the African mainland, and the star represents the freedom granted to the ex-slaves; according to the constitution, the blue color signifies liberty, justice, and fidelity, the white color purity, cleanliness, and guilelessness, and the red color steadfastness, valor, and fervor",
      "note": "<strong>note:</strong> the design is based on the US flag"
    },
    "National symbol(s)": {
      "text": "white star; national colors: red, white, blue"
    },
    "National anthem": {
      "name": {
        "text": "\"All Hail, Liberia Hail!\""
      },
      "lyrics/music": {
        "text": "Daniel Bashiel WARNER/Olmstead LUCA"
      },
      "note": "<strong>note:</strong> lyrics adopted 1847, music adopted 1860; the anthem's author later became the third president of Liberia"
    }
  },
  "Economy": {
    "Economic overview": {
      "text": "low-income West African economy; food scarcity, especially in rural areas; high poverty and inflation; bad recession prior to COVID-19 due to Ebola crisis; growing government debt; longest continuously operated rubber plantation; large informal economy"
    },
    "Real GDP (purchasing power parity)": {
      "Real GDP (purchasing power parity) 2023": {
        "text": "$8.882 billion (2023 est.)"
      },
      "Real GDP (purchasing power parity) 2022": {
        "text": "$8.484 billion (2022 est.)"
      },
      "Real GDP (purchasing power parity) 2021": {
        "text": "$8.095 billion (2021 est.)"
      },
      "note": "<b>note:</b> data in 2021 dollars"
    },
    "Real GDP growth rate": {
      "Real GDP growth rate 2023": {
        "text": "4.68% (2023 est.)"
      },
      "Real GDP growth rate 2022": {
        "text": "4.81% (2022 est.)"
      },
      "Real GDP growth rate 2021": {
        "text": "4.99% (2021 est.)"
      },
      "note": "<b>note:</b> annual GDP % growth based on constant local currency"
    },
    "Real GDP per capita": {
      "Real GDP per capita 2023": {
        "text": "$1,600 (2023 est.)"
      },
      "Real GDP per capita 2022": {
        "text": "$1,600 (2022 est.)"
      },
      "Real GDP per capita 2021": {
        "text": "$1,500 (2021 est.)"
      },
      "note": "<b>note:</b> data in 2021 dollars"
    },
    "GDP (official exchange rate)": {
      "text": "$4.24 billion (2023 est.)",
      "note": "<b>note:</b> data in current dollars at official exchange rate"
    },
    "Inflation rate (consumer prices)": {
      "Inflation rate (consumer prices) 2023": {
        "text": "10.09% (2023 est.)"
      },
      "Inflation rate (consumer prices) 2022": {
        "text": "7.59% (2022 est.)"
      },
      "Inflation rate (consumer prices) 2021": {
        "text": "7.82% (2021 est.)"
      },
      "note": "<b>note:</b> annual % change based on consumer prices"
    },
    "GDP - composition, by sector of origin": {
      "agriculture": {
        "text": "35.8% (2023 est.)"
      },
      "industry": {
        "text": "24.2% (2023 est.)"
      },
      "services": {
        "text": "36.3% (2023 est.)"
      },
      "note": "<b>note:</b> figures may not total 100% due to non-allocated consumption not captured in sector-reported data"
    },
    "GDP - composition, by end use": {
      "household consumption": {
        "text": "128.8% (2016 est.)"
      },
      "government consumption": {
        "text": "16.7% (2016 est.)"
      },
      "investment in fixed capital": {
        "text": "19.5% (2016 est.)"
      },
      "investment in inventories": {
        "text": "6.7% (2016 est.)"
      },
      "exports of goods and services": {
        "text": "17.5% (2016 est.)"
      },
      "imports of goods and services": {
        "text": "-89.2% (2016 est.)"
      }
    },
    "Agricultural products": {
      "text": "cassava, rice, sugarcane, oil palm fruit, bananas, rubber, vegetables, plantains, taro, maize (2022)",
      "note": "<b>note:</b> top ten agricultural products based on tonnage"
    },
    "Industries": {
      "text": "mining (iron ore and gold), rubber processing, palm oil processing, diamonds"
    },
    "Industrial production growth rate": {
      "text": "13.83% (2023 est.)",
      "note": "<b>note:</b> annual % change in industrial value added based on constant local currency"
    },
    "Labor force": {
      "text": "2.533 million (2023 est.)",
      "note": "<b>note:</b> number of people ages 15 or older who are employed or seeking work"
    },
    "Unemployment rate": {
      "Unemployment rate 2023": {
        "text": "2.94% (2023 est.)"
      },
      "Unemployment rate 2022": {
        "text": "2.99% (2022 est.)"
      },
      "Unemployment rate 2021": {
        "text": "3.79% (2021 est.)"
      },
      "note": "<b>note:</b> % of labor force seeking employment"
    },
    "Youth unemployment rate (ages 15-24)": {
      "total": {
        "text": "2.3% (2023 est.)"
      },
      "male": {
        "text": "2.4% (2023 est.)"
      },
      "female": {
        "text": "2.2% (2023 est.)"
      },
      "note": "<b>note:</b> % of labor force ages 15-24 seeking employment"
    },
    "Population below poverty line": {
      "text": "50.9% (2016 est.)",
      "note": "<b>note:</b> % of population with income below national poverty line"
    },
    "Gini Index coefficient - distribution of family income": {
      "Gini Index coefficient - distribution of family income 2016": {
        "text": "35.3 (2016 est.)"
      },
      "note": "<b>note:</b> index (0-100) of income distribution; higher values represent greater inequality"
    },
    "Household income or consumption by percentage share": {
      "lowest 10%": {
        "text": "2.9% (2016 est.)"
      },
      "highest 10%": {
        "text": "27.1% (2016 est.)"
      },
      "note": "<b>note:</b> % share of income accruing to lowest and highest 10% of population"
    },
    "Remittances": {
      "Remittances 2023": {
        "text": "18.87% of GDP (2023 est.)"
      },
      "Remittances 2022": {
        "text": "17.24% of GDP (2022 est.)"
      },
      "Remittances 2021": {
        "text": "15.11% of GDP (2021 est.)"
      },
      "note": "<b>note:</b> personal transfers and compensation between resident and non-resident individuals/households/entities"
    },
    "Budget": {
      "revenues": {
        "text": "$5 million (2019 est.)"
      },
      "expenditures": {
        "text": "$6 million (2019 est.)"
      }
    },
    "Public debt": {
      "Public debt 2017": {
        "text": "34.4% of GDP (2017 est.)"
      }
    },
    "Current account balance": {
      "Current account balance 2022": {
        "text": "$64.806 million (2022 est.)"
      },
      "Current account balance 2021": {
        "text": "-$101.746 million (2021 est.)"
      },
      "Current account balance 2020": {
        "text": "-$274.971 million (2020 est.)"
      },
      "note": "<b>note:</b> balance of payments - net trade and primary/secondary income in current dollars"
    },
    "Exports": {
      "Exports 2022": {
        "text": "$1.22 billion (2022 est.)"
      },
      "Exports 2021": {
        "text": "$1.041 billion (2021 est.)"
      },
      "Exports 2020": {
        "text": "$731.658 million (2020 est.)"
      },
      "note": "<b>note:</b> balance of payments - exports of goods and services in current dollars"
    },
    "Exports - partners": {
      "text": "Switzerland 28%, France 8%, Germany 8%, UK 8%, Poland 6% (2022)",
      "note": "<b>note:</b> top five export partners based on percentage share of exports"
    },
    "Exports - commodities": {
      "text": "gold, ships, iron ore, rubber, refined petroleum (2022)",
      "note": "<b>note:</b> top five export commodities based on value in dollars"
    },
    "Imports": {
      "Imports 2022": {
        "text": "$1.961 billion (2022 est.)"
      },
      "Imports 2021": {
        "text": "$1.739 billion (2021 est.)"
      },
      "Imports 2020": {
        "text": "$1.371 billion (2020 est.)"
      },
      "note": "<b>note:</b> balance of payments - imports of goods and services in current dollars"
    },
    "Imports - partners": {
      "text": "China 42%, South Korea 23%, Japan 15%, Germany 5%, Brazil 3% (2022)",
      "note": "<b>note:</b> top five import partners based on percentage share of imports"
    },
    "Imports - commodities": {
      "text": "ships, refined petroleum, additive manufacturing machines, centrifuges, rice (2022)",
      "note": "<b>note:</b> top five import commodities based on value in dollars"
    },
    "Reserves of foreign exchange and gold": {
      "Reserves of foreign exchange and gold 2022": {
        "text": "$599.66 million (2022 est.)"
      },
      "Reserves of foreign exchange and gold 2021": {
        "text": "$700.829 million (2021 est.)"
      },
      "Reserves of foreign exchange and gold 2020": {
        "text": "$340.966 million (2020 est.)"
      },
      "note": "<b>note:</b> holdings of gold (year-end prices)/foreign exchange/special drawing rights in current dollars"
    },
    "Debt - external": {
      "Debt - external 2023": {
        "text": "$1.487 billion (2023 est.)"
      },
      "note": "<b>note:</b> present value of external debt in current US dollars"
    },
    "Exchange rates": {
      "Currency": {
        "text": "Liberian dollars (LRD) per US dollar -"
      },
      "Exchange rates 2022": {
        "text": "152.934 (2022 est.)"
      },
      "Exchange rates 2021": {
        "text": "166.154 (2021 est.)"
      },
      "Exchange rates 2020": {
        "text": "191.518 (2020 est.)"
      },
      "Exchange rates 2019": {
        "text": "186.43 (2019 est.)"
      },
      "Exchange rates 2018": {
        "text": "144.056 (2018 est.)"
      }
    }
  },
  "Energy": {
    "Electricity access": {
      "electrification - total population": {
        "text": "31.8% (2022 est.)"
      },
      "electrification - urban areas": {
        "text": "53.7%"
      },
      "electrification - rural areas": {
        "text": "14.9%"
      }
    },
    "Electricity": {
      "installed generating capacity": {
        "text": "197,000 kW (2022 est.)"
      },
      "consumption": {
        "text": "615.96 million kWh (2022 est.)"
      },
      "transmission/distribution losses": {
        "text": "179.222 million kWh (2022 est.)"
      }
    },
    "Electricity generation sources": {
      "fossil fuels": {
        "text": "32.8% of total installed capacity (2022 est.)"
      },
      "solar": {
        "text": "0.5% of total installed capacity (2022 est.)"
      },
      "hydroelectricity": {
        "text": "66.7% of total installed capacity (2022 est.)"
      }
    },
    "Coal": {
      "imports": {
        "text": "78,000 metric tons (2022 est.)"
      }
    },
    "Petroleum": {
      "refined petroleum consumption": {
        "text": "4,000 bbl/day (2022 est.)"
      }
    },
    "Carbon dioxide emissions": {
      "total emissions": {
        "text": "620,000 metric tonnes of CO2 (2022 est.)"
      },
      "from petroleum and other liquids": {
        "text": "620,000 metric tonnes of CO2 (2022 est.)"
      }
    },
    "Energy consumption per capita": {
      "Total energy consumption per capita 2022": {
        "text": "1.971 million Btu/person (2022 est.)"
      }
    }
  },
  "Communications": {
    "Telephones - fixed lines": {
      "total subscriptions": {
        "text": "6,000 (2021 est.)"
      },
      "subscriptions per 100 inhabitants": {
        "text": "(2022 est.) less than 1"
      }
    },
    "Telephones - mobile cellular": {
      "total subscriptions": {
        "text": "1.65 million (2021 est.)"
      },
      "subscriptions per 100 inhabitants": {
        "text": "32 (2021 est.)"
      }
    },
    "Telecommunication systems": {
      "general assessment": {
        "text": "Liberia has a telecom market which is mainly based on mobile networks; this is due to the civil war which destroyed much of the fixed-line infrastructure; to facilitate LTC Mobile&rsquo;s market entry, the government in January 2022 set in train amendments to telecom legislation; internet services are available from a number of wireless ISPs as well as the mobile operators; the high cost and limited bandwidth of connections means that internet access is expensive and rates are very low; additional bandwidth is available from an international submarine cable but considerable investment is still needed in domestic fixed-line infrastructure before end-users can make full use of the cable (2022)"
      },
      "domestic": {
        "text": "fixed-line less than 1 per 100; mobile-cellular subscriptions are 32 per 100 persons (2021)"
      },
      "international": {
        "text": "country code - 231; landing point for the ACE submarine cable&nbsp;linking 20 West&nbsp;African countries and Europe;&nbsp;satellite earth station - 1 Intelsat (Atlantic Ocean) (2019)"
      }
    },
    "Broadcast media": {
      "text": "8 private and 1 government-owned TV station; satellite TV service available; 1 state-owned radio station; approximately&nbsp;20 independent radio stations broadcasting in Monrovia, with approximately&nbsp;80 more local stations operating in other areas; transmissions of 4 international (including the British Broadcasting Corporation and Radio France Internationale) broadcasters are available (2019)"
    },
    "Internet country code": {
      "text": ".lr"
    },
    "Internet users": {
      "percent of population": {
        "text": "30% (2022 est.)"
      }
    },
    "Broadband - fixed subscriptions": {
      "total": {
        "text": "15,000 (2022 est.)"
      },
      "subscriptions per 100 inhabitants": {
        "text": "(2022 est.) less than 1"
      }
    }
  },
  "Transportation": {
    "Civil aircraft registration country code prefix": {
      "text": "A8"
    },
    "Airports": {
      "text": "19 (2024)"
    },
    "Pipelines": {
      "text": "4 km oil (2013)"
    },
    "Railways": {
      "total": {
        "text": "429 km (2008)"
      },
      "standard gauge": {
        "text": "345 km (2008) 1.435-m gauge"
      },
      "narrow gauge": {
        "text": "84 km (2008) 1.067-m gauge"
      },
      "note": "<strong>note:</strong> most sections of the railways inoperable due to damage sustained during the civil wars from 1980 to 2003, but many are being rebuilt"
    },
    "Roadways": {
      "total": {
        "text": "10,600 km"
      },
      "paved": {
        "text": "657 km"
      },
      "unpaved": {
        "text": "9,943 km (2021)"
      }
    },
    "Merchant marine": {
      "total": {
        "text": "4,821 (2023)"
      },
      "by type": {
        "text": "bulk carrier 1,895, container ship 1,013, general cargo 170, oil tanker 1,038, other 705"
      }
    },
    "Ports": {
      "total ports": {
        "text": "4 (2024)"
      },
      "large": {
        "text": "0"
      },
      "medium": {
        "text": "0"
      },
      "small": {
        "text": "1"
      },
      "very small": {
        "text": "3"
      },
      "ports with oil terminals": {
        "text": "3"
      },
      "key ports": {
        "text": "Buchanan, Cape Palmas, Greenville, Monrovia"
      }
    }
  },
  "Military and Security": {
    "Military and security forces": {
      "text": "Armed Forces of Liberia (AFL): Army, Liberian Coast Guard, Air Wing; Ministry of Justice: Liberia National Police, Liberia Drug Enforcement Agency (2024)",
      "note": "<strong>note:</strong> the AFL Air Wing was previously disbanded in 2005 and has been under redevelopment since 2019; the Liberian National Police and the Liberian Drug Enforcement Agency are under the Ministry of Justice"
    },
    "Military expenditures": {
      "Military Expenditures 2022": {
        "text": "0.8% of GDP (2022 est.)"
      },
      "Military Expenditures 2021": {
        "text": "0.7% of GDP (2021 est.)"
      },
      "Military Expenditures 2020": {
        "text": "0.5% of GDP (2020 est.)"
      },
      "Military Expenditures 2019": {
        "text": "0.6% of GDP (2019 est.)"
      },
      "Military Expenditures 2018": {
        "text": "0.5% of GDP (2018 est.)"
      }
    },
    "Military and security service personnel strengths": {
      "text": "approximately 2,000 active personnel (2023)"
    },
    "Military equipment inventories and acquisitions": {
      "text": "the military has a limited inventory; in recent years, it has received small quantities of equipment, including donations, from countries such as China and the US (2024)"
    },
    "Military service age and obligation": {
      "text": "18-35 years of age for men and women for voluntary military service; no conscription (2024)"
    },
    "Military - note": {
      "text": "the AFL is responsible for external defense and also has some domestic security responsibilities if called upon, such as humanitarian assistance during natural disasters and support to law enforcement; it is a small, lightly equipped force comprised of two combat infantry battalions and supporting units; the infantry battalions were rebuilt with US assistance in 2007-2008 from the restructured AFL following the end of the second civil war in 2003 when military and police forces were disbanded and approximately 100,000 military, police, and rebel combatants were disarmed<br><br>the first militia unit established for defense of the Liberia colony was raised in 1832; the AFL traces its origins to the 1908 establishment of the Liberia Frontier Force, which became the Liberian National Guard in 1965; the AFL was established in 1970<br><br>the UN Mission in Liberia (UNMIL) was established in 2003 as a peacekeeping force; at its height, UNMIL was comprised of about 15,000 personnel, including more than 3,000 troops absorbed from the Economic Community of West African States (ECOWAS) peacekeeping mission; Liberian forces reassumed full control of the country’s security in June of 2016, and the UNMIL mission was ended in 2018 (2024)"
    }
  },
  "Transnational Issues": {
    "Trafficking in persons": {
      "tier rating": {
        "text": "Tier 2 Watch List — the government did not demonstrate overall increasing efforts to eliminate trafficking compared with the previous reporting period, therefore Liberia was downgraded to Tier 2 Watch List; for more details, go to:  https://www.state.gov/reports/2024-trafficking-in-persons-report/liberia/"
      }
    },
    "Illicit drugs": {
      "text": "<p>not a significant transit country for illicit narcotics bound for the United States or Europe; not a key producer of illicit drugs; proximity to major drug transit routes contribute to trafficking cocaine and heroin, to and through Liberia and other West African countries; local drug use involves locally grown cannabis, heroin (mostly smoked), cocaine (snorted), and more recently kush (Cannabis Indic’s type flower), mixed with different substances including heroin or synthetic DMT</p>"
    }
  }
}