<?xml version="1.0" encoding="UTF-8"?>
<rss xmlns:dc="http://purl.org/dc/elements/1.1/" xmlns:media="http://search.yahoo.com/mrss/" xmlns:atom="http://www.w3.org/2005/Atom" xmlns:nyt="http://www.nytimes.com/namespaces/rss/2.0" version="2.0">
  <channel>
    <title>NYT &gt; World &gt; Africa</title>
    <link>https://www.nytimes.com/section/world/africa</link>
    <atom:link href="https://rss.nytimes.com/services/xml/rss/nyt/Africa.xml" rel="self" type="application/rss+xml"></atom:link>
    <description></description>
    <language>en-us</language>
    <copyright>Copyright 2025 The New York Times Company</copyright>
    <lastBuildDate>Wed, 05 Mar 2025 08:26:40 +0000</lastBuildDate>
    <pubDate>Wed, 05 Mar 2025 04:39:36 +0000</pubDate>
    <image>
      <title>NYT &gt; World &gt; Africa</title>
      <url>https://static01.nyt.com/images/misc/NYT_logo_rss_250x40.png</url>
      <link>https://www.nytimes.com/section/world/africa</link>
    </image>
    <item>
      <title>Where Being Gay Is Punishable by Death, Aid Cuts Are ‘Heartbreaking’</title>
      <link>https://www.nytimes.com/2025/03/04/world/africa/usaid-africa-uganda-lgbtq.html</link>
      <guid isPermaLink="true">https://www.nytimes.com/2025/03/04/world/africa/usaid-africa-uganda-lgbtq.html</guid>
      <atom:link href="https://www.nytimes.com/2025/03/04/world/africa/usaid-africa-uganda-lgbtq.html" rel="standout"></atom:link>
      <description>Uganda’s L.G.B.T.Q. population was already struggling to cope with the fallout of a harsh anti-gay law when the disruption of U.S. aid put people at even greater risk.</description>
      <dc:creator>Abdi Latif Dahir</dc:creator>
      <pubDate>Tue, 04 Mar 2025 05:01:14 +0000</pubDate>
      <category domain="http://www.nytimes.com/namespaces/keywords/nyt_geo">Uganda</category>
      <category domain="http://www.nytimes.com/namespaces/keywords/nyt_geo">Kampala (Uganda)</category>
      <category domain="http://www.nytimes.com/namespaces/keywords/nyt_per">Museveni, Yoweri</category>
      <category domain="http://www.nytimes.com/namespaces/keywords/nyt_per">Trump, Donald J</category>
      <category domain="http://www.nytimes.com/namespaces/keywords/nyt_per">Rubio, Marco</category>
      <category domain="http://www.nytimes.com/namespaces/keywords/nyt_org">UNAIDS</category>
      <category domain="http://www.nytimes.com/namespaces/keywords/nyt_org">United States Agency for International Development</category>
      <category domain="http://www.nytimes.com/namespaces/keywords/nyt_per">Musk, Elon</category>
      <category domain="http://www.nytimes.com/namespaces/keywords/nyt_per">Kainerugaba, Muhoozi</category>
      <media:content height="1800" medium="image" url="https://static01.nyt.com/images/2025/03/04/multimedia/04uganda-usaid-3-vqkh/04uganda-usaid-3-vqkh-mediumSquareAt3X.jpg" width="1800"></media:content>
      <media:credit>Stuart Tibaweswa for The New York Times</media:credit>
      <media:description>An L.G.B.T.Q. shelter run by Prism Empowerment and Development Initiatives in Kampala, Uganda. The dismantling U.S. foreign aid has left shelters in the country underfunded.</media:description>
    </item>
    <item>
      <title>Why Congo’s Vast Army Is Struggling to Fight M23</title>
      <link>https://www.nytimes.com/2025/03/02/world/africa/congo-army-weak-rwanda-m23.html</link>
      <guid isPermaLink="true">https://www.nytimes.com/2025/03/02/world/africa/congo-army-weak-rwanda-m23.html</guid>
      <atom:link href="https://www.nytimes.com/2025/03/02/world/africa/congo-army-weak-rwanda-m23.html" rel="standout"></atom:link>
      <description>The latest conflict in eastern Congo has exposed endemic weaknesses in the country’s military, long known for corruption, extortion and abuse.</description>
      <dc:creator>Ruth Maclean and Guerchom Ndebo</dc:creator>
      <pubDate>Sun, 02 Mar 2025 23:58:59 +0000</pubDate>
      <category domain="http://www.nytimes.com/namespaces/keywords/nyt_geo">Congo, Democratic Republic of (Congo-Kinshasa)</category>
      <category domain="http://www.nytimes.com/namespaces/keywords/nyt_geo">Rwanda</category>
      <category domain="http://www.nytimes.com/namespaces/keywords/nyt_org">March 23 Movement</category>
      <category domain="http://www.nytimes.com/namespaces/keywords/nyt_per">Kagame, Paul</category>
      <category domain="http://www.nytimes.com/namespaces/keywords/nyt_per">Tshisekedi, Felix</category>
      <category domain="http://www.nytimes.com/namespaces/keywords/des">War and Armed Conflicts</category>
      <category domain="http://www.nytimes.com/namespaces/keywords/des">Politics and Government</category>
      <category domain="http://www.nytimes.com/namespaces/keywords/des">Defense and Military Forces</category>
      <category domain="http://www.nytimes.com/namespaces/keywords/des">International Relations</category>
      <category domain="http://www.nytimes.com/namespaces/keywords/des">vis-photo</category>
      <category domain="http://www.nytimes.com/namespaces/keywords/des">Corruption (Institutional)</category>
      <category domain="http://www.nytimes.com/namespaces/keywords/nyt_geo">Africa</category>
      <media:content height="1801" medium="image" url="https://static01.nyt.com/images/2025/02/28/multimedia/00congo-promonew/00congo-promonew-mediumSquareAt3X-v2.jpg" width="1800"></media:content>
      <media:credit>Guerchom Ndebo for The New York Times</media:credit>
      <media:description>Congolese soldiers in January near the front line west of the city of Goma, shortly before M23 captured it.</media:description>
    </item>
    <item>
      <title>Unknown Illness Kills Dozens in Congo as Experts Clash on Cause</title>
      <link>https://www.nytimes.com/2025/02/28/world/africa/congo-mystery-illness.html</link>
      <guid isPermaLink="true">https://www.nytimes.com/2025/02/28/world/africa/congo-mystery-illness.html</guid>
      <atom:link href="https://www.nytimes.com/2025/02/28/world/africa/congo-mystery-illness.html" rel="standout"></atom:link>
      <description>The World Health Organization speculated that a mass poisoning event was behind the deaths of 60 people. But African experts suspect a more mundane cause.</description>
      <dc:creator>Eve Sampson</dc:creator>
      <pubDate>Sat, 01 Mar 2025 02:12:29 +0000</pubDate>
      <category domain="http://www.nytimes.com/namespaces/keywords/des">Deaths (Fatalities)</category>
      <category domain="http://www.nytimes.com/namespaces/keywords/des">Poisoning and Poisons</category>
      <category domain="http://www.nytimes.com/namespaces/keywords/des">Water Pollution</category>
      <category domain="http://www.nytimes.com/namespaces/keywords/des">Malaria</category>
      <category domain="http://www.nytimes.com/namespaces/keywords/nyt_geo">Congo, Democratic Republic of (Congo-Kinshasa)</category>
      <category domain="http://www.nytimes.com/namespaces/keywords/nyt_org">World Health Organization</category>
      <category domain="http://www.nytimes.com/namespaces/keywords/nyt_org">Africa Centers for Disease Control and Prevention</category>
      <media:content height="1800" medium="image" url="https://static01.nyt.com/images/2025/02/28/multimedia/28congo-illness-1-cmjk/28congo-illness-1-cmjk-mediumSquareAt3X.jpg" width="1800"></media:content>
      <media:credit>Nanna Heitmann for The New York Times</media:credit>
      <media:description>In Équateur Province in the Democratic Republic of Congo in 2021.</media:description>
    </item>
    <item>
      <title>How Trump and Biden Pursued Critical Minerals in Ukraine, Greenland and Other Countries</title>
      <link>https://www.nytimes.com/2025/02/26/us/politics/trump-biden-minerals-ukraine.html</link>
      <guid isPermaLink="true">https://www.nytimes.com/2025/02/26/us/politics/trump-biden-minerals-ukraine.html</guid>
      <atom:link href="https://www.nytimes.com/2025/02/26/us/politics/trump-biden-minerals-ukraine.html" rel="standout"></atom:link>
      <description>China dominates in critical minerals, and President Trump has turned to high-pressure tactics to acquire them.</description>
      <dc:creator>Edward Wong</dc:creator>
      <pubDate>Wed, 26 Feb 2025 23:49:39 +0000</pubDate>
      <category domain="http://www.nytimes.com/namespaces/keywords/des">United States Politics and Government</category>
      <category domain="http://www.nytimes.com/namespaces/keywords/des">United States International Relations</category>
      <category domain="http://www.nytimes.com/namespaces/keywords/des">Metals and Minerals</category>
      <category domain="http://www.nytimes.com/namespaces/keywords/des">Foreign Aid</category>
      <category domain="http://www.nytimes.com/namespaces/keywords/des">Russian Invasion of Ukraine (2022)</category>
      <category domain="http://www.nytimes.com/namespaces/keywords/des">Supply Chain</category>
      <category domain="http://www.nytimes.com/namespaces/keywords/des">Rare Earths</category>
      <category domain="http://www.nytimes.com/namespaces/keywords/nyt_per">Biden, Joseph R Jr</category>
      <category domain="http://www.nytimes.com/namespaces/keywords/nyt_per">Zelensky, Volodymyr</category>
      <category domain="http://www.nytimes.com/namespaces/keywords/nyt_per">Trump, Donald J</category>
      <category domain="http://www.nytimes.com/namespaces/keywords/nyt_geo">Ukraine</category>
      <category domain="http://www.nytimes.com/namespaces/keywords/nyt_geo">Russia</category>
      <category domain="http://www.nytimes.com/namespaces/keywords/nyt_geo">Greenland</category>
      <category domain="http://www.nytimes.com/namespaces/keywords/nyt_geo">China</category>
      <media:content height="1798" medium="image" url="https://static01.nyt.com/images/2025/02/26/multimedia/DC-MINERALS-01-gzjh/DC-MINERALS-01-gzjh-mediumSquareAt3X.jpg" width="1800"></media:content>
      <media:credit>Qilai Shen for The New York Times</media:credit>
      <media:description>Floating barges on the brine ponds of the Chaerhan Salt Lake in Golmud, China, an area rich in lithium and other minerals, seen in 2021.</media:description>
    </item>
    <item>
      <title>Military Plane Crash in Residential Area Kills at Least 46 in Sudan</title>
      <link>https://www.nytimes.com/2025/02/26/world/africa/sudan-plane-crash.html</link>
      <guid isPermaLink="true">https://www.nytimes.com/2025/02/26/world/africa/sudan-plane-crash.html</guid>
      <atom:link href="https://www.nytimes.com/2025/02/26/world/africa/sudan-plane-crash.html" rel="standout"></atom:link>
      <description>The incident, whose cause was unknown, has added to the destruction wrought by years of civil war.</description>
      <dc:creator>Abdalrahman Altayeb and Lynsey Chutel</dc:creator>
      <pubDate>Wed, 26 Feb 2025 15:32:37 +0000</pubDate>
      <category domain="http://www.nytimes.com/namespaces/keywords/des">Airlines and Airplanes</category>
      <category domain="http://www.nytimes.com/namespaces/keywords/des">Aviation Accidents, Safety and Disasters</category>
      <category domain="http://www.nytimes.com/namespaces/keywords/des">Military Aircraft</category>
      <category domain="http://www.nytimes.com/namespaces/keywords/nyt_org">Sudanese Armed Forces</category>
      <category domain="http://www.nytimes.com/namespaces/keywords/nyt_geo">Khartoum (Sudan)</category>
      <category domain="http://www.nytimes.com/namespaces/keywords/nyt_geo">Sudan</category>
      <category domain="http://www.nytimes.com/namespaces/keywords/nyt_org">Antonov Co</category>
    </item>
    <item>
      <title>Wildfire Burning on Table Mountain Moves Toward Cape Town</title>
      <link>https://www.nytimes.com/2025/02/26/world/africa/cape-town-wildfire-table-mountain.html</link>
      <guid isPermaLink="true">https://www.nytimes.com/2025/02/26/world/africa/cape-town-wildfire-table-mountain.html</guid>
      <atom:link href="https://www.nytimes.com/2025/02/26/world/africa/cape-town-wildfire-table-mountain.html" rel="standout"></atom:link>
      <description>Firefighters have battled a blaze on the slopes in the national park for days. The fire spread overnight toward Cape Town’s central business district.</description>
      <dc:creator>Isabella Kwai</dc:creator>
      <pubDate>Wed, 26 Feb 2025 10:47:51 +0000</pubDate>
      <category domain="http://www.nytimes.com/namespaces/keywords/des">Wildfires</category>
      <category domain="http://www.nytimes.com/namespaces/keywords/des">National Parks, Monuments and Seashores</category>
      <category domain="http://www.nytimes.com/namespaces/keywords/nyt_geo">Cape Town (South Africa)</category>
      <category domain="http://www.nytimes.com/namespaces/keywords/nyt_geo">Table Mountain (South Africa)</category>
      <media:content height="1800" medium="image" url="https://static01.nyt.com/images/2025/02/26/multimedia/26xp-capetown-kjvq/26xp-capetown-kjvq-mediumSquareAt3X.jpg" width="1800"></media:content>
      <media:credit>Nardus Engelbrecht/Associated Press</media:credit>
      <media:description>People watching a fire on the slopes of Table Mountain National Park in Cape Town on Wednesday.</media:description>
    </item>
    <item>
      <title>Unknown Deadly Illness Strikes Western Congo</title>
      <link>https://www.nytimes.com/2025/02/25/world/africa/unknown-deadly-illness-congo.html</link>
      <guid isPermaLink="true">https://www.nytimes.com/2025/02/25/world/africa/unknown-deadly-illness-congo.html</guid>
      <atom:link href="https://www.nytimes.com/2025/02/25/world/africa/unknown-deadly-illness-congo.html" rel="standout"></atom:link>
      <description>The outbreak has been traced, tentatively, to three children who ate a bat, the W.H.O. said, and known threats like Ebola and Marburg have been ruled out.</description>
      <dc:creator>Eve Sampson</dc:creator>
      <pubDate>Tue, 25 Feb 2025 22:11:57 +0000</pubDate>
      <category domain="http://www.nytimes.com/namespaces/keywords/des">Viruses</category>
      <category domain="http://www.nytimes.com/namespaces/keywords/des">Bats</category>
      <category domain="http://www.nytimes.com/namespaces/keywords/des">Coronavirus (2019-nCoV)</category>
      <category domain="http://www.nytimes.com/namespaces/keywords/nyt_org">World Health Organization</category>
      <category domain="http://www.nytimes.com/namespaces/keywords/nyt_geo">Congo, Democratic Republic of (Congo-Kinshasa)</category>
      <media:content height="1800" medium="image" url="https://static01.nyt.com/images/2025/02/25/multimedia/25congo-illness-1-tqpj/25congo-illness-1-tqpj-mediumSquareAt3X.jpg" width="1800"></media:content>
      <media:credit>Arlette Bashizi for The New York Times</media:credit>
      <media:description>In Équateur Province, Democratic Republic of Congo, last year.</media:description>
    </item>
    <item>
      <title>Kenyan Police Officer Deployed to Tackle Gangs in Haiti Killed</title>
      <link>https://www.nytimes.com/2025/02/23/world/americas/haiti-kenya-police-officer-killed.html</link>
      <guid isPermaLink="true">https://www.nytimes.com/2025/02/23/world/americas/haiti-kenya-police-officer-killed.html</guid>
      <atom:link href="https://www.nytimes.com/2025/02/23/world/americas/haiti-kenya-police-officer-killed.html" rel="standout"></atom:link>
      <description>The officer’s death appeared to be the first among the Kenyan forces that were sent to Haiti last year as part of an international effort to subdue gang violence.</description>
      <dc:creator>Yan Zhuang and Matthew Mpoke Bigg</dc:creator>
      <pubDate>Mon, 24 Feb 2025 11:40:18 +0000</pubDate>
      <category domain="http://www.nytimes.com/namespaces/keywords/des">Gangs</category>
      <category domain="http://www.nytimes.com/namespaces/keywords/des">Police</category>
      <category domain="http://www.nytimes.com/namespaces/keywords/des">Attacks on Police</category>
      <category domain="http://www.nytimes.com/namespaces/keywords/nyt_geo">Haiti</category>
      <category domain="http://www.nytimes.com/namespaces/keywords/nyt_geo">Kenya</category>
      <category domain="http://www.nytimes.com/namespaces/keywords/nyt_geo">Port-au-Prince (Haiti)</category>
      <media:content height="1800" medium="image" url="https://static01.nyt.com/images/2025/02/23/multimedia/23xp-haiti-twlh/23xp-haiti-twlh-mediumSquareAt3X.jpg" width="1800"></media:content>
      <media:credit>Ralph Tedy Erol/Reuters</media:credit>
      <media:description>Kenyan police officers in Port-au-Prince, Haiti, earlier this month. Hundreds of Kenyan police officers have been deployed to Haiti to reinforce a security mission to tackle gang violence.</media:description>
    </item>
    <item>
      <title>Amid Regional Diplomatic Furor, Sudan’s Paramilitaries Forge a Rival Government</title>
      <link>https://www.nytimes.com/2025/02/23/world/africa/sudan-rsf-paramilitaries-kenya-charter-government-civil-war.html</link>
      <guid isPermaLink="true">https://www.nytimes.com/2025/02/23/world/africa/sudan-rsf-paramilitaries-kenya-charter-government-civil-war.html</guid>
      <atom:link href="https://www.nytimes.com/2025/02/23/world/africa/sudan-rsf-paramilitaries-kenya-charter-government-civil-war.html" rel="standout"></atom:link>
      <description>The Rapid Support Forces said it was paving the way to an end to the civil war. Critics called it an audacious gambit by a group that the United States has accused of genocide.</description>
      <dc:creator>Declan Walsh</dc:creator>
      <pubDate>Sun, 23 Feb 2025 13:05:45 +0000</pubDate>
      <category domain="http://www.nytimes.com/namespaces/keywords/des">War and Armed Conflicts</category>
      <category domain="http://www.nytimes.com/namespaces/keywords/des">War Crimes, Genocide and Crimes Against Humanity</category>
      <category domain="http://www.nytimes.com/namespaces/keywords/des">Famine</category>
      <category domain="http://www.nytimes.com/namespaces/keywords/nyt_org">Rapid Support Forces (Sudan)</category>
      <category domain="http://www.nytimes.com/namespaces/keywords/nyt_per">Ruto, William</category>
      <category domain="http://www.nytimes.com/namespaces/keywords/nyt_per">Hamdan, Mohamed (Hemeti)</category>
      <category domain="http://www.nytimes.com/namespaces/keywords/nyt_per">al-Burhan, Abdel Fattah</category>
      <category domain="http://www.nytimes.com/namespaces/keywords/nyt_geo">Darfur (Sudan)</category>
      <category domain="http://www.nytimes.com/namespaces/keywords/nyt_geo">Nairobi (Kenya)</category>
      <category domain="http://www.nytimes.com/namespaces/keywords/nyt_geo">Sudan</category>
      <media:content height="1801" medium="image" url="https://static01.nyt.com/images/2025/02/23/multimedia/23sudan-fcqh/23sudan-fcqh-mediumSquareAt3X.jpg" width="1800"></media:content>
      <media:credit>Agence France-Presse — Getty Images</media:credit>
      <media:description>A damaged building in Wad Madani, Sudan, that was retaken by the Sudanese Army from its rival Rapid Support Forces this month.</media:description>
    </item>
    <item>
      <title>Catholics Pray for Ailing Pope Francis at Sunday Mass</title>
      <link>https://www.nytimes.com/2025/02/23/world/asia/mass-pope-francis-prayers-photos.html</link>
      <guid isPermaLink="true">https://www.nytimes.com/2025/02/23/world/asia/mass-pope-francis-prayers-photos.html</guid>
      <atom:link href="https://www.nytimes.com/2025/02/23/world/asia/mass-pope-francis-prayers-photos.html" rel="standout"></atom:link>
      <description>The 88-year-old pontiff, who has been hospitalized for more than a week, had a restful night after receiving oxygen and a blood transfusion on Saturday, the Vatican said.</description>
      <dc:creator>Yan Zhuang and Camille Elemia</dc:creator>
      <pubDate>Sun, 23 Feb 2025 10:27:42 +0000</pubDate>
      <category domain="http://www.nytimes.com/namespaces/keywords/nyt_per">Francis</category>
      <category domain="http://www.nytimes.com/namespaces/keywords/des">Prayers and Prayer Books</category>
      <category domain="http://www.nytimes.com/namespaces/keywords/nyt_org">Roman Catholic Church</category>
      <category domain="http://www.nytimes.com/namespaces/keywords/des">Christians and Christianity</category>
      <category domain="http://www.nytimes.com/namespaces/keywords/nyt_geo">Vatican City</category>
      <category domain="http://www.nytimes.com/namespaces/keywords/des">Popes</category>
      <category domain="http://www.nytimes.com/namespaces/keywords/nyt_per">Benedict XVI</category>
      <media:content height="1800" medium="image" url="https://static01.nyt.com/images/2025/02/23/multimedia/23xp-mass-photos-vjgq/23xp-mass-photos-vjgq-mediumSquareAt3X.jpg" width="1800"></media:content>
      <media:credit>Alessandra Tarantino/Associated Press</media:credit>
      <media:description>Sunday Mass in St. Peter’s Basilica at the Vatican, a service that Pope Francis had intended to preside over. He has been hospitalized for more than a week.</media:description>
    </item>
    <item>
      <title>Trump Appointees Fire Hundreds at U.S.A.I.D. Working on Urgent Aid</title>
      <link>https://www.nytimes.com/2025/02/22/us/politics/usaid-urgent-aid-firings.html</link>
      <guid isPermaLink="true">https://www.nytimes.com/2025/02/22/us/politics/usaid-urgent-aid-firings.html</guid>
      <atom:link href="https://www.nytimes.com/2025/02/22/us/politics/usaid-urgent-aid-firings.html" rel="standout"></atom:link>
      <description>The firings added to doubts about whether Secretary of State Marco Rubio, the agency’s acting head, supports lifesaving humanitarian assistance, as he has said he does.</description>
      <dc:creator>Edward Wong and Zolan Kanno-Youngs</dc:creator>
      <pubDate>Tue, 25 Feb 2025 02:32:05 +0000</pubDate>
      <category domain="http://www.nytimes.com/namespaces/keywords/des">Humanitarian Aid</category>
      <category domain="http://www.nytimes.com/namespaces/keywords/des">Government Employees</category>
      <category domain="http://www.nytimes.com/namespaces/keywords/des">Layoffs and Job Reductions</category>
      <category domain="http://www.nytimes.com/namespaces/keywords/nyt_org">United States Agency for International Development</category>
      <category domain="http://www.nytimes.com/namespaces/keywords/nyt_org">Office of Transition Initiatives</category>
      <category domain="http://www.nytimes.com/namespaces/keywords/nyt_per">Musk, Elon</category>
      <category domain="http://www.nytimes.com/namespaces/keywords/nyt_per">Marocco, Pete</category>
      <category domain="http://www.nytimes.com/namespaces/keywords/nyt_per">Rubio, Marco</category>
      <category domain="http://www.nytimes.com/namespaces/keywords/nyt_per">Trump, Donald J</category>
      <category domain="http://www.nytimes.com/namespaces/keywords/nyt_geo">Ukraine</category>
      <category domain="http://www.nytimes.com/namespaces/keywords/nyt_geo">Afghanistan</category>
      <media:content height="1800" medium="image" url="https://static01.nyt.com/images/2025/02/22/multimedia/22dc-usaid-zvmw/22dc-usaid-zvmw-mediumSquareAt3X.jpg" width="1800"></media:content>
      <media:credit>Haiyun Jiang for The New York Times</media:credit>
      <media:description>Trump administration appointees running the United States Agency for International Development have fired hundreds of employees in recent days.</media:description>
    </item>
    <item>
      <title>As Conflict Rages in Congo, President Offers U.S. Minerals Deal</title>
      <link>https://www.nytimes.com/2025/02/22/world/africa/congo-rwanda-tshisekedi-interview.html</link>
      <guid isPermaLink="true">https://www.nytimes.com/2025/02/22/world/africa/congo-rwanda-tshisekedi-interview.html</guid>
      <atom:link href="https://www.nytimes.com/2025/02/22/world/africa/congo-rwanda-tshisekedi-interview.html" rel="standout"></atom:link>
      <description>As vast swaths of Congolese territory are seized by a Rwandan-backed armed group, Congo’s president looks to make a minerals deal with the United States.</description>
      <dc:creator>Ruth Maclean</dc:creator>
      <pubDate>Mon, 24 Feb 2025 12:15:29 +0000</pubDate>
      <category domain="http://www.nytimes.com/namespaces/keywords/nyt_geo">Congo, Democratic Republic of (Congo-Kinshasa)</category>
      <category domain="http://www.nytimes.com/namespaces/keywords/des">Conflict Minerals and Resources</category>
      <category domain="http://www.nytimes.com/namespaces/keywords/nyt_geo">Rwanda</category>
      <category domain="http://www.nytimes.com/namespaces/keywords/nyt_geo">Goma (Congo, Democratic Republic of)</category>
      <category domain="http://www.nytimes.com/namespaces/keywords/nyt_per">Tshisekedi, Felix</category>
      <category domain="http://www.nytimes.com/namespaces/keywords/nyt_per">Kagame, Paul</category>
      <category domain="http://www.nytimes.com/namespaces/keywords/des">War and Armed Conflicts</category>
      <category domain="http://www.nytimes.com/namespaces/keywords/des">Politics and Government</category>
      <category domain="http://www.nytimes.com/namespaces/keywords/des">Embargoes and Sanctions</category>
      <category domain="http://www.nytimes.com/namespaces/keywords/des">Defense and Military Forces</category>
      <category domain="http://www.nytimes.com/namespaces/keywords/des">War Crimes, Genocide and Crimes Against Humanity</category>
      <category domain="http://www.nytimes.com/namespaces/keywords/des">International Relations</category>
      <category domain="http://www.nytimes.com/namespaces/keywords/nyt_geo">Africa</category>
      <category domain="http://www.nytimes.com/namespaces/keywords/des">Rare Earths</category>
      <category domain="http://www.nytimes.com/namespaces/keywords/nyt_org">March 23 Movement</category>
      <category domain="http://www.nytimes.com/namespaces/keywords/nyt_geo">Europe</category>
      <category domain="http://www.nytimes.com/namespaces/keywords/nyt_org">European Union</category>
      <category domain="http://www.nytimes.com/namespaces/keywords/nyt_geo">United States</category>
      <category domain="http://www.nytimes.com/namespaces/keywords/nyt_per">Kabarebe, James</category>
      <category domain="http://www.nytimes.com/namespaces/keywords/des">United States International Relations</category>
      <media:content height="1801" medium="image" url="https://static01.nyt.com/images/2023/12/20/multimedia/00congo-president-interview/20congo-1new-qgpj-mediumSquareAt3X.jpg" width="1800"></media:content>
      <media:credit>Guerchom Ndebo for The New York Times</media:credit>
      <media:description>President Felix Tshisekedi of the Democratic Republic of Congo arriving to cast his vote at a polling station in Kinshasa in 2023.</media:description>
    </item>
    <item>
      <title>Emergency Food, TB Tests and H.I.V. Drugs: Vital Health Aid Remains Frozen Despite Court Ruling</title>
      <link>https://www.nytimes.com/2025/02/20/health/usaid-freeze-hiv-tb-nutrition.html</link>
      <guid isPermaLink="true">https://www.nytimes.com/2025/02/20/health/usaid-freeze-hiv-tb-nutrition.html</guid>
      <atom:link href="https://www.nytimes.com/2025/02/20/health/usaid-freeze-hiv-tb-nutrition.html" rel="standout"></atom:link>
      <description>The Trump administration appears to be flouting a judge’s order pausing the dismantling of U.S.A.I.D.</description>
      <dc:creator>Stephanie Nolen</dc:creator>
      <pubDate>Fri, 21 Feb 2025 02:37:49 +0000</pubDate>
      <category domain="http://www.nytimes.com/namespaces/keywords/nyt_org">United States Agency for International Development</category>
      <category domain="http://www.nytimes.com/namespaces/keywords/des">Foreign Aid</category>
      <category domain="http://www.nytimes.com/namespaces/keywords/nyt_per">Trump, Donald J</category>
      <category domain="http://www.nytimes.com/namespaces/keywords/des">United States International Relations</category>
      <category domain="http://www.nytimes.com/namespaces/keywords/des">United States Politics and Government</category>
      <category domain="http://www.nytimes.com/namespaces/keywords/des">Suits and Litigation (Civil)</category>
      <category domain="http://www.nytimes.com/namespaces/keywords/des">Government Contracts and Procurement</category>
      <category domain="http://www.nytimes.com/namespaces/keywords/des">Decisions and Verdicts</category>
      <category domain="http://www.nytimes.com/namespaces/keywords/des">Executive Orders and Memorandums</category>
      <category domain="http://www.nytimes.com/namespaces/keywords/des">Courts and the Judiciary</category>
      <category domain="http://www.nytimes.com/namespaces/keywords/nyt_per">Ali, Amir H (Judge)</category>
      <media:content height="1801" medium="image" url="https://static01.nyt.com/images/2025/02/20/multimedia/20aid-still-frozen-gqvp/20aid-still-frozen-gqvp-mediumSquareAt3X.jpg" width="1800"></media:content>
      <media:credit>Hajarah Nalwadda/Getty Images</media:credit>
      <media:description>A pharmacist in an AIDS support organization largely funded by U.S.A.I.D. in Kampala, Uganda.</media:description>
    </item>
    <item>
      <title>China Defends South Africa’s G20 Ambitions as Rubio Snubs Meeting</title>
      <link>https://www.nytimes.com/2025/02/20/world/africa/south-africa-g20-rubio.html</link>
      <guid isPermaLink="true">https://www.nytimes.com/2025/02/20/world/africa/south-africa-g20-rubio.html</guid>
      <atom:link href="https://www.nytimes.com/2025/02/20/world/africa/south-africa-g20-rubio.html" rel="standout"></atom:link>
      <description>The absence of Secretary of State Marco Rubio hung over the year’s first high-level meeting of the world’s largest economies, with diplomats fretting over turbulent times.</description>
      <dc:creator>John Eligon</dc:creator>
      <pubDate>Thu, 20 Feb 2025 23:00:23 +0000</pubDate>
      <category domain="http://www.nytimes.com/namespaces/keywords/nyt_geo">Johannesburg (South Africa)</category>
      <category domain="http://www.nytimes.com/namespaces/keywords/nyt_geo">South Africa</category>
      <category domain="http://www.nytimes.com/namespaces/keywords/nyt_per">Ramaphosa, Cyril</category>
      <category domain="http://www.nytimes.com/namespaces/keywords/nyt_per">Rubio, Marco</category>
      <category domain="http://www.nytimes.com/namespaces/keywords/nyt_per">Wang Yi</category>
      <category domain="http://www.nytimes.com/namespaces/keywords/nyt_per">Trump, Donald J</category>
      <category domain="http://www.nytimes.com/namespaces/keywords/nyt_org">Group of Twenty</category>
      <category domain="http://www.nytimes.com/namespaces/keywords/des">Politics and Government</category>
      <category domain="http://www.nytimes.com/namespaces/keywords/des">United States Politics and Government</category>
      <category domain="http://www.nytimes.com/namespaces/keywords/des">United States International Relations</category>
      <category domain="http://www.nytimes.com/namespaces/keywords/des">International Relations</category>
      <media:content height="1800" medium="image" url="https://static01.nyt.com/images/2025/02/20/multimedia/20SAFRICA-G20-lhjq/20SAFRICA-G20-lhjq-mediumSquareAt3X.jpg" width="1800"></media:content>
      <media:credit>Phill Magakoe/Agence France-Presse — Getty Images</media:credit>
      <media:description>President Cyril Ramaphosa of South Africa speaking at the opening of the G20 meeting in Johannesburg on Thursday.</media:description>
    </item>
    <item>
      <title>Bessent to Skip G20 Finance Ministers Meeting in South Africa</title>
      <link>https://www.nytimes.com/2025/02/19/us/politics/bessent-g20-south-africa.html</link>
      <guid isPermaLink="true">https://www.nytimes.com/2025/02/19/us/politics/bessent-g20-south-africa.html</guid>
      <atom:link href="https://www.nytimes.com/2025/02/19/us/politics/bessent-g20-south-africa.html" rel="standout"></atom:link>
      <description>The Treasury secretary is the second top U.S. official not to attend the Group of 20 gatherings because of rising tension with South Africa over its land policies.</description>
      <dc:creator>Alan Rappeport</dc:creator>
      <pubDate>Wed, 19 Feb 2025 21:59:07 +0000</pubDate>
      <category domain="http://www.nytimes.com/namespaces/keywords/nyt_geo">South Africa</category>
      <category domain="http://www.nytimes.com/namespaces/keywords/nyt_per">Trump, Donald J</category>
      <category domain="http://www.nytimes.com/namespaces/keywords/des">Boycotts</category>
      <category domain="http://www.nytimes.com/namespaces/keywords/nyt_per">Bessent, Scott</category>
      <category domain="http://www.nytimes.com/namespaces/keywords/des">United States International Relations</category>
      <category domain="http://www.nytimes.com/namespaces/keywords/nyt_org">Group of Twenty</category>
      <category domain="http://www.nytimes.com/namespaces/keywords/nyt_per">Ramaphosa, Cyril</category>
      <category domain="http://www.nytimes.com/namespaces/keywords/nyt_org">Treasury Department</category>
      <category domain="http://www.nytimes.com/namespaces/keywords/des">United States Politics and Government</category>
      <category domain="http://www.nytimes.com/namespaces/keywords/des">Land Use Policies</category>
      <media:content height="1800" medium="image" url="https://static01.nyt.com/images/2025/02/19/multimedia/19dc-bessentg201-cfmz/19dc-bessentg201-cfmz-mediumSquareAt3X.jpg" width="1800"></media:content>
      <media:credit>Haiyun Jiang for The New York Times</media:credit>
      <media:description>Scott Bessent’s decision to forgo a major economic gathering is highly unusual for a Treasury secretary, particularly one who was confirmed to his post three weeks ago. </media:description>
    </item>
    <item>
      <title>Jet-Skis in Rwanda. Bodies Ashore in Congo.</title>
      <link>https://www.nytimes.com/2025/02/19/world/africa/rwanda-congo-m23-lake-kivu-conflict.html</link>
      <guid isPermaLink="true">https://www.nytimes.com/2025/02/19/world/africa/rwanda-congo-m23-lake-kivu-conflict.html</guid>
      <atom:link href="https://www.nytimes.com/2025/02/19/world/africa/rwanda-congo-m23-lake-kivu-conflict.html" rel="standout"></atom:link>
      <description>The Rwandan shore of Lake Kivu offers leisure and relaxation. Across the border in the Democratic Republic of Congo, the same lake was recently the site of devastation and misery after a rebel offensive.</description>
      <dc:creator>Elian Peltier and Guerchom Ndebo</dc:creator>
      <pubDate>Sun, 23 Feb 2025 04:01:09 +0000</pubDate>
      <category domain="http://www.nytimes.com/namespaces/keywords/nyt_geo">Congo, Democratic Republic of (Congo-Kinshasa)</category>
      <category domain="http://www.nytimes.com/namespaces/keywords/nyt_geo">Rwanda</category>
      <category domain="http://www.nytimes.com/namespaces/keywords/nyt_per">Kagame, Paul</category>
      <category domain="http://www.nytimes.com/namespaces/keywords/nyt_per">Tshisekedi, Felix</category>
      <category domain="http://www.nytimes.com/namespaces/keywords/nyt_org">March 23 Movement</category>
      <category domain="http://www.nytimes.com/namespaces/keywords/des">War and Armed Conflicts</category>
      <category domain="http://www.nytimes.com/namespaces/keywords/des">Politics and Government</category>
      <category domain="http://www.nytimes.com/namespaces/keywords/des">Defense and Military Forces</category>
      <category domain="http://www.nytimes.com/namespaces/keywords/des">Civilian Casualties</category>
      <category domain="http://www.nytimes.com/namespaces/keywords/des">International Relations</category>
      <category domain="http://www.nytimes.com/namespaces/keywords/des">Beaches</category>
      <category domain="http://www.nytimes.com/namespaces/keywords/des">War Crimes, Genocide and Crimes Against Humanity</category>
      <category domain="http://www.nytimes.com/namespaces/keywords/des">vis-photo</category>
      <media:content height="1801" medium="image" url="https://static01.nyt.com/images/2025/02/19/multimedia/19rwanda-dispatch-promo/19rwanda-dispatch-1-zcbv-mediumSquareAt3X.jpg" width="1800"></media:content>
      <media:credit>Guerchom Ndebo for The New York Times</media:credit>
    </item>
    <item>
      <title>RSF Announces Plans for Breakaway Government in Sudan</title>
      <link>https://www.nytimes.com/2025/02/18/world/africa/sudan-rsf-government.html</link>
      <guid isPermaLink="true">https://www.nytimes.com/2025/02/18/world/africa/sudan-rsf-government.html</guid>
      <atom:link href="https://www.nytimes.com/2025/02/18/world/africa/sudan-rsf-government.html" rel="standout"></atom:link>
      <description>Amid reports of new atrocities by their troops in Sudan, leaders of the Rapid Support Forces were cheered at an elaborate political event in Kenya.</description>
      <dc:creator>Declan Walsh</dc:creator>
      <pubDate>Wed, 19 Feb 2025 00:36:52 +0000</pubDate>
      <category domain="http://www.nytimes.com/namespaces/keywords/nyt_geo">Darfur (Sudan)</category>
      <category domain="http://www.nytimes.com/namespaces/keywords/nyt_geo">Africa</category>
      <category domain="http://www.nytimes.com/namespaces/keywords/nyt_geo">Kenya</category>
      <category domain="http://www.nytimes.com/namespaces/keywords/nyt_geo">Khartoum (Sudan)</category>
      <category domain="http://www.nytimes.com/namespaces/keywords/nyt_per">Hamdan, Mohamed (Hemeti)</category>
      <category domain="http://www.nytimes.com/namespaces/keywords/nyt_org">Rapid Support Forces (Sudan)</category>
      <category domain="http://www.nytimes.com/namespaces/keywords/des">War and Armed Conflicts</category>
      <category domain="http://www.nytimes.com/namespaces/keywords/des">Politics and Government</category>
      <category domain="http://www.nytimes.com/namespaces/keywords/des">International Relations</category>
      <category domain="http://www.nytimes.com/namespaces/keywords/des">Embargoes and Sanctions</category>
      <category domain="http://www.nytimes.com/namespaces/keywords/des">War Crimes, Genocide and Crimes Against Humanity</category>
      <category domain="http://www.nytimes.com/namespaces/keywords/des">Defense and Military Forces</category>
      <category domain="http://www.nytimes.com/namespaces/keywords/des">Coups D&#39;Etat and Attempted Coups D&#39;Etat</category>
      <category domain="http://www.nytimes.com/namespaces/keywords/des">Famine</category>
      <media:content height="1798" medium="image" url="https://static01.nyt.com/images/2025/02/18/multimedia/18sudan-1-tlcj/18sudan-1-tlcj-mediumSquareAt3X.jpg" width="1800"></media:content>
      <media:credit>Monicah Mwangi/Reuters</media:credit>
      <media:description>The deputy leader of Sudan’s Rapid Support Forces, Abdul Rahim Dagalo, center with his arm raised, during a meeting in Nairobi, Kenya, on Tuesday.</media:description>
    </item>
    <item>
      <title>South African Imam and Gay Rights Advocate is Shot Dead</title>
      <link>https://www.nytimes.com/2025/02/17/world/africa/south-african-imam-gay-rights-dead.html</link>
      <guid isPermaLink="true">https://www.nytimes.com/2025/02/17/world/africa/south-african-imam-gay-rights-dead.html</guid>
      <atom:link href="https://www.nytimes.com/2025/02/17/world/africa/south-african-imam-gay-rights-dead.html" rel="standout"></atom:link>
      <description>Muhsin Hendricks was credited by some as being the world’s first openly gay imam and helped Muslims reconcile their faith with their sexual orientation.</description>
      <dc:creator>Matthew Mpoke Bigg</dc:creator>
      <pubDate>Mon, 17 Feb 2025 19:00:48 +0000</pubDate>
      <category domain="http://www.nytimes.com/namespaces/keywords/nyt_geo">South Africa</category>
      <category domain="http://www.nytimes.com/namespaces/keywords/nyt_geo">Africa</category>
      <category domain="http://www.nytimes.com/namespaces/keywords/des">Hate Crimes</category>
      <category domain="http://www.nytimes.com/namespaces/keywords/des">Homosexuality and Bisexuality</category>
      <category domain="http://www.nytimes.com/namespaces/keywords/des">Murders, Attempted Murders and Homicides</category>
      <category domain="http://www.nytimes.com/namespaces/keywords/des">Discrimination</category>
      <category domain="http://www.nytimes.com/namespaces/keywords/des">Muslims and Islam</category>
      <category domain="http://www.nytimes.com/namespaces/keywords/des">Imams</category>
      <category domain="http://www.nytimes.com/namespaces/keywords/des">Gender</category>
      <media:content height="1801" medium="image" url="https://static01.nyt.com/images/2025/02/17/multimedia/17safrica-imam-1-pght/17safrica-imam-1-pght-mediumSquareAt3X.jpg" width="1800"></media:content>
      <media:credit>Rodger Bosch/Agence France-Presse — Getty Images</media:credit>
      <media:description>Muhsin Hendricks, in Cape Town in 2016.</media:description>
    </item>
    <item>
      <title>M23 Rebels in Congo Say They Have Entered Bukavu</title>
      <link>https://www.nytimes.com/2025/02/16/world/africa/rebels-congo-bukavu.html</link>
      <guid isPermaLink="true">https://www.nytimes.com/2025/02/16/world/africa/rebels-congo-bukavu.html</guid>
      <atom:link href="https://www.nytimes.com/2025/02/16/world/africa/rebels-congo-bukavu.html" rel="standout"></atom:link>
      <description>Last month, M23 rebels backed by Rwanda took the city of Goma in a bloody battle. This weekend, the group entered the gold-trading center of Bukavu in eastern Congo after government soldiers fled.</description>
      <dc:creator>Elian Peltier and Justin Makangara</dc:creator>
      <pubDate>Sun, 16 Feb 2025 19:11:09 +0000</pubDate>
      <category domain="http://www.nytimes.com/namespaces/keywords/des">War and Armed Conflicts</category>
      <category domain="http://www.nytimes.com/namespaces/keywords/des">Defense and Military Forces</category>
      <category domain="http://www.nytimes.com/namespaces/keywords/nyt_org">March 23 Movement</category>
      <category domain="http://www.nytimes.com/namespaces/keywords/nyt_per">Kagame, Paul</category>
      <category domain="http://www.nytimes.com/namespaces/keywords/nyt_geo">Congo, Democratic Republic of (Congo-Kinshasa)</category>
      <media:content height="1800" medium="image" url="https://static01.nyt.com/images/2025/02/16/multimedia/16congo-bukavu-fltp/16congo-bukavu-fltp-mediumSquareAt3X-v2.jpg" width="1800"></media:content>
      <media:credit>Amani Alimasi/Agence France-Presse — Getty Images</media:credit>
      <media:description>M23 rebels advancing on Bukavu in the Democratic Republic of Congo on Saturday.</media:description>
    </item>
    <item>
      <title>Sexual Violence Against Children Soars in Congo, U.N. Group Says</title>
      <link>https://www.nytimes.com/2025/02/14/world/africa/sexual-violence-children-congo.html</link>
      <guid isPermaLink="true">https://www.nytimes.com/2025/02/14/world/africa/sexual-violence-children-congo.html</guid>
      <atom:link href="https://www.nytimes.com/2025/02/14/world/africa/sexual-violence-children-congo.html" rel="standout"></atom:link>
      <description>UNICEF accused “armed men” of raping scores of children in the Democratic Republic of Congo, which has been ravaged by conflict recently.</description>
      <dc:creator>Eve Sampson</dc:creator>
      <pubDate>Fri, 14 Feb 2025 18:58:42 +0000</pubDate>
      <category domain="http://www.nytimes.com/namespaces/keywords/des">Child Abuse and Neglect</category>
      <category domain="http://www.nytimes.com/namespaces/keywords/des">Sex Crimes</category>
      <category domain="http://www.nytimes.com/namespaces/keywords/des">War and Armed Conflicts</category>
      <category domain="http://www.nytimes.com/namespaces/keywords/des">Civilian Casualties</category>
      <category domain="http://www.nytimes.com/namespaces/keywords/nyt_org">United Nations Children&#39;s Fund</category>
      <category domain="http://www.nytimes.com/namespaces/keywords/nyt_geo">Congo, Democratic Republic of (Congo-Kinshasa)</category>
      <category domain="http://www.nytimes.com/namespaces/keywords/nyt_geo">Goma (Congo, Democratic Republic of)</category>
      <media:content height="1800" medium="image" url="https://static01.nyt.com/images/2025/02/14/multimedia/14drc-children-zgfb/14drc-children-zgfb-mediumSquareAt3X.jpg" width="1800"></media:content>
      <media:credit>Guerchom Ndebo for The New York Times</media:credit>
      <media:description>Warehouses of humanitarian organizations were looted during clashes in Goma between Congolese soldiers and rebels in the Democratic Republic of Congo last month.</media:description>
    </item>
  </channel>
</rss>