<?xml version="1.0" encoding="UTF-8"?>
<rss xmlns:dc="http://purl.org/dc/elements/1.1/" xmlns:media="http://search.yahoo.com/mrss/" xmlns:atom="http://www.w3.org/2005/Atom" xmlns:nyt="http://www.nytimes.com/namespaces/rss/2.0" version="2.0">
  <channel>
    <title>NYT &gt; World &gt; Americas</title>
    <link>https://www.nytimes.com/section/world/americas</link>
    <atom:link href="https://rss.nytimes.com/services/xml/rss/nyt/Americas.xml" rel="self" type="application/rss+xml"></atom:link>
    <description></description>
    <language>en-us</language>
    <copyright>Copyright 2025 The New York Times Company</copyright>
    <lastBuildDate>Wed, 05 Mar 2025 08:26:40 +0000</lastBuildDate>
    <pubDate>Wed, 05 Mar 2025 07:16:57 +0000</pubDate>
    <image>
      <title>NYT &gt; World &gt; Americas</title>
      <url>https://static01.nyt.com/images/misc/NYT_logo_rss_250x40.png</url>
      <link>https://www.nytimes.com/section/world/americas</link>
    </image>
    <item>
      <title>Trump Says Tariffs Will Stop When Opioid Deaths Fall. They’ve Already Fallen.</title>
      <link>https://www.nytimes.com/2025/03/04/upshot/trump-fentanyl-tariffs.html</link>
      <guid isPermaLink="true">https://www.nytimes.com/2025/03/04/upshot/trump-fentanyl-tariffs.html</guid>
      <atom:link href="https://www.nytimes.com/2025/03/04/upshot/trump-fentanyl-tariffs.html" rel="standout"></atom:link>
      <description>A top administration official said that, without new declines, tariffs on Canada and Mexico were appropriate. But the kind of real-time data he demanded doesn’t exist.</description>
      <dc:creator>Josh Katz and Margot Sanger-Katz</dc:creator>
      <pubDate>Wed, 05 Mar 2025 03:32:21 +0000</pubDate>
      <category domain="http://www.nytimes.com/namespaces/keywords/des">Fentanyl</category>
      <category domain="http://www.nytimes.com/namespaces/keywords/des">Customs (Tariff)</category>
      <category domain="http://www.nytimes.com/namespaces/keywords/nyt_per">Trump, Donald J</category>
      <category domain="http://www.nytimes.com/namespaces/keywords/des">Protectionism (Trade)</category>
      <category domain="http://www.nytimes.com/namespaces/keywords/des">Drug Abuse and Traffic</category>
      <category domain="http://www.nytimes.com/namespaces/keywords/des">Deaths (Fatalities)</category>
      <category domain="http://www.nytimes.com/namespaces/keywords/des">United States Politics and Government</category>
      <category domain="http://www.nytimes.com/namespaces/keywords/des">International Trade and World Market</category>
      <media:content height="1000" medium="image" url="https://static01.nyt.com/images/2025/03/04/upshot/04up-tariffs-fentanyl-promo/04up-tariffs-fentanyl-promo-mediumSquareAt3X.png" width="1000"></media:content>
      <media:credit>The New York Times</media:credit>
    </item>
    <item>
      <title>Mexico Gave Trump Much of What He Wanted. Tariffs Came Anyway.</title>
      <link>https://www.nytimes.com/2025/03/04/us/politics/mexico-trump-tariffs-security-drug-cartels-fentanyl.html</link>
      <guid isPermaLink="true">https://www.nytimes.com/2025/03/04/us/politics/mexico-trump-tariffs-security-drug-cartels-fentanyl.html</guid>
      <atom:link href="https://www.nytimes.com/2025/03/04/us/politics/mexico-trump-tariffs-security-drug-cartels-fentanyl.html" rel="standout"></atom:link>
      <description>President Claudia Sheinbaum of Mexico took steps sought by President Trump, including sending troops to the border and cracking down on drug cartels. The tariffs went into effect anyway.</description>
      <dc:creator>Alan Feuer, Natalie Kitroeff and Maggie Haberman</dc:creator>
      <pubDate>Tue, 04 Mar 2025 23:15:41 +0000</pubDate>
      <category domain="http://www.nytimes.com/namespaces/keywords/des">United States Politics and Government</category>
      <category domain="http://www.nytimes.com/namespaces/keywords/des">United States International Relations</category>
      <category domain="http://www.nytimes.com/namespaces/keywords/des">International Trade and World Market</category>
      <category domain="http://www.nytimes.com/namespaces/keywords/nyt_per">Sheinbaum, Claudia</category>
      <category domain="http://www.nytimes.com/namespaces/keywords/nyt_per">Trump, Donald J</category>
      <category domain="http://www.nytimes.com/namespaces/keywords/nyt_geo">Mexico</category>
      <category domain="http://www.nytimes.com/namespaces/keywords/des">Protectionism (Trade)</category>
      <category domain="http://www.nytimes.com/namespaces/keywords/des">Drug Abuse and Traffic</category>
      <category domain="http://www.nytimes.com/namespaces/keywords/des">Corruption (Institutional)</category>
      <category domain="http://www.nytimes.com/namespaces/keywords/des">Customs (Tariff)</category>
      <category domain="http://www.nytimes.com/namespaces/keywords/des">Drug Cartels</category>
      <category domain="http://www.nytimes.com/namespaces/keywords/des">Fentanyl</category>
      <category domain="http://www.nytimes.com/namespaces/keywords/nyt_org">Drug Enforcement Administration</category>
      <category domain="http://www.nytimes.com/namespaces/keywords/nyt_org">Homeland Security Department</category>
      <category domain="http://www.nytimes.com/namespaces/keywords/nyt_org">Sinaloa Cartel</category>
      <category domain="http://www.nytimes.com/namespaces/keywords/des">Immigration and Emigration</category>
      <media:content height="1800" medium="image" url="https://static01.nyt.com/images/2025/03/04/multimedia/04dc-mexico-tariff-topart-kqpm/04dc-mexico-tariff-topart-kqpm-mediumSquareAt3X.jpg" width="1800"></media:content>
      <media:credit>Daniele Volpe for The New York Times</media:credit>
      <media:description>Mexican Army soldiers in Culiacán, the capital of the Mexican state of Sinaloa, last month. Mexico stepped up activity against drug cartels in the state after facing the threat of tariffs from President Trump in February.</media:description>
    </item>
    <item>
      <title>Trump’s Latest Tariffs on Canada, Mexico and China Could Be His Biggest Gamble</title>
      <link>https://www.nytimes.com/2025/03/04/us/politics/trump-trade-war-economy.html</link>
      <guid isPermaLink="true">https://www.nytimes.com/2025/03/04/us/politics/trump-trade-war-economy.html</guid>
      <atom:link href="https://www.nytimes.com/2025/03/04/us/politics/trump-trade-war-economy.html" rel="standout"></atom:link>
      <description>President Trump has offered a mix of reasons for upending global trade relations, baffling and angering America’s biggest trading partners.</description>
      <dc:creator>Alan Rappeport and Ana Swanson</dc:creator>
      <pubDate>Wed, 05 Mar 2025 01:30:24 +0000</pubDate>
      <category domain="http://www.nytimes.com/namespaces/keywords/des">International Trade and World Market</category>
      <category domain="http://www.nytimes.com/namespaces/keywords/des">United States Politics and Government</category>
      <category domain="http://www.nytimes.com/namespaces/keywords/des">Protectionism (Trade)</category>
      <category domain="http://www.nytimes.com/namespaces/keywords/des">United States Economy</category>
      <category domain="http://www.nytimes.com/namespaces/keywords/des">Customs (Tariff)</category>
      <category domain="http://www.nytimes.com/namespaces/keywords/des">United States International Relations</category>
      <category domain="http://www.nytimes.com/namespaces/keywords/des">Drug Abuse and Traffic</category>
      <category domain="http://www.nytimes.com/namespaces/keywords/des">Prices (Fares, Fees and Rates)</category>
      <category domain="http://www.nytimes.com/namespaces/keywords/des">Economic Conditions and Trends</category>
      <category domain="http://www.nytimes.com/namespaces/keywords/nyt_per">Sheinbaum, Claudia</category>
      <category domain="http://www.nytimes.com/namespaces/keywords/nyt_per">Trudeau, Justin</category>
      <category domain="http://www.nytimes.com/namespaces/keywords/nyt_per">Trump, Donald J</category>
      <category domain="http://www.nytimes.com/namespaces/keywords/nyt_org">Commerce Department</category>
      <category domain="http://www.nytimes.com/namespaces/keywords/nyt_org">European Union</category>
      <category domain="http://www.nytimes.com/namespaces/keywords/nyt_org">Target Corporation</category>
      <category domain="http://www.nytimes.com/namespaces/keywords/nyt_org">Republican Party</category>
      <category domain="http://www.nytimes.com/namespaces/keywords/nyt_geo">Canada</category>
      <category domain="http://www.nytimes.com/namespaces/keywords/nyt_geo">China</category>
      <category domain="http://www.nytimes.com/namespaces/keywords/nyt_geo">Mexico</category>
      <category domain="http://www.nytimes.com/namespaces/keywords/nyt_geo">United States</category>
      <category domain="http://www.nytimes.com/namespaces/keywords/des">Shopping and Retail</category>
      <category domain="http://www.nytimes.com/namespaces/keywords/des">Factories and Manufacturing</category>
      <media:content height="1799" medium="image" url="https://static01.nyt.com/images/2025/03/04/multimedia/04dc-trump-trade-topart-ztmc/04dc-trump-trade-topart-ztmc-mediumSquareAt3X.jpg" width="1800"></media:content>
      <media:credit>Mark Abramson for The New York Times</media:credit>
      <media:description>The Port of Los Angeles. President Trump imposed a 25 percent tariff on products from Canada and Mexico and another 10 percent on China.</media:description>
    </item>
    <item>
      <title>Canada and China Retaliate Against Trump’s Tariffs, Amid Fears of Trade War</title>
      <link>https://www.nytimes.com/2025/03/04/world/americas/tariffs-mexico-canada-china-trump.html</link>
      <guid isPermaLink="true">https://www.nytimes.com/2025/03/04/world/americas/tariffs-mexico-canada-china-trump.html</guid>
      <atom:link href="https://www.nytimes.com/2025/03/04/world/americas/tariffs-mexico-canada-china-trump.html" rel="standout"></atom:link>
      <description>Prime Minister Justin Trudeau of Canada warned that the Trump administration’s tariffs were leading to a trade war. Mexico’s leader vowed to impose countermeasures on Sunday.</description>
      <dc:creator>Ana Swanson, Matthew Mpoke Bigg, Keith Bradsher and Thomas Fuller</dc:creator>
      <pubDate>Tue, 04 Mar 2025 23:23:21 +0000</pubDate>
      <category domain="http://www.nytimes.com/namespaces/keywords/des">Customs (Tariff)</category>
      <category domain="http://www.nytimes.com/namespaces/keywords/nyt_geo">Canada</category>
      <category domain="http://www.nytimes.com/namespaces/keywords/nyt_per">Sheinbaum, Claudia</category>
      <category domain="http://www.nytimes.com/namespaces/keywords/nyt_per">Trudeau, Justin</category>
      <category domain="http://www.nytimes.com/namespaces/keywords/nyt_per">Trump, Donald J</category>
      <category domain="http://www.nytimes.com/namespaces/keywords/nyt_per">Vance, J D</category>
      <category domain="http://www.nytimes.com/namespaces/keywords/nyt_per">Putin, Vladimir V</category>
      <category domain="http://www.nytimes.com/namespaces/keywords/nyt_org">Commerce Department</category>
      <category domain="http://www.nytimes.com/namespaces/keywords/des">United States Politics and Government</category>
      <category domain="http://www.nytimes.com/namespaces/keywords/des">International Trade and World Market</category>
      <category domain="http://www.nytimes.com/namespaces/keywords/des">United States International Relations</category>
      <category domain="http://www.nytimes.com/namespaces/keywords/des">Protectionism (Trade)</category>
      <category domain="http://www.nytimes.com/namespaces/keywords/des">International Relations</category>
      <category domain="http://www.nytimes.com/namespaces/keywords/des">Relocation of Business</category>
      <category domain="http://www.nytimes.com/namespaces/keywords/nyt_geo">Mexico</category>
      <category domain="http://www.nytimes.com/namespaces/keywords/nyt_geo">United States</category>
      <category domain="http://www.nytimes.com/namespaces/keywords/nyt_geo">Russia</category>
      <category domain="http://www.nytimes.com/namespaces/keywords/nyt_geo">China</category>
      <media:content height="1801" medium="image" url="https://static01.nyt.com/images/2025/03/04/multimedia/04tariffs-ledeall-wvgh/04tariffs-ledeall-wvgh-mediumSquareAt3X.jpg" width="1800"></media:content>
      <media:credit>Dave Chan/Agence France-Presse — Getty Images</media:credit>
      <media:description>“This is a time to hit back hard and to demonstrate that a fight with Canada will have no winners,” Prime Minister Justin Trudeau of Canada said on Tuesday.</media:description>
    </item>
    <item>
      <title>Trump’s New Tariffs Could Strain Collection of Customs Fees</title>
      <link>https://www.nytimes.com/2025/03/04/business/trump-tariffs-customs-enforcement.html</link>
      <guid isPermaLink="true">https://www.nytimes.com/2025/03/04/business/trump-tariffs-customs-enforcement.html</guid>
      <atom:link href="https://www.nytimes.com/2025/03/04/business/trump-tariffs-customs-enforcement.html" rel="standout"></atom:link>
      <description>Importers will have to make changes to pay new tariffs on goods from Canada, Mexico and China, and government agencies will need more resources to enforce the fees.</description>
      <dc:creator>Peter Eavis</dc:creator>
      <pubDate>Tue, 04 Mar 2025 19:55:56 +0000</pubDate>
      <category domain="http://www.nytimes.com/namespaces/keywords/des">Protectionism (Trade)</category>
      <category domain="http://www.nytimes.com/namespaces/keywords/des">International Trade and World Market</category>
      <category domain="http://www.nytimes.com/namespaces/keywords/des">Customs (Tariff)</category>
      <category domain="http://www.nytimes.com/namespaces/keywords/des">United States Politics and Government</category>
      <category domain="http://www.nytimes.com/namespaces/keywords/des">Prices (Fares, Fees and Rates)</category>
      <category domain="http://www.nytimes.com/namespaces/keywords/des">United States International Relations</category>
      <category domain="http://www.nytimes.com/namespaces/keywords/des">Collectors and Collections</category>
      <category domain="http://www.nytimes.com/namespaces/keywords/nyt_org">Customs and Border Protection (US)</category>
      <category domain="http://www.nytimes.com/namespaces/keywords/nyt_org">Justice Department</category>
      <category domain="http://www.nytimes.com/namespaces/keywords/nyt_per">Trump, Donald J</category>
      <category domain="http://www.nytimes.com/namespaces/keywords/nyt_geo">Canada</category>
      <category domain="http://www.nytimes.com/namespaces/keywords/nyt_geo">China</category>
      <category domain="http://www.nytimes.com/namespaces/keywords/nyt_geo">Mexico</category>
      <category domain="http://www.nytimes.com/namespaces/keywords/nyt_geo">United States</category>
      <media:content height="1801" medium="image" url="https://static01.nyt.com/images/2025/03/03/multimedia/03biz-tariffs-paperwork-vhbk/03biz-tariffs-paperwork-vhbk-mediumSquareAt3X.jpg" width="1800"></media:content>
      <media:credit>Ariana Drehsler for The New York Times</media:credit>
      <media:description>Stepping up enforcement efforts is likely to require that the Justice Department devote significantly more staff to pursuing tariff evasion cases.</media:description>
    </item>
    <item>
      <title>BlackRock Will Buy Panama Canal Ports from CK Hutchison</title>
      <link>https://www.nytimes.com/2025/03/04/business/blackrock-panama-canal-ports-hutchison.html</link>
      <guid isPermaLink="true">https://www.nytimes.com/2025/03/04/business/blackrock-panama-canal-ports-hutchison.html</guid>
      <atom:link href="https://www.nytimes.com/2025/03/04/business/blackrock-panama-canal-ports-hutchison.html" rel="standout"></atom:link>
      <description>An investor group led by BlackRock will acquire two ports near the Panama Canal that are owned by CK Hutchison and have been the subject of a dispute between President Trump and Panama.</description>
      <dc:creator>Peter Eavis and Maureen Farrell</dc:creator>
      <pubDate>Wed, 05 Mar 2025 00:13:47 +0000</pubDate>
      <category domain="http://www.nytimes.com/namespaces/keywords/nyt_geo">Panama</category>
      <category domain="http://www.nytimes.com/namespaces/keywords/nyt_geo">Panama Canal and Canal Zone</category>
      <category domain="http://www.nytimes.com/namespaces/keywords/nyt_org">CK Hutchison Holdings Ltd</category>
      <category domain="http://www.nytimes.com/namespaces/keywords/des">Ports</category>
      <category domain="http://www.nytimes.com/namespaces/keywords/nyt_geo">Hong Kong</category>
      <category domain="http://www.nytimes.com/namespaces/keywords/nyt_org">BlackRock Inc</category>
      <category domain="http://www.nytimes.com/namespaces/keywords/nyt_per">Trump, Donald J</category>
      <category domain="http://www.nytimes.com/namespaces/keywords/nyt_geo">China</category>
      <category domain="http://www.nytimes.com/namespaces/keywords/des">Mergers, Acquisitions and Divestitures</category>
      <category domain="http://www.nytimes.com/namespaces/keywords/des">United States International Relations</category>
      <media:content height="1801" medium="image" url="https://static01.nyt.com/images/2025/03/04/multimedia/04biz-panama-ports-zcvk/04biz-panama-ports-zcvk-mediumSquareAt3X.jpg" width="1800"></media:content>
      <media:credit>Federico Rios for The New York Times</media:credit>
      <media:description>A ship crossing the Panama Canal.</media:description>
    </item>
    <item>
      <title>In Face of Trump Tariffs, Mexico Embraces Nationalism</title>
      <link>https://www.nytimes.com/2025/03/04/world/americas/mexico-tariffs-nationalism.html</link>
      <guid isPermaLink="true">https://www.nytimes.com/2025/03/04/world/americas/mexico-tariffs-nationalism.html</guid>
      <atom:link href="https://www.nytimes.com/2025/03/04/world/americas/mexico-tariffs-nationalism.html" rel="standout"></atom:link>
      <description>Before the tariffs went into effect, approval ratings for President Claudia Sheinbaum rose and companies began marketing “Made in Mexico” products.</description>
      <dc:creator>James Wagner</dc:creator>
      <pubDate>Tue, 04 Mar 2025 13:41:56 +0000</pubDate>
      <category domain="http://www.nytimes.com/namespaces/keywords/des">Protectionism (Trade)</category>
      <category domain="http://www.nytimes.com/namespaces/keywords/des">United States International Relations</category>
      <category domain="http://www.nytimes.com/namespaces/keywords/des">International Trade and World Market</category>
      <category domain="http://www.nytimes.com/namespaces/keywords/des">Polls and Public Opinion</category>
      <category domain="http://www.nytimes.com/namespaces/keywords/des">Customs (Tariff)</category>
      <category domain="http://www.nytimes.com/namespaces/keywords/nyt_org">Grupo Modelo</category>
      <category domain="http://www.nytimes.com/namespaces/keywords/nyt_org">Walmart Stores Inc</category>
      <category domain="http://www.nytimes.com/namespaces/keywords/nyt_per">Sheinbaum, Claudia</category>
      <category domain="http://www.nytimes.com/namespaces/keywords/nyt_per">Trump, Donald J</category>
      <category domain="http://www.nytimes.com/namespaces/keywords/nyt_geo">Mexico</category>
      <media:content height="1800" medium="image" url="https://static01.nyt.com/images/2025/03/03/multimedia/03mexico-nationalism01-photo-wmkg/03mexico-nationalism01-photo-wmkg-mediumSquareAt3X.jpg" width="1800"></media:content>
      <media:credit>Yuri Cortez/Agence France-Presse — Getty Images</media:credit>
      <media:description>Mexico’s president, Claudia Sheinbaum, shown during Flag Day ceremonies in Mexico City on Feb. 24, has seen her approval ratings rise.</media:description>
    </item>
    <item>
      <title>What’s Behind Trump’s Love-Hate Relationship With Canada</title>
      <link>https://www.nytimes.com/2025/03/03/us/politics/trump-canada-trade-tariffs.html</link>
      <guid isPermaLink="true">https://www.nytimes.com/2025/03/03/us/politics/trump-canada-trade-tariffs.html</guid>
      <atom:link href="https://www.nytimes.com/2025/03/03/us/politics/trump-canada-trade-tariffs.html" rel="standout"></atom:link>
      <description>Canada is one of the United States’ largest trading partners, but President Trump wants to either take it or leave it.</description>
      <dc:creator>Alan Rappeport and Ian Austen</dc:creator>
      <pubDate>Mon, 03 Mar 2025 16:03:23 +0000</pubDate>
      <category domain="http://www.nytimes.com/namespaces/keywords/des">United States International Relations</category>
      <category domain="http://www.nytimes.com/namespaces/keywords/des">United States Politics and Government</category>
      <category domain="http://www.nytimes.com/namespaces/keywords/des">Customs (Tariff)</category>
      <category domain="http://www.nytimes.com/namespaces/keywords/des">Protectionism (Trade)</category>
      <category domain="http://www.nytimes.com/namespaces/keywords/des">United States-Mexico-Canada Agreement</category>
      <category domain="http://www.nytimes.com/namespaces/keywords/nyt_per">Trump, Donald J</category>
      <category domain="http://www.nytimes.com/namespaces/keywords/nyt_per">Trudeau, Justin</category>
      <category domain="http://www.nytimes.com/namespaces/keywords/nyt_geo">Canada</category>
      <media:content height="1799" medium="image" url="https://static01.nyt.com/images/2025/02/28/multimedia/00dc-canada-lcjf/00dc-canada-lcjf-mediumSquareAt3X.jpg" width="1800"></media:content>
      <media:credit>Al Drago for The New York Times</media:credit>
      <media:description>Prime Minister Justin Trudeau of Canada and President Trump in 2019 in London. As Mr. Trump prepares to push ahead with a new round of tariffs, he has expressed a special brand of loathing for Canada.</media:description>
    </item>
    <item>
      <title>On Mexico’s Once-Packed Border, Few Migrants Remain</title>
      <link>https://www.nytimes.com/2025/03/03/world/americas/mexico-border-migration-trump-tariffs-deadline.html</link>
      <guid isPermaLink="true">https://www.nytimes.com/2025/03/03/world/americas/mexico-border-migration-trump-tariffs-deadline.html</guid>
      <atom:link href="https://www.nytimes.com/2025/03/03/world/americas/mexico-border-migration-trump-tariffs-deadline.html" rel="standout"></atom:link>
      <description>There has been a dramatic drop in the number of people gathering at the U.S. border and trying to cross. Can it help Mexico stave off President Trump’s threatened tariffs?</description>
      <dc:creator>Annie Correal and Alejandro Cegarra</dc:creator>
      <pubDate>Mon, 03 Mar 2025 20:41:58 +0000</pubDate>
      <category domain="http://www.nytimes.com/namespaces/keywords/des">United States International Relations</category>
      <category domain="http://www.nytimes.com/namespaces/keywords/des">Illegal Immigration</category>
      <category domain="http://www.nytimes.com/namespaces/keywords/des">Asylum, Right of</category>
      <category domain="http://www.nytimes.com/namespaces/keywords/des">Customs (Tariff)</category>
      <category domain="http://www.nytimes.com/namespaces/keywords/des">Politics and Government</category>
      <category domain="http://www.nytimes.com/namespaces/keywords/nyt_geo">Mexico</category>
      <category domain="http://www.nytimes.com/namespaces/keywords/nyt_per">Trump, Donald J</category>
      <category domain="http://www.nytimes.com/namespaces/keywords/nyt_geo">Tijuana (Mexico)</category>
      <category domain="http://www.nytimes.com/namespaces/keywords/nyt_geo">Ciudad Juarez (Mexico)</category>
      <category domain="http://www.nytimes.com/namespaces/keywords/nyt_geo">Juarez (Mexico)</category>
      <category domain="http://www.nytimes.com/namespaces/keywords/nyt_geo">Matamoros (Mexico)</category>
      <category domain="http://www.nytimes.com/namespaces/keywords/nyt_org">Customs and Border Protection (US)</category>
      <media:content height="1800" medium="image" url="https://static01.nyt.com/images/2025/03/03/multimedia/03mexico-migration01-photo-tlbq/03mexico-migration01-photo-tlbq-mediumSquareAt3X.jpg" width="1800"></media:content>
      <media:description>The border between Mexico and the United States in Ciudad Juárez last week.</media:description>
    </item>
    <item>
      <title>How Trump’s Canada Tariffs Could Impact Both the U.S. and Canada</title>
      <link>https://www.nytimes.com/2025/03/03/world/canada/trump-canada-tariff-economy-impact.html</link>
      <guid isPermaLink="true">https://www.nytimes.com/2025/03/03/world/canada/trump-canada-tariff-economy-impact.html</guid>
      <atom:link href="https://www.nytimes.com/2025/03/03/world/canada/trump-canada-tariff-economy-impact.html" rel="standout"></atom:link>
      <description>President Trump’s plan to apply 25 percent tariffs on Canadian exports is set to start on Tuesday. They would deal a brutal blow to Canada’s economy.</description>
      <dc:creator>Ian Austen</dc:creator>
      <pubDate>Mon, 03 Mar 2025 13:30:41 +0000</pubDate>
      <category domain="http://www.nytimes.com/namespaces/keywords/des">Protectionism (Trade)</category>
      <category domain="http://www.nytimes.com/namespaces/keywords/des">International Trade and World Market</category>
      <category domain="http://www.nytimes.com/namespaces/keywords/des">Customs (Tariff)</category>
      <category domain="http://www.nytimes.com/namespaces/keywords/des">United States International Relations</category>
      <category domain="http://www.nytimes.com/namespaces/keywords/des">Automobiles</category>
      <category domain="http://www.nytimes.com/namespaces/keywords/des">Illegal Immigration</category>
      <category domain="http://www.nytimes.com/namespaces/keywords/nyt_per">Trudeau, Justin</category>
      <category domain="http://www.nytimes.com/namespaces/keywords/nyt_per">Trump, Donald J</category>
      <category domain="http://www.nytimes.com/namespaces/keywords/nyt_geo">Canada</category>
      <category domain="http://www.nytimes.com/namespaces/keywords/nyt_geo">United States</category>
      <media:content height="1800" medium="image" url="https://static01.nyt.com/images/2025/03/03/multimedia/03canada-tariffs-explainer-gkfb/03canada-tariffs-explainer-gkfb-mediumSquareAt3X.jpg" width="1800"></media:content>
      <media:credit>Ian Willms for The New York Times</media:credit>
      <media:description>Workers at Lanex Manufacturing, an auto parts company in Windsor, Ontario. The Canadian and U.S. auto industries are deeply intertwined. </media:description>
    </item>
    <item>
      <title>At Supreme Court, Mexico to Offer Culprit for Cartel Violence: Gun Makers</title>
      <link>https://www.nytimes.com/2025/03/03/us/politics/supreme-court-mexico-gunmakers.html</link>
      <guid isPermaLink="true">https://www.nytimes.com/2025/03/03/us/politics/supreme-court-mexico-gunmakers.html</guid>
      <atom:link href="https://www.nytimes.com/2025/03/03/us/politics/supreme-court-mexico-gunmakers.html" rel="standout"></atom:link>
      <description>The dispute focuses on whether Mexico can hold U.S. manufacturers liable for gun violence and comes amid rising tensions between the countries.</description>
      <dc:creator>Abbie VanSickle</dc:creator>
      <pubDate>Mon, 03 Mar 2025 21:21:04 +0000</pubDate>
      <category domain="http://www.nytimes.com/namespaces/keywords/des">Gun Control</category>
      <category domain="http://www.nytimes.com/namespaces/keywords/des">Firearms</category>
      <category domain="http://www.nytimes.com/namespaces/keywords/des">Suits and Litigation (Civil)</category>
      <category domain="http://www.nytimes.com/namespaces/keywords/des">Drug Cartels</category>
      <category domain="http://www.nytimes.com/namespaces/keywords/nyt_org">National Rifle Assn</category>
      <category domain="http://www.nytimes.com/namespaces/keywords/nyt_org">SMITH &amp; WESSON</category>
      <category domain="http://www.nytimes.com/namespaces/keywords/nyt_org">Supreme Court (US)</category>
      <category domain="http://www.nytimes.com/namespaces/keywords/nyt_per">Sheinbaum, Claudia</category>
      <category domain="http://www.nytimes.com/namespaces/keywords/nyt_per">Trump, Donald J</category>
      <media:content height="1800" medium="image" url="https://static01.nyt.com/images/2025/03/03/multimedia/03DC-SCOTUS-MEXICO-GUNS2-jtmp/03DC-SCOTUS-MEXICO-GUNS2-jtmp-mediumSquareAt3X.jpg" width="1800"></media:content>
      <media:credit>Luis Antonio Rojas for The New York Times</media:credit>
      <media:description>President Claudia Sheinbaum of Mexico watched as a gun was destroyed in Mexico City in January. Mexicans were encouraged to surrender their firearms and ammunition for cash.</media:description>
    </item>
    <item>
      <title>Snowy Trails, Cozy Inns: Skiing Town to Town in Quebec</title>
      <link>https://www.nytimes.com/2025/03/03/travel/snowy-trails-cozy-inns-skiing-town-to-town-in-quebec.html</link>
      <guid isPermaLink="true">https://www.nytimes.com/2025/03/03/travel/snowy-trails-cozy-inns-skiing-town-to-town-in-quebec.html</guid>
      <atom:link href="https://www.nytimes.com/2025/03/03/travel/snowy-trails-cozy-inns-skiing-town-to-town-in-quebec.html" rel="standout"></atom:link>
      <description>A new series of ski tours in the Laurentian Mountains combine rigorous days of cross-country skiing with overnight stays (and meals) at local inns.</description>
      <dc:creator>Cindy Hirschfeld and Renaud Philippe</dc:creator>
      <pubDate>Mon, 03 Mar 2025 10:00:44 +0000</pubDate>
      <category domain="http://www.nytimes.com/namespaces/keywords/des">Cross-Country Skiing</category>
      <category domain="http://www.nytimes.com/namespaces/keywords/des">Travel and Vacations</category>
      <category domain="http://www.nytimes.com/namespaces/keywords/des">Snow and Snowstorms</category>
      <category domain="http://www.nytimes.com/namespaces/keywords/des">Hotels and Travel Lodgings</category>
      <category domain="http://www.nytimes.com/namespaces/keywords/nyt_geo">Quebec Province (Canada)</category>
      <media:content height="1800" medium="image" url="https://static01.nyt.com/images/2025/02/27/multimedia/04Quebec-Lauretian-hp/04Quebec-Lauretian-hp-mediumSquareAt3X-v2.jpg" width="1800"></media:content>
      <media:credit>Renaud Philippe for The New York Times</media:credit>
    </item>
    <item>
      <title>Trump Threats and Mexico’s Crackdown Hit Mexican Cartel</title>
      <link>https://www.nytimes.com/2025/03/02/world/americas/mexico-cartel-fentanyl-trump-tariffs.html</link>
      <guid isPermaLink="true">https://www.nytimes.com/2025/03/02/world/americas/mexico-cartel-fentanyl-trump-tariffs.html</guid>
      <atom:link href="https://www.nytimes.com/2025/03/02/world/americas/mexico-cartel-fentanyl-trump-tariffs.html" rel="standout"></atom:link>
      <description>Several cartel operatives said that for the first time in years, they genuinely feared arrest or death at the hands of the authorities.</description>
      <dc:creator>Natalie Kitroeff, Paulina Villegas and Daniele Volpe</dc:creator>
      <pubDate>Sun, 02 Mar 2025 17:36:26 +0000</pubDate>
      <category domain="http://www.nytimes.com/namespaces/keywords/nyt_geo">Mexico</category>
      <category domain="http://www.nytimes.com/namespaces/keywords/des">Drug Cartels</category>
      <category domain="http://www.nytimes.com/namespaces/keywords/des">Fentanyl</category>
      <category domain="http://www.nytimes.com/namespaces/keywords/nyt_org">Sinaloa Cartel</category>
      <category domain="http://www.nytimes.com/namespaces/keywords/nyt_per">Sheinbaum, Claudia</category>
      <category domain="http://www.nytimes.com/namespaces/keywords/nyt_per">Trump, Donald J</category>
      <category domain="http://www.nytimes.com/namespaces/keywords/des">United States International Relations</category>
      <category domain="http://www.nytimes.com/namespaces/keywords/nyt_geo">Culiacan (Mexico)</category>
      <media:content height="1800" medium="image" url="https://static01.nyt.com/images/2025/02/27/multimedia/00mexico-fentanyl-sinaloa-01-mwkh/00mexico-fentanyl-sinaloa-01-mwkh-mediumSquareAt3X.jpg" width="1800"></media:content>
      <media:description>Investigators collecting evidence last month at a crime scene in a residential neighborhood of Culiacán, Mexico.</media:description>
    </item>
    <item>
      <title>Lawsuit Against Panama Challenges Detention of Trump Deportees</title>
      <link>https://www.nytimes.com/2025/03/01/world/americas/panama-migrants-us-lawsuit.html</link>
      <guid isPermaLink="true">https://www.nytimes.com/2025/03/01/world/americas/panama-migrants-us-lawsuit.html</guid>
      <atom:link href="https://www.nytimes.com/2025/03/01/world/americas/panama-migrants-us-lawsuit.html" rel="standout"></atom:link>
      <description>A group of lawyers accused Panama of violating the rights of people deported from the United States under the Trump administration’s policy of sending migrants to cooperative Latin American nations.</description>
      <dc:creator>Farnaz Fassihi and Julie Turkewitz</dc:creator>
      <pubDate>Sun, 02 Mar 2025 17:20:20 +0000</pubDate>
      <category domain="http://www.nytimes.com/namespaces/keywords/des">Deportation</category>
      <category domain="http://www.nytimes.com/namespaces/keywords/des">Illegal Immigration</category>
      <category domain="http://www.nytimes.com/namespaces/keywords/des">United States Politics and Government</category>
      <category domain="http://www.nytimes.com/namespaces/keywords/nyt_per">Trump, Donald J</category>
      <category domain="http://www.nytimes.com/namespaces/keywords/nyt_geo">Central America</category>
      <category domain="http://www.nytimes.com/namespaces/keywords/nyt_geo">Panama</category>
      <category domain="http://www.nytimes.com/namespaces/keywords/des">International Relations</category>
      <category domain="http://www.nytimes.com/namespaces/keywords/des">Immigration Detention</category>
      <category domain="http://www.nytimes.com/namespaces/keywords/des">Human Rights and Human Rights Violations</category>
      <media:content height="1801" medium="image" url="https://static01.nyt.com/images/2025/03/01/multimedia/01panama-lawsuit-01-hgzq/01panama-lawsuit-01-hgzq-mediumSquareAt3X.jpg" width="1800"></media:content>
      <media:credit>Federico Rios for The New York Times</media:credit>
      <media:description>Artemis Ghasemzadeh, a Christian Iranian migrant deported from the United States to Panama, at her hotel window in Panama City with other Iranian Christian converts deported.</media:description>
    </item>
    <item>
      <title>Honduras Moves to Extradite Man Accused of Killing Iowa Woman</title>
      <link>https://www.nytimes.com/2025/03/01/us/politics/honduras-extradition-eswin-mejia.html</link>
      <guid isPermaLink="true">https://www.nytimes.com/2025/03/01/us/politics/honduras-extradition-eswin-mejia.html</guid>
      <atom:link href="https://www.nytimes.com/2025/03/01/us/politics/honduras-extradition-eswin-mejia.html" rel="standout"></atom:link>
      <description>In his 2016 campaign, President Trump seized on the death of Sarah Root, who police said was killed by an undocumented immigrant suspected of driving drunk.</description>
      <dc:creator>Zolan Kanno-Youngs, Maggie Haberman and Annie Correal</dc:creator>
      <pubDate>Sun, 02 Mar 2025 02:03:16 +0000</pubDate>
      <category domain="http://www.nytimes.com/namespaces/keywords/des">United States Politics and Government</category>
      <category domain="http://www.nytimes.com/namespaces/keywords/des">International Relations</category>
      <category domain="http://www.nytimes.com/namespaces/keywords/des">Politics and Government</category>
      <category domain="http://www.nytimes.com/namespaces/keywords/des">Illegal Immigration</category>
      <category domain="http://www.nytimes.com/namespaces/keywords/des">United States International Relations</category>
      <category domain="http://www.nytimes.com/namespaces/keywords/des">Extradition</category>
      <category domain="http://www.nytimes.com/namespaces/keywords/des">Immigration and Emigration</category>
      <category domain="http://www.nytimes.com/namespaces/keywords/nyt_per">Castro, Xiomara</category>
      <category domain="http://www.nytimes.com/namespaces/keywords/nyt_per">Trump, Donald J</category>
      <category domain="http://www.nytimes.com/namespaces/keywords/nyt_geo">Central America</category>
      <category domain="http://www.nytimes.com/namespaces/keywords/nyt_geo">Honduras</category>
      <media:content height="1800" medium="image" url="https://static01.nyt.com/images/2025/02/28/multimedia/28dc-trump-honduras1-tmqw/28dc-trump-honduras1-tmqw-mediumSquareAt3X.jpg" width="1800"></media:content>
      <media:credit>Mark Schiefelbein/Associated Press</media:credit>
      <media:description>Senator Joni Ernst holding a poster with photos of Sarah Root and Laken Riley on Thursday at the Capitol. Eswin Mejia, an undocumented immigrant, was charged in the death of Ms. Root in 2016.</media:description>
    </item>
    <item>
      <title>Canada-U.S. Relations Continue to Reach Lows Over Tariffs and Annexation Threats</title>
      <link>https://www.nytimes.com/2025/03/01/world/canada/canada-us-relations-continue-to-reach-lows-over-tariffs-and-annexation-threats.html</link>
      <guid isPermaLink="true">https://www.nytimes.com/2025/03/01/world/canada/canada-us-relations-continue-to-reach-lows-over-tariffs-and-annexation-threats.html</guid>
      <atom:link href="https://www.nytimes.com/2025/03/01/world/canada/canada-us-relations-continue-to-reach-lows-over-tariffs-and-annexation-threats.html" rel="standout"></atom:link>
      <description>President Trump said he would impose potentially devastating tariffs on Tuesday, inspiring patriotism in Canada.</description>
      <dc:creator>Ian Austen</dc:creator>
      <pubDate>Sat, 01 Mar 2025 16:21:55 +0000</pubDate>
      <category domain="http://www.nytimes.com/namespaces/keywords/nyt_geo">Canada</category>
      <category domain="http://www.nytimes.com/namespaces/keywords/des">Customs (Tariff)</category>
      <category domain="http://www.nytimes.com/namespaces/keywords/des">International Trade and World Market</category>
      <category domain="http://www.nytimes.com/namespaces/keywords/des">Protectionism (Trade)</category>
      <category domain="http://www.nytimes.com/namespaces/keywords/des">United States International Relations</category>
      <category domain="http://www.nytimes.com/namespaces/keywords/nyt_per">Trump, Donald J</category>
      <category domain="http://www.nytimes.com/namespaces/keywords/nyt_per">Trudeau, Justin</category>
      <media:content height="1800" medium="image" url="https://static01.nyt.com/images/2025/03/01/multimedia/01canadaletter-sam-lkgc/01canadaletter-sam-lkgc-mediumSquareAt3X.jpg" width="1800"></media:content>
      <media:credit>Ian Austen/The New York Times</media:credit>
      <media:description>Sam Hudson, a tailor in Ottawa, urges other Canadians to fly the flag as a response to President Trump’s tariff threats and calls to annex Canada.</media:description>
    </item>
    <item>
      <title>Why Canada Is Trying to Secure the Border</title>
      <link>https://www.nytimes.com/video/world/americas/100000010012208/canada-seeks-to-secure-border.html</link>
      <guid isPermaLink="true">https://www.nytimes.com/video/world/americas/100000010012208/canada-seeks-to-secure-border.html</guid>
      <atom:link href="https://www.nytimes.com/video/world/americas/100000010012208/canada-seeks-to-secure-border.html" rel="standout"></atom:link>
      <description>Since President Trump’s election, Canada has intensified its efforts to curb illegal immigration into the U.S. However, with mass deportations underway in the U.S., a new dynamic is emerging at the border. Matina Stevis-Gridneff, The New York Times’s Canada bureau chief, reports from the border.</description>
      <dc:creator>Matina Stevis-Gridneff, Christina Thornell, Amber Bracken and David Jouppi</dc:creator>
      <pubDate>Sat, 01 Mar 2025 19:06:59 +0000</pubDate>
      <category domain="http://www.nytimes.com/namespaces/keywords/des">Illegal Immigration</category>
      <category domain="http://www.nytimes.com/namespaces/keywords/des">News and News Media</category>
      <category domain="http://www.nytimes.com/namespaces/keywords/des">United States International Relations</category>
      <category domain="http://www.nytimes.com/namespaces/keywords/des">Immigration and Emigration</category>
      <category domain="http://www.nytimes.com/namespaces/keywords/nyt_org">New York Times</category>
      <category domain="http://www.nytimes.com/namespaces/keywords/nyt_per">Trump, Donald J</category>
      <category domain="http://www.nytimes.com/namespaces/keywords/nyt_geo">Canada</category>
      <category domain="http://www.nytimes.com/namespaces/keywords/nyt_geo">United States</category>
    </item>
    <item>
      <title>Canada Curbed Illegal Migration to the U.S. Now People Are Heading to Canada.</title>
      <link>https://www.nytimes.com/2025/03/01/world/canada/canada-us-border-immigration.html</link>
      <guid isPermaLink="true">https://www.nytimes.com/2025/03/01/world/canada/canada-us-border-immigration.html</guid>
      <atom:link href="https://www.nytimes.com/2025/03/01/world/canada/canada-us-border-immigration.html" rel="standout"></atom:link>
      <description>The Canadian government has reinforced border operations to stop migrants going to the United States, a major Trump complaint. But early data shows people are, instead, starting to flee the United States for Canada.</description>
      <dc:creator>Matina Stevis-Gridneff and Amber Bracken</dc:creator>
      <pubDate>Sun, 02 Mar 2025 19:21:02 +0000</pubDate>
      <category domain="http://www.nytimes.com/namespaces/keywords/des">Immigration and Emigration</category>
      <category domain="http://www.nytimes.com/namespaces/keywords/des">Asylum, Right of</category>
      <category domain="http://www.nytimes.com/namespaces/keywords/des">Deportation</category>
      <category domain="http://www.nytimes.com/namespaces/keywords/des">Illegal Immigration</category>
      <category domain="http://www.nytimes.com/namespaces/keywords/des">United States International Relations</category>
      <category domain="http://www.nytimes.com/namespaces/keywords/des">Customs (Tariff)</category>
      <category domain="http://www.nytimes.com/namespaces/keywords/des">Protectionism (Trade)</category>
      <category domain="http://www.nytimes.com/namespaces/keywords/nyt_per">Trump, Donald J</category>
      <category domain="http://www.nytimes.com/namespaces/keywords/nyt_geo">Canada</category>
      <category domain="http://www.nytimes.com/namespaces/keywords/nyt_geo">United States</category>
      <category domain="http://www.nytimes.com/namespaces/keywords/nyt_geo">Alberta (Canada)</category>
      <category domain="http://www.nytimes.com/namespaces/keywords/nyt_geo">Montana</category>
      <category domain="http://www.nytimes.com/namespaces/keywords/nyt_geo">Venezuela</category>
      <media:content height="1800" medium="image" url="https://static01.nyt.com/images/2025/03/01/multimedia/01canada-us-border-02-hgmt/01canada-us-border-02-hgmt-mediumSquareAt3X.jpg" width="1800"></media:content>
      <media:description>A pedestrian on the American side of the border between Canada and the United States border as seen from Coutts, Alberta.</media:description>
    </item>
    <item>
      <title>Migrants Deported to Panama Jungle Camp Face Uncertain Future</title>
      <link>https://www.nytimes.com/2025/02/28/world/americas/panama-migrants-deportees.html</link>
      <guid isPermaLink="true">https://www.nytimes.com/2025/02/28/world/americas/panama-migrants-deportees.html</guid>
      <atom:link href="https://www.nytimes.com/2025/02/28/world/americas/panama-migrants-deportees.html" rel="standout"></atom:link>
      <description>More than 100 asylum seekers from around the world sent to Panama from the United States have no sense how long they will be held or where they might eventually be sent.</description>
      <dc:creator>Julie Turkewitz, Farnaz Fassihi, Annie Correal and Federico Rios</dc:creator>
      <pubDate>Fri, 28 Feb 2025 22:38:27 +0000</pubDate>
      <category domain="http://www.nytimes.com/namespaces/keywords/des">Immigration Detention</category>
      <category domain="http://www.nytimes.com/namespaces/keywords/des">Asylum, Right of</category>
      <category domain="http://www.nytimes.com/namespaces/keywords/des">Illegal Immigration</category>
      <category domain="http://www.nytimes.com/namespaces/keywords/des">Deportation</category>
      <category domain="http://www.nytimes.com/namespaces/keywords/des">United States International Relations</category>
      <category domain="http://www.nytimes.com/namespaces/keywords/nyt_org">International Organization for Migration</category>
      <category domain="http://www.nytimes.com/namespaces/keywords/nyt_org">United Nations</category>
      <category domain="http://www.nytimes.com/namespaces/keywords/nyt_per">Trump, Donald J</category>
      <category domain="http://www.nytimes.com/namespaces/keywords/nyt_geo">Panama</category>
      <category domain="http://www.nytimes.com/namespaces/keywords/nyt_geo">Venezuela</category>
      <category domain="http://www.nytimes.com/namespaces/keywords/nyt_geo">United States</category>
      <category domain="http://www.nytimes.com/namespaces/keywords/nyt_geo">Costa Rica</category>
      <category domain="http://www.nytimes.com/namespaces/keywords/nyt_geo">Latin America</category>
      <media:content height="1800" medium="image" url="https://static01.nyt.com/images/2025/02/28/multimedia/28panama-migrants-ztbw/28panama-migrants-ztbw-mediumSquareAt3X.jpg" width="1800"></media:content>
      <media:description>Officers from Panama’s border police guard the San Vicente migrant camp on Tuesday. More than 100 migrants deported from the United States are being held at the facility.</media:description>
    </item>
    <item>
      <title>Why These Oscars Mean So Much to Brazil</title>
      <link>https://www.nytimes.com/2025/02/28/world/americas/oscars-im-still-here-brazil.html</link>
      <guid isPermaLink="true">https://www.nytimes.com/2025/02/28/world/americas/oscars-im-still-here-brazil.html</guid>
      <atom:link href="https://www.nytimes.com/2025/02/28/world/americas/oscars-im-still-here-brazil.html" rel="standout"></atom:link>
      <description>The best picture and best actress nominations for “I’m Still Here” have inspired national pride in a country whose culture has long been overlooked.</description>
      <dc:creator>Jack Nicas</dc:creator>
      <pubDate>Mon, 03 Mar 2025 04:37:54 +0000</pubDate>
      <category domain="http://www.nytimes.com/namespaces/keywords/des">Movies</category>
      <category domain="http://www.nytimes.com/namespaces/keywords/des">Academy Awards (Oscars)</category>
      <category domain="http://www.nytimes.com/namespaces/keywords/des">Actors and Actresses</category>
      <category domain="http://www.nytimes.com/namespaces/keywords/des">Music</category>
      <category domain="http://www.nytimes.com/namespaces/keywords/des">Language and Languages</category>
      <category domain="http://www.nytimes.com/namespaces/keywords/des">Golden Globes (Awards)</category>
      <category domain="http://www.nytimes.com/namespaces/keywords/des">Carnival (Pre-Lenten)</category>
      <category domain="http://www.nytimes.com/namespaces/keywords/nyt_per">Torres, Fernanda</category>
      <category domain="http://www.nytimes.com/namespaces/keywords/nyt_per">Veloso, Caetano</category>
      <category domain="http://www.nytimes.com/namespaces/keywords/nyt_per">Anitta (Singer)</category>
      <category domain="http://www.nytimes.com/namespaces/keywords/nyt_per">Gil, Gilberto</category>
      <category domain="http://www.nytimes.com/namespaces/keywords/nyt_per">Machado de Assis, Joaquim Maria</category>
      <category domain="http://www.nytimes.com/namespaces/keywords/nyt_per">Montenegro, Fernanda</category>
      <category domain="http://www.nytimes.com/namespaces/keywords/nyt_per">Nascimento, Milton</category>
      <category domain="http://www.nytimes.com/namespaces/keywords/nyt_per">Salles, Walter</category>
      <category domain="http://www.nytimes.com/namespaces/keywords/nyt_geo">Brazil</category>
      <media:content height="1801" medium="image" url="https://static01.nyt.com/images/2025/02/28/multimedia/28brazil-oscar-essay-ktcw/28brazil-oscar-essay-ktcw-mediumSquareAt3X.jpg" width="1800"></media:content>
      <media:credit>Maria Magdalena Arrellaga for The New York Times</media:credit>
      <media:description>Musicians and revelers parade through the streets of Rio de Janeiro during pre-Carnival celebrations this week dressed as Fernanda Torres, the Oscar-nominated actress in “I’m Still Here.’’</media:description>
    </item>
    <item>
      <title>Why ‘Emilia Pérez,’ a Film About Mexico, Flopped in Mexico</title>
      <link>https://www.nytimes.com/2025/02/28/world/americas/emilia-perez-mexico-oscars.html</link>
      <guid isPermaLink="true">https://www.nytimes.com/2025/02/28/world/americas/emilia-perez-mexico-oscars.html</guid>
      <atom:link href="https://www.nytimes.com/2025/02/28/world/americas/emilia-perez-mexico-oscars.html" rel="standout"></atom:link>
      <description>The polarizing movie is up for 13 Academy Awards on Sunday. But in Mexico, it has been widely criticized for its depiction of the country.</description>
      <dc:creator>James Wagner</dc:creator>
      <pubDate>Fri, 28 Feb 2025 11:39:22 +0000</pubDate>
      <category domain="http://www.nytimes.com/namespaces/keywords/nyt_ttl">Emilia Perez (Movie)</category>
      <category domain="http://www.nytimes.com/namespaces/keywords/nyt_geo">Mexico</category>
      <category domain="http://www.nytimes.com/namespaces/keywords/des">Drug Cartels</category>
      <category domain="http://www.nytimes.com/namespaces/keywords/des">Movies</category>
      <category domain="http://www.nytimes.com/namespaces/keywords/nyt_per">Audiard, Jacques</category>
      <category domain="http://www.nytimes.com/namespaces/keywords/des">Academy Awards (Oscars)</category>
      <category domain="http://www.nytimes.com/namespaces/keywords/des">Actors and Actresses</category>
      <category domain="http://www.nytimes.com/namespaces/keywords/des">Golden Globes (Awards)</category>
      <media:content height="1340" medium="image" url="https://static01.nyt.com/images/2025/02/28/multimedia/28mexico-emiliaperez-mbtz/28mexico-emiliaperez-mbtz-mediumSquareAt3X.jpg" width="1340"></media:content>
      <media:credit>Alfredo Estrella/Agence France-Presse — Getty Images</media:credit>
      <media:description>“Emilia Pérez” wasn’t theatrically released in Mexico until Jan. 23 — five months after its debut in France and two months after its U.S. release.</media:description>
    </item>
    <item>
      <title>How Oscar-Nominated ‘I’m Still Here’ May Hold Brazil’s Military Accountable</title>
      <link>https://www.nytimes.com/2025/02/28/world/americas/brazil-oscars-dictatorship-justice.html</link>
      <guid isPermaLink="true">https://www.nytimes.com/2025/02/28/world/americas/brazil-oscars-dictatorship-justice.html</guid>
      <atom:link href="https://www.nytimes.com/2025/02/28/world/americas/brazil-oscars-dictatorship-justice.html" rel="standout"></atom:link>
      <description>For decades, nobody was held accountable for killings and forced disappearances at the hands of Brazil’s military junta. “I’m Still Here” may be changing that.</description>
      <dc:creator>Ana Ionova and Jack Nicas</dc:creator>
      <pubDate>Sun, 02 Mar 2025 01:12:42 +0000</pubDate>
      <category domain="http://www.nytimes.com/namespaces/keywords/des">Amnesties, Commutations and Pardons</category>
      <category domain="http://www.nytimes.com/namespaces/keywords/des">Human Rights and Human Rights Violations</category>
      <category domain="http://www.nytimes.com/namespaces/keywords/des">Politics and Government</category>
      <category domain="http://www.nytimes.com/namespaces/keywords/des">Academy Awards (Oscars)</category>
      <category domain="http://www.nytimes.com/namespaces/keywords/des">Defense and Military Forces</category>
      <category domain="http://www.nytimes.com/namespaces/keywords/des">Torture</category>
      <category domain="http://www.nytimes.com/namespaces/keywords/des">Movies</category>
      <category domain="http://www.nytimes.com/namespaces/keywords/nyt_org">Supreme Federal Court (Brazil)</category>
      <category domain="http://www.nytimes.com/namespaces/keywords/nyt_per">Bolsonaro, Jair (1955- )</category>
      <category domain="http://www.nytimes.com/namespaces/keywords/nyt_per">Da Silva, Luiz Inacio Lula</category>
      <category domain="http://www.nytimes.com/namespaces/keywords/nyt_per">Torres, Fernanda</category>
      <category domain="http://www.nytimes.com/namespaces/keywords/nyt_geo">Brazil</category>
      <category domain="http://www.nytimes.com/namespaces/keywords/nyt_ttl">I&#39;m Still Here (Movie)</category>
      <media:content height="1801" medium="image" url="https://static01.nyt.com/images/2025/02/28/multimedia/28brazil-dictatorship-bvfg/28brazil-dictatorship-bvfg-mediumSquareAt3X.jpg" width="1800"></media:content>
      <media:credit>Maria Magdalena Arrellaga for The New York Times</media:credit>
      <media:description>A large tribute to Fernanda Torres, star of “I’m Still Here” hangs on the front of the Raul Cortez Municipal Theater in Duque de Caxias.</media:description>
    </item>
    <item>
      <title>Argentina’s Crypto Scandal Swindled Thousands. What Did Javier Milei Know?</title>
      <link>https://www.nytimes.com/2025/02/28/world/americas/argentina-crypto-scandal-president.html</link>
      <guid isPermaLink="true">https://www.nytimes.com/2025/02/28/world/americas/argentina-crypto-scandal-president.html</guid>
      <atom:link href="https://www.nytimes.com/2025/02/28/world/americas/argentina-crypto-scandal-president.html" rel="standout"></atom:link>
      <description>A new cryptocurrency called $Libra bilked investors out of $250 million. It had been promoted by President Javier Milei.</description>
      <dc:creator>Jack Nicas and David Yaffe-Bellany</dc:creator>
      <pubDate>Fri, 28 Feb 2025 16:06:50 +0000</pubDate>
      <category domain="http://www.nytimes.com/namespaces/keywords/des">Virtual Currency</category>
      <category domain="http://www.nytimes.com/namespaces/keywords/des">Politics and Government</category>
      <category domain="http://www.nytimes.com/namespaces/keywords/des">Frauds and Swindling</category>
      <category domain="http://www.nytimes.com/namespaces/keywords/nyt_per">Milei, Javier</category>
      <category domain="http://www.nytimes.com/namespaces/keywords/nyt_per">Portnoy, Dave (1977- )</category>
      <category domain="http://www.nytimes.com/namespaces/keywords/nyt_org">Barstool Sports Inc</category>
      <category domain="http://www.nytimes.com/namespaces/keywords/nyt_geo">Argentina</category>
      <media:content height="1800" medium="image" url="https://static01.nyt.com/images/2025/03/01/multimedia/22argentina-milei-crypto-hpmk/22argentina-milei-crypto-hpmk-mediumSquareAt3X.jpg" width="1800"></media:content>
      <media:credit>Magali Druscovich for The New York Times</media:credit>
      <media:description>Mr. Milei greeted his followers after giving a speech during the Conservative Political Action Conference in Buenos Aires, in December.</media:description>
    </item>
    <item>
      <title>How Canadians Are Directing Their Ire at the U.S. Over Trump’s Tariffs</title>
      <link>https://www.nytimes.com/2025/02/28/world/canada/canada-us-trump-tariffs-reactions.html</link>
      <guid isPermaLink="true">https://www.nytimes.com/2025/02/28/world/canada/canada-us-trump-tariffs-reactions.html</guid>
      <atom:link href="https://www.nytimes.com/2025/02/28/world/canada/canada-us-trump-tariffs-reactions.html" rel="standout"></atom:link>
      <description>Canadians are shunning American products and abandoning trips to the United States to protest the economic punishment President Trump has threatened to impose with tariffs.</description>
      <dc:creator>Vjosa Isai</dc:creator>
      <pubDate>Fri, 28 Feb 2025 21:15:23 +0000</pubDate>
      <category domain="http://www.nytimes.com/namespaces/keywords/des">Protectionism (Trade)</category>
      <category domain="http://www.nytimes.com/namespaces/keywords/des">International Trade and World Market</category>
      <category domain="http://www.nytimes.com/namespaces/keywords/des">Customs (Tariff)</category>
      <category domain="http://www.nytimes.com/namespaces/keywords/nyt_per">Gretzky, Wayne</category>
      <category domain="http://www.nytimes.com/namespaces/keywords/nyt_per">Trudeau, Justin</category>
      <category domain="http://www.nytimes.com/namespaces/keywords/nyt_per">Trump, Donald J</category>
      <category domain="http://www.nytimes.com/namespaces/keywords/nyt_geo">Canada</category>
      <category domain="http://www.nytimes.com/namespaces/keywords/nyt_geo">United States</category>
      <media:content height="1800" medium="image" url="https://static01.nyt.com/images/2025/02/28/multimedia/28canada-angry-explainer-1-vgkz/28canada-angry-explainer-1-vgkz-mediumSquareAt3X.jpg" width="1800"></media:content>
      <media:credit>Chris Helgren/Reuters</media:credit>
      <media:description>A liquor store in Vancouver encouraging domestic purchases. Many Canadians are shunning U.S. products. </media:description>
    </item>
    <item>
      <title>Canada Urges Its Travelers to Stay Home as Trade War With U.S. Continues</title>
      <link>https://www.nytimes.com/2025/02/27/travel/canada-tariffs-us-tourism.html</link>
      <guid isPermaLink="true">https://www.nytimes.com/2025/02/27/travel/canada-tariffs-us-tourism.html</guid>
      <atom:link href="https://www.nytimes.com/2025/02/27/travel/canada-tariffs-us-tourism.html" rel="standout"></atom:link>
      <description>Last year, Canadians visiting the United States were responsible for $20.5 billion in spending. Some are now changing their travel plans as the neighboring nations battle over trade.</description>
      <dc:creator>Claire Fahy</dc:creator>
      <pubDate>Mon, 03 Mar 2025 14:48:00 +0000</pubDate>
      <category domain="http://www.nytimes.com/namespaces/keywords/des">United States Politics and Government</category>
      <category domain="http://www.nytimes.com/namespaces/keywords/des">Travel and Vacations</category>
      <category domain="http://www.nytimes.com/namespaces/keywords/nyt_geo">Canada</category>
      <category domain="http://www.nytimes.com/namespaces/keywords/des">International Trade and World Market</category>
      <category domain="http://www.nytimes.com/namespaces/keywords/des">Airlines and Airplanes</category>
      <category domain="http://www.nytimes.com/namespaces/keywords/nyt_geo">North Dakota</category>
      <category domain="http://www.nytimes.com/namespaces/keywords/nyt_per">Trudeau, Justin</category>
      <category domain="http://www.nytimes.com/namespaces/keywords/nyt_per">Trump, Donald J</category>
      <category domain="http://www.nytimes.com/namespaces/keywords/nyt_org">Air Canada</category>
      <category domain="http://www.nytimes.com/namespaces/keywords/nyt_org">United States Travel Assn</category>
      <category domain="http://www.nytimes.com/namespaces/keywords/des">Protectionism (Trade)</category>
      <category domain="http://www.nytimes.com/namespaces/keywords/des">United States International Relations</category>
      <media:content height="1799" medium="image" url="https://static01.nyt.com/images/2025/02/27/multimedia/27canada-us-tourism-zhcw/27canada-us-tourism-zhcw-mediumSquareAt3X-v2.jpg" width="1800"></media:content>
      <media:credit>Richard Lautens/Toronto Star, via Getty Images</media:credit>
      <media:description>According to the U.S. Travel Association, Canadians made 20.4 million visits to the United States last year.</media:description>
    </item>
    <item>
      <title>Mexico Transfers Rafael Caro Quintero and Other Cartel Operatives to U.S. Custody</title>
      <link>https://www.nytimes.com/2025/02/27/us/politics/mexico-cartel-sheinbaum-trump.html</link>
      <guid isPermaLink="true">https://www.nytimes.com/2025/02/27/us/politics/mexico-cartel-sheinbaum-trump.html</guid>
      <atom:link href="https://www.nytimes.com/2025/02/27/us/politics/mexico-cartel-sheinbaum-trump.html" rel="standout"></atom:link>
      <description>The handover of so many significant cartel figures was one of the most important efforts by Mexico in the modern history of the drug war to send traffickers to face charges in U.S. courts.</description>
      <dc:creator>Alan Feuer</dc:creator>
      <pubDate>Fri, 28 Feb 2025 02:14:56 +0000</pubDate>
      <category domain="http://www.nytimes.com/namespaces/keywords/des">United States International Relations</category>
      <category domain="http://www.nytimes.com/namespaces/keywords/des">Drug Abuse and Traffic</category>
      <category domain="http://www.nytimes.com/namespaces/keywords/des">Drug Cartels</category>
      <category domain="http://www.nytimes.com/namespaces/keywords/nyt_geo">Mexico</category>
      <category domain="http://www.nytimes.com/namespaces/keywords/des">Extradition</category>
      <category domain="http://www.nytimes.com/namespaces/keywords/nyt_org">Drug Enforcement Administration</category>
      <category domain="http://www.nytimes.com/namespaces/keywords/nyt_org">Sinaloa Cartel</category>
      <category domain="http://www.nytimes.com/namespaces/keywords/nyt_org">Zetas</category>
      <category domain="http://www.nytimes.com/namespaces/keywords/nyt_org">La Familia Michoacana</category>
      <category domain="http://www.nytimes.com/namespaces/keywords/nyt_org">Jalisco New Generation Cartel</category>
      <category domain="http://www.nytimes.com/namespaces/keywords/nyt_per">Caro Quintero, Rafael</category>
      <category domain="http://www.nytimes.com/namespaces/keywords/nyt_per">Sheinbaum, Claudia</category>
      <category domain="http://www.nytimes.com/namespaces/keywords/nyt_per">Trump, Donald J</category>
      <category domain="http://www.nytimes.com/namespaces/keywords/nyt_per">Camarena, Enrique</category>
      <category domain="http://www.nytimes.com/namespaces/keywords/nyt_per">Trevino Morales, Miguel Angel</category>
      <category domain="http://www.nytimes.com/namespaces/keywords/nyt_per">Canobbio Inzunza, Jose Angel</category>
      <media:content height="1365" medium="image" url="https://static01.nyt.com/images/2025/02/27/multimedia/7dc-cartel1-bpwl/7dc-cartel1-bpwl-mediumSquareAt3X.jpg" width="1365"></media:content>
      <media:credit>Reuters</media:credit>
      <media:description>Getting hold of Rafael Caro Quintero, a founding member of the Sinaloa drug cartel who was convicted in Mexico of masterminding the 1985 murder of an agent with the Drug Enforcement Administration, has been a priority for the agency.</media:description>
    </item>
    <item>
      <title>Trump Officials Split Over How Hard to Go on Mexican Cartels</title>
      <link>https://www.nytimes.com/2025/02/27/world/americas/mexico-trump-cartels-washington.html</link>
      <guid isPermaLink="true">https://www.nytimes.com/2025/02/27/world/americas/mexico-trump-cartels-washington.html</guid>
      <atom:link href="https://www.nytimes.com/2025/02/27/world/americas/mexico-trump-cartels-washington.html" rel="standout"></atom:link>
      <description>A Mexican delegation will meet in Washington on Thursday to finalize a security deal, as White House officials debate a strategy for fighting cartels and stemming the flow of drugs across the border.</description>
      <dc:creator>Alan Feuer and Maria Abi-Habib</dc:creator>
      <pubDate>Thu, 27 Feb 2025 20:58:12 +0000</pubDate>
      <category domain="http://www.nytimes.com/namespaces/keywords/des">Drug Abuse and Traffic</category>
      <category domain="http://www.nytimes.com/namespaces/keywords/des">Drones (Pilotless Planes)</category>
      <category domain="http://www.nytimes.com/namespaces/keywords/des">Drug Cartels</category>
      <category domain="http://www.nytimes.com/namespaces/keywords/nyt_org">Central Intelligence Agency</category>
      <category domain="http://www.nytimes.com/namespaces/keywords/nyt_org">Defense Department</category>
      <category domain="http://www.nytimes.com/namespaces/keywords/nyt_per">Sheinbaum, Claudia</category>
      <category domain="http://www.nytimes.com/namespaces/keywords/nyt_per">Trump, Donald J</category>
      <category domain="http://www.nytimes.com/namespaces/keywords/nyt_per">Guzman Salazar, Ivan Archivaldo</category>
      <media:content height="1799" medium="image" url="https://static01.nyt.com/images/2025/02/28/multimedia/28Mexico-security-zqlj/28Mexico-security-zqlj-mediumSquareAt3X.jpg" width="1800"></media:content>
      <media:credit>Guillermo Arias/Agence France-Presse — Getty Images</media:credit>
      <media:description>A Mexican National Guard camp at the U.S. border. President Claudia Sheinbaum began moving troops there last month as part of a deployment to combat illegal migration and drug trafficking.</media:description>
    </item>
    <item>
      <title>Doug Ford Re-elected as Ontario Premier in Vote Pitched as Fight Against Trump</title>
      <link>https://www.nytimes.com/2025/02/27/world/canada/canada-election-ontario-doug-ford.html</link>
      <guid isPermaLink="true">https://www.nytimes.com/2025/02/27/world/canada/canada-election-ontario-doug-ford.html</guid>
      <atom:link href="https://www.nytimes.com/2025/02/27/world/canada/canada-election-ontario-doug-ford.html" rel="standout"></atom:link>
      <description>His party, the Progressive Conservative Party of Ontario, was projected to have won a majority, its third since 2018.</description>
      <dc:creator>Vjosa Isai</dc:creator>
      <pubDate>Mon, 03 Mar 2025 20:24:39 +0000</pubDate>
      <category domain="http://www.nytimes.com/namespaces/keywords/des">International Trade and World Market</category>
      <category domain="http://www.nytimes.com/namespaces/keywords/des">Protectionism (Trade)</category>
      <category domain="http://www.nytimes.com/namespaces/keywords/des">United States International Relations</category>
      <category domain="http://www.nytimes.com/namespaces/keywords/des">Politics and Government</category>
      <category domain="http://www.nytimes.com/namespaces/keywords/des">Elections</category>
      <category domain="http://www.nytimes.com/namespaces/keywords/nyt_per">Ford, Doug Jr (1964- )</category>
      <category domain="http://www.nytimes.com/namespaces/keywords/nyt_geo">Canada</category>
      <category domain="http://www.nytimes.com/namespaces/keywords/nyt_geo">Ontario (Canada)</category>
      <category domain="http://www.nytimes.com/namespaces/keywords/nyt_geo">United States</category>
      <category domain="http://www.nytimes.com/namespaces/keywords/nyt_per">Trump, Donald J</category>
      <media:content height="1800" medium="image" url="https://static01.nyt.com/images/2025/02/27/multimedia/27canada-ontario-explainer-jlfw/27canada-ontario-explainer-jlfw-mediumSquareAt3X.jpg" width="1800"></media:content>
      <media:credit>Craig Hudson/Reuters</media:credit>
      <media:description>During his campaign, Doug Ford argued he was the best candidate to take on President Trump in any trade war. </media:description>
    </item>
    <item>
      <title>7-Eleven Founding Family’s Bid to Block Foreign Takeover Collapses</title>
      <link>https://www.nytimes.com/2025/02/27/business/7-eleven-buyout-bid-collapse.html</link>
      <guid isPermaLink="true">https://www.nytimes.com/2025/02/27/business/7-eleven-buyout-bid-collapse.html</guid>
      <atom:link href="https://www.nytimes.com/2025/02/27/business/7-eleven-buyout-bid-collapse.html" rel="standout"></atom:link>
      <description>The proposal worth over $50 billion by Junro Ito, the son of the founder of Seven &amp; i Holdings, was aimed at fending off a takeover bid from Canada’s Alimentation Couche-Tard.</description>
      <dc:creator>Yan Zhuang</dc:creator>
      <pubDate>Thu, 27 Feb 2025 05:31:23 +0000</pubDate>
      <category domain="http://www.nytimes.com/namespaces/keywords/des">Mergers, Acquisitions and Divestitures</category>
      <category domain="http://www.nytimes.com/namespaces/keywords/des">Convenience Stores</category>
      <category domain="http://www.nytimes.com/namespaces/keywords/nyt_org">7-Eleven</category>
      <category domain="http://www.nytimes.com/namespaces/keywords/nyt_org">Alimentation Couche Tard-Inc</category>
      <category domain="http://www.nytimes.com/namespaces/keywords/nyt_org">Alimentation Couche-Tard Inc</category>
      <category domain="http://www.nytimes.com/namespaces/keywords/nyt_org">Seven &amp; I Holdings Co</category>
      <category domain="http://www.nytimes.com/namespaces/keywords/nyt_per">Ito, Junro</category>
      <category domain="http://www.nytimes.com/namespaces/keywords/nyt_geo">Canada</category>
      <category domain="http://www.nytimes.com/namespaces/keywords/nyt_geo">Japan</category>
      <category domain="http://www.nytimes.com/namespaces/keywords/nyt_geo">North America</category>
      <category domain="http://www.nytimes.com/namespaces/keywords/nyt_geo">United States</category>
      <media:content height="1801" medium="image" url="https://static01.nyt.com/images/2025/02/27/multimedia/27xp-seveneleven-lmqb/27xp-seveneleven-lmqb-mediumSquareAt3X.jpg" width="1800"></media:content>
      <media:credit>Franck Robichon/EPA, via Shutterstock</media:credit>
      <media:description>A multibillion-dollar bid to buy out the Japanese parent company of 7-Eleven by its founding family has failed.</media:description>
    </item>
    <item>
      <title>Possible Remains of Indigenous Women Slain in Canada Found in Landfill</title>
      <link>https://www.nytimes.com/2025/02/26/world/canada/canada-serial-killer-landfill-search.html</link>
      <guid isPermaLink="true">https://www.nytimes.com/2025/02/26/world/canada/canada-serial-killer-landfill-search.html</guid>
      <atom:link href="https://www.nytimes.com/2025/02/26/world/canada/canada-serial-killer-landfill-search.html" rel="standout"></atom:link>
      <description>The search in Manitoba uncovered possible human remains from two victims of a serial killer, a devastating case that spotlighted an epidemic of violence against Indigenous women in Canada.</description>
      <dc:creator>Matina Stevis-Gridneff and Kim  Wheeler</dc:creator>
      <pubDate>Thu, 27 Feb 2025 03:06:07 +0000</pubDate>
      <category domain="http://www.nytimes.com/namespaces/keywords/des">Indigenous People</category>
      <category domain="http://www.nytimes.com/namespaces/keywords/des">Serial Murders</category>
      <category domain="http://www.nytimes.com/namespaces/keywords/des">Women and Girls</category>
      <category domain="http://www.nytimes.com/namespaces/keywords/nyt_geo">Canada</category>
      <category domain="http://www.nytimes.com/namespaces/keywords/nyt_geo">Manitoba (Canada)</category>
      <category domain="http://www.nytimes.com/namespaces/keywords/nyt_geo">Winnipeg (Manitoba)</category>
      <category domain="http://www.nytimes.com/namespaces/keywords/des">Discrimination</category>
      <category domain="http://www.nytimes.com/namespaces/keywords/nyt_per">Harris, Morgan (d 2022)</category>
      <category domain="http://www.nytimes.com/namespaces/keywords/nyt_per">Skibicki, Jeremy Anthony Michael</category>
      <category domain="http://www.nytimes.com/namespaces/keywords/nyt_per">Myran, Marcedes (d 2022)</category>
      <media:content height="1800" medium="image" url="https://static01.nyt.com/images/2025/02/26/multimedia/26canada-remains-01-hpvq/26canada-remains-01-hpvq-mediumSquareAt3X.jpg" width="1800"></media:content>
      <media:credit>Shannon Vanraes/Reuters</media:credit>
      <media:description>The Prairie Green Landfill in Winnipeg, Manitoba, Canada, where a search was conducted for the remains of two murdered women. Red ribbons were tied at the site to honor the victims.</media:description>
    </item>
    <item>
      <title>Trump to Revoke an Oil License in Venezuela</title>
      <link>https://www.nytimes.com/2025/02/26/business/energy-environment/trump-venezuela-chevron-oil-sanctions.html</link>
      <guid isPermaLink="true">https://www.nytimes.com/2025/02/26/business/energy-environment/trump-venezuela-chevron-oil-sanctions.html</guid>
      <atom:link href="https://www.nytimes.com/2025/02/26/business/energy-environment/trump-venezuela-chevron-oil-sanctions.html" rel="standout"></atom:link>
      <description>President Trump appears to be revoking a license that the Biden administration gave Chevron in 2022, potentially hurting the company and Venezuela.</description>
      <dc:creator>Rebecca F. Elliott</dc:creator>
      <pubDate>Thu, 27 Feb 2025 00:24:42 +0000</pubDate>
      <category domain="http://www.nytimes.com/namespaces/keywords/des">United States Politics and Government</category>
      <category domain="http://www.nytimes.com/namespaces/keywords/des">United States International Relations</category>
      <category domain="http://www.nytimes.com/namespaces/keywords/des">Oil (Petroleum) and Gasoline</category>
      <category domain="http://www.nytimes.com/namespaces/keywords/nyt_org">Chevron Corporation</category>
      <category domain="http://www.nytimes.com/namespaces/keywords/nyt_org">Treasury Department</category>
      <category domain="http://www.nytimes.com/namespaces/keywords/nyt_per">Trump, Donald J</category>
      <category domain="http://www.nytimes.com/namespaces/keywords/nyt_per">Biden, Joseph R Jr</category>
      <category domain="http://www.nytimes.com/namespaces/keywords/nyt_geo">Venezuela</category>
      <media:content height="1800" medium="image" url="https://static01.nyt.com/images/2025/02/26/multimedia/26trump-chevron-hvfl/26trump-chevron-hvfl-mediumSquareAt3X.jpg" width="1800"></media:content>
      <media:credit>Adriana Loureiro Fernandez for The New York Times</media:credit>
      <media:description>Pump jacks in Cabimas, Venezuela. Oil production is an essential part of Venezuela’s economy. </media:description>
    </item>
    <item>
      <title>Frankétienne, Father of Haitian Letters, Is Dead at 88</title>
      <link>https://www.nytimes.com/2025/02/26/world/americas/franketienne-dead.html</link>
      <guid isPermaLink="true">https://www.nytimes.com/2025/02/26/world/americas/franketienne-dead.html</guid>
      <atom:link href="https://www.nytimes.com/2025/02/26/world/americas/franketienne-dead.html" rel="standout"></atom:link>
      <description>A prolific novelist, poet, painter and soothsayer, he was inspired by the chaos of his country and published the first novel written entirely in Haitian Creole.</description>
      <dc:creator>Randal C. Archibold</dc:creator>
      <pubDate>Thu, 27 Feb 2025 01:53:19 +0000</pubDate>
      <category domain="http://www.nytimes.com/namespaces/keywords/nyt_per">Franketienne (1936-2025)</category>
      <category domain="http://www.nytimes.com/namespaces/keywords/des">Deaths (Obituaries)</category>
      <category domain="http://www.nytimes.com/namespaces/keywords/des">Books and Literature</category>
      <category domain="http://www.nytimes.com/namespaces/keywords/des">Writing and Writers</category>
      <category domain="http://www.nytimes.com/namespaces/keywords/nyt_geo">Haiti</category>
      <category domain="http://www.nytimes.com/namespaces/keywords/des">Art</category>
      <category domain="http://www.nytimes.com/namespaces/keywords/des">French Language</category>
      <media:content height="1800" medium="image" url="https://static01.nyt.com/images/2025/02/28/multimedia/25franketienne--02-kvlj-print1/25franketienne--02-kvlj-mediumSquareAt3X.jpg" width="1800"></media:content>
      <media:credit>Allison Shelley for The New York Times</media:credit>
      <media:description>The artist and writer Frankétienne with one of his paintings at his home in Port-au-Prince, Haiti, in 2011. Considered the father of Haitian letters, he published the first novel written in Haitian Creole.</media:description>
    </item>
    <item>
      <title>How Trump and Biden Pursued Critical Minerals in Ukraine, Greenland and Other Countries</title>
      <link>https://www.nytimes.com/2025/02/26/us/politics/trump-biden-minerals-ukraine.html</link>
      <guid isPermaLink="true">https://www.nytimes.com/2025/02/26/us/politics/trump-biden-minerals-ukraine.html</guid>
      <atom:link href="https://www.nytimes.com/2025/02/26/us/politics/trump-biden-minerals-ukraine.html" rel="standout"></atom:link>
      <description>China dominates in critical minerals, and President Trump has turned to high-pressure tactics to acquire them.</description>
      <dc:creator>Edward Wong</dc:creator>
      <pubDate>Wed, 26 Feb 2025 23:49:39 +0000</pubDate>
      <category domain="http://www.nytimes.com/namespaces/keywords/des">United States Politics and Government</category>
      <category domain="http://www.nytimes.com/namespaces/keywords/des">United States International Relations</category>
      <category domain="http://www.nytimes.com/namespaces/keywords/des">Metals and Minerals</category>
      <category domain="http://www.nytimes.com/namespaces/keywords/des">Foreign Aid</category>
      <category domain="http://www.nytimes.com/namespaces/keywords/des">Russian Invasion of Ukraine (2022)</category>
      <category domain="http://www.nytimes.com/namespaces/keywords/des">Supply Chain</category>
      <category domain="http://www.nytimes.com/namespaces/keywords/des">Rare Earths</category>
      <category domain="http://www.nytimes.com/namespaces/keywords/nyt_per">Biden, Joseph R Jr</category>
      <category domain="http://www.nytimes.com/namespaces/keywords/nyt_per">Zelensky, Volodymyr</category>
      <category domain="http://www.nytimes.com/namespaces/keywords/nyt_per">Trump, Donald J</category>
      <category domain="http://www.nytimes.com/namespaces/keywords/nyt_geo">Ukraine</category>
      <category domain="http://www.nytimes.com/namespaces/keywords/nyt_geo">Russia</category>
      <category domain="http://www.nytimes.com/namespaces/keywords/nyt_geo">Greenland</category>
      <category domain="http://www.nytimes.com/namespaces/keywords/nyt_geo">China</category>
      <media:content height="1798" medium="image" url="https://static01.nyt.com/images/2025/02/26/multimedia/DC-MINERALS-01-gzjh/DC-MINERALS-01-gzjh-mediumSquareAt3X.jpg" width="1800"></media:content>
      <media:credit>Qilai Shen for The New York Times</media:credit>
      <media:description>Floating barges on the brine ponds of the Chaerhan Salt Lake in Golmud, China, an area rich in lithium and other minerals, seen in 2021.</media:description>
    </item>
    <item>
      <title>Rejecting Trump’s Call to Annex Their Nation, Canadians Rally Around the Flag</title>
      <link>https://www.nytimes.com/2025/02/26/world/canada/canadian-flag-trump.html</link>
      <guid isPermaLink="true">https://www.nytimes.com/2025/02/26/world/canada/canadian-flag-trump.html</guid>
      <atom:link href="https://www.nytimes.com/2025/02/26/world/canada/canadian-flag-trump.html" rel="standout"></atom:link>
      <description>While Canadians are not generally known for flag waving, President Trump’s threats have led to a surge in flag sales and buffed up the national symbol’s image.</description>
      <dc:creator>Ian Austen</dc:creator>
      <pubDate>Wed, 26 Feb 2025 16:41:00 +0000</pubDate>
      <category domain="http://www.nytimes.com/namespaces/keywords/des">Flags, Emblems and Insignia</category>
      <category domain="http://www.nytimes.com/namespaces/keywords/des">International Trade and World Market</category>
      <category domain="http://www.nytimes.com/namespaces/keywords/nyt_per">Pearson, Lester B</category>
      <category domain="http://www.nytimes.com/namespaces/keywords/nyt_per">Trudeau, Justin</category>
      <category domain="http://www.nytimes.com/namespaces/keywords/nyt_per">Trump, Donald J</category>
      <category domain="http://www.nytimes.com/namespaces/keywords/nyt_geo">Canada</category>
      <category domain="http://www.nytimes.com/namespaces/keywords/nyt_geo">United States</category>
      <media:content height="1801" medium="image" url="https://static01.nyt.com/images/2025/02/26/multimedia/26canada-flag-01-mjfw/26canada-flag-01-mjfw-mediumSquareAt3X.jpg" width="1800"></media:content>
      <media:credit>Patrick Doyle/Reuters</media:credit>
      <media:description>Skaters holding a large Canadian flag during a National Flag of Canada Day ceremony on the Rideau Canal Skateway this month in Ottawa, the capital.</media:description>
    </item>
    <item>
      <title>Bolivia’s Wine Country Is Tuscany With a Side of Magic</title>
      <link>https://www.nytimes.com/2025/02/26/travel/tarija-bolivia-wine-country.html</link>
      <guid isPermaLink="true">https://www.nytimes.com/2025/02/26/travel/tarija-bolivia-wine-country.html</guid>
      <atom:link href="https://www.nytimes.com/2025/02/26/travel/tarija-bolivia-wine-country.html" rel="standout"></atom:link>
      <description>In the South American country’s Tarija region, little-known vineyards produce top-notch wines and spirits amid untouched wilderness.</description>
      <dc:creator>Danielle Pergament and Nick Ballón</dc:creator>
      <pubDate>Wed, 26 Feb 2025 15:11:30 +0000</pubDate>
      <category domain="http://www.nytimes.com/namespaces/keywords/des">Wines</category>
      <category domain="http://www.nytimes.com/namespaces/keywords/des">Travel and Vacations</category>
      <category domain="http://www.nytimes.com/namespaces/keywords/des">Agriculture and Farming</category>
      <category domain="http://www.nytimes.com/namespaces/keywords/nyt_geo">Bolivia</category>
      <media:content height="1800" medium="image" url="https://static01.nyt.com/images/2025/03/03/multimedia/bolivia-tarija-real-01-zqvc/bolivia-tarija-real-01-zqvc-mediumSquareAt3X.jpg" width="1800"></media:content>
      <media:credit>Nick Ballón for The New York Times</media:credit>
      <media:description>The vineyards at Campos de Solana, in Bolivia’s Tarija region, which produces wine and a spirit called singani.</media:description>
    </item>
  </channel>
</rss>