<?xml version="1.0" encoding="UTF-8"?>
<rss xmlns:dc="http://purl.org/dc/elements/1.1/" xmlns:media="http://search.yahoo.com/mrss/" xmlns:atom="http://www.w3.org/2005/Atom" xmlns:nyt="http://www.nytimes.com/namespaces/rss/2.0" version="2.0">
  <channel>
    <title>NYT &gt; World &gt; Asia Pacific</title>
    <link>https://www.nytimes.com/section/world/asia</link>
    <atom:link href="https://rss.nytimes.com/services/xml/rss/nyt/AsiaPacific.xml" rel="self" type="application/rss+xml"></atom:link>
    <description></description>
    <language>en-us</language>
    <copyright>Copyright 2025 The New York Times Company</copyright>
    <lastBuildDate>Wed, 05 Mar 2025 08:26:41 +0000</lastBuildDate>
    <pubDate>Wed, 05 Mar 2025 08:20:23 +0000</pubDate>
    <image>
      <title>NYT &gt; World &gt; Asia Pacific</title>
      <url>https://static01.nyt.com/images/misc/NYT_logo_rss_250x40.png</url>
      <link>https://www.nytimes.com/section/world/asia</link>
    </image>
    <item>
      <title>Why the Philippines Is Confident of Defense Ties With Trump Administration</title>
      <link>https://www.nytimes.com/2025/03/05/world/asia/us-trump-philippines-china.html</link>
      <guid isPermaLink="true">https://www.nytimes.com/2025/03/05/world/asia/us-trump-philippines-china.html</guid>
      <atom:link href="https://www.nytimes.com/2025/03/05/world/asia/us-trump-philippines-china.html" rel="standout"></atom:link>
      <description>Officials in the Philippines say that President Trump will not pull back from defense commitments because Manila and Washington have a common adversary.</description>
      <dc:creator>Sui-Lee Wee</dc:creator>
      <pubDate>Wed, 05 Mar 2025 08:20:23 +0000</pubDate>
      <category domain="http://www.nytimes.com/namespaces/keywords/des">International Relations</category>
      <category domain="http://www.nytimes.com/namespaces/keywords/des">Foreign Aid</category>
      <category domain="http://www.nytimes.com/namespaces/keywords/des">Politics and Government</category>
      <category domain="http://www.nytimes.com/namespaces/keywords/nyt_geo">China</category>
      <category domain="http://www.nytimes.com/namespaces/keywords/nyt_geo">South China Sea</category>
      <category domain="http://www.nytimes.com/namespaces/keywords/nyt_geo">Philippines</category>
      <category domain="http://www.nytimes.com/namespaces/keywords/nyt_geo">Manila (Philippines)</category>
      <category domain="http://www.nytimes.com/namespaces/keywords/nyt_geo">United States</category>
      <media:content height="1800" medium="image" url="https://static01.nyt.com/images/2025/03/05/multimedia/05philippines-us-01-cjpw/05philippines-us-01-cjpw-mediumSquareAt3X.jpg" width="1800"></media:content>
      <media:credit>Lisa Marie David/Reuters</media:credit>
      <media:description>The restoration of about $400 million in U.S. military assistance to the Philippines last month was proof that bilateral ties were intact, according to Gilberto Teodoro Jr., the Philippine defense minister.</media:description>
    </item>
    <item>
      <title>China Signals Confidence in Economy Despite Sluggish Growth and U.S. Trade War</title>
      <link>https://www.nytimes.com/2025/03/04/world/asia/china-economy-congress.html</link>
      <guid isPermaLink="true">https://www.nytimes.com/2025/03/04/world/asia/china-economy-congress.html</guid>
      <atom:link href="https://www.nytimes.com/2025/03/04/world/asia/china-economy-congress.html" rel="standout"></atom:link>
      <description>As Chinese leaders meet in Beijing, they are striking a confident posture despite serious challenges to the economy and growing pressure from the United States.</description>
      <dc:creator>David Pierson, Alexandra Stevenson, Chris Buckley and Keith Bradsher</dc:creator>
      <pubDate>Wed, 05 Mar 2025 05:29:53 +0000</pubDate>
      <category domain="http://www.nytimes.com/namespaces/keywords/des">International Relations</category>
      <category domain="http://www.nytimes.com/namespaces/keywords/des">United States International Relations</category>
      <category domain="http://www.nytimes.com/namespaces/keywords/des">Economic Conditions and Trends</category>
      <category domain="http://www.nytimes.com/namespaces/keywords/nyt_org">National People&#39;s Congress (China)</category>
      <category domain="http://www.nytimes.com/namespaces/keywords/nyt_per">Li Qiang (1959- )</category>
      <category domain="http://www.nytimes.com/namespaces/keywords/nyt_per">Xi Jinping</category>
      <media:content height="1800" medium="image" url="https://static01.nyt.com/images/2025/03/05/multimedia/05china-congress-kcbm/05china-congress-kcbm-mediumSquareAt3X.jpg" width="1800"></media:content>
      <media:credit>Andy Wong/Associated Press</media:credit>
      <media:description>China’s leader, Xi Jinping, at the Great Hall of the People in Beijing, on Wednesday. His government announced a bold target for growth this year despite sluggish consumption and a trade war.</media:description>
    </item>
    <item>
      <title>Trump’s Latest Tariffs on Canada, Mexico and China Could Be His Biggest Gamble</title>
      <link>https://www.nytimes.com/2025/03/04/us/politics/trump-trade-war-economy.html</link>
      <guid isPermaLink="true">https://www.nytimes.com/2025/03/04/us/politics/trump-trade-war-economy.html</guid>
      <atom:link href="https://www.nytimes.com/2025/03/04/us/politics/trump-trade-war-economy.html" rel="standout"></atom:link>
      <description>President Trump has offered a mix of reasons for upending global trade relations, baffling and angering America’s biggest trading partners.</description>
      <dc:creator>Alan Rappeport and Ana Swanson</dc:creator>
      <pubDate>Wed, 05 Mar 2025 01:30:24 +0000</pubDate>
      <category domain="http://www.nytimes.com/namespaces/keywords/des">International Trade and World Market</category>
      <category domain="http://www.nytimes.com/namespaces/keywords/des">United States Politics and Government</category>
      <category domain="http://www.nytimes.com/namespaces/keywords/des">Protectionism (Trade)</category>
      <category domain="http://www.nytimes.com/namespaces/keywords/des">United States Economy</category>
      <category domain="http://www.nytimes.com/namespaces/keywords/des">Customs (Tariff)</category>
      <category domain="http://www.nytimes.com/namespaces/keywords/des">United States International Relations</category>
      <category domain="http://www.nytimes.com/namespaces/keywords/des">Drug Abuse and Traffic</category>
      <category domain="http://www.nytimes.com/namespaces/keywords/des">Prices (Fares, Fees and Rates)</category>
      <category domain="http://www.nytimes.com/namespaces/keywords/des">Economic Conditions and Trends</category>
      <category domain="http://www.nytimes.com/namespaces/keywords/nyt_per">Sheinbaum, Claudia</category>
      <category domain="http://www.nytimes.com/namespaces/keywords/nyt_per">Trudeau, Justin</category>
      <category domain="http://www.nytimes.com/namespaces/keywords/nyt_per">Trump, Donald J</category>
      <category domain="http://www.nytimes.com/namespaces/keywords/nyt_org">Commerce Department</category>
      <category domain="http://www.nytimes.com/namespaces/keywords/nyt_org">European Union</category>
      <category domain="http://www.nytimes.com/namespaces/keywords/nyt_org">Target Corporation</category>
      <category domain="http://www.nytimes.com/namespaces/keywords/nyt_org">Republican Party</category>
      <category domain="http://www.nytimes.com/namespaces/keywords/nyt_geo">Canada</category>
      <category domain="http://www.nytimes.com/namespaces/keywords/nyt_geo">China</category>
      <category domain="http://www.nytimes.com/namespaces/keywords/nyt_geo">Mexico</category>
      <category domain="http://www.nytimes.com/namespaces/keywords/nyt_geo">United States</category>
      <category domain="http://www.nytimes.com/namespaces/keywords/des">Shopping and Retail</category>
      <category domain="http://www.nytimes.com/namespaces/keywords/des">Factories and Manufacturing</category>
      <media:content height="1799" medium="image" url="https://static01.nyt.com/images/2025/03/04/multimedia/04dc-trump-trade-topart-ztmc/04dc-trump-trade-topart-ztmc-mediumSquareAt3X.jpg" width="1800"></media:content>
      <media:credit>Mark Abramson for The New York Times</media:credit>
      <media:description>The Port of Los Angeles. President Trump imposed a 25 percent tariff on products from Canada and Mexico and another 10 percent on China.</media:description>
    </item>
    <item>
      <title>Wednesday Briefing: Canada and China Strike Back at Tariffs</title>
      <link>https://www.nytimes.com/2025/03/04/briefing/canada-china-mexico-tariffs-ukraine-war-gaza-summit.html</link>
      <guid isPermaLink="true">https://www.nytimes.com/2025/03/04/briefing/canada-china-mexico-tariffs-ukraine-war-gaza-summit.html</guid>
      <atom:link href="https://www.nytimes.com/2025/03/04/briefing/canada-china-mexico-tariffs-ukraine-war-gaza-summit.html" rel="standout"></atom:link>
      <description>Plus, a top architecture award for Liu Jiakun.</description>
      <dc:creator>Emmett Lindner</dc:creator>
      <pubDate>Wed, 05 Mar 2025 02:21:37 +0000</pubDate>
      <media:content height="1800" medium="image" url="https://static01.nyt.com/images/2025/03/04/multimedia/05ambriefing-asia-tariffs/05ambriefing-asia-tariffs-mediumSquareAt3X-v3.jpg" width="1800"></media:content>
      <media:credit>Adrian Wyld/The Canadian Press, via Associated Press</media:credit>
      <media:description>Prime Minister Justin Trudeau, yesterday.</media:description>
    </item>
    <item>
      <title>Canada and China Retaliate Against Trump’s Tariffs, Amid Fears of Trade War</title>
      <link>https://www.nytimes.com/2025/03/04/world/americas/tariffs-mexico-canada-china-trump.html</link>
      <guid isPermaLink="true">https://www.nytimes.com/2025/03/04/world/americas/tariffs-mexico-canada-china-trump.html</guid>
      <atom:link href="https://www.nytimes.com/2025/03/04/world/americas/tariffs-mexico-canada-china-trump.html" rel="standout"></atom:link>
      <description>Prime Minister Justin Trudeau of Canada warned that the Trump administration’s tariffs were leading to a trade war. Mexico’s leader vowed to impose countermeasures on Sunday.</description>
      <dc:creator>Ana Swanson, Matthew Mpoke Bigg, Keith Bradsher and Thomas Fuller</dc:creator>
      <pubDate>Tue, 04 Mar 2025 23:23:21 +0000</pubDate>
      <category domain="http://www.nytimes.com/namespaces/keywords/des">Customs (Tariff)</category>
      <category domain="http://www.nytimes.com/namespaces/keywords/nyt_geo">Canada</category>
      <category domain="http://www.nytimes.com/namespaces/keywords/nyt_per">Sheinbaum, Claudia</category>
      <category domain="http://www.nytimes.com/namespaces/keywords/nyt_per">Trudeau, Justin</category>
      <category domain="http://www.nytimes.com/namespaces/keywords/nyt_per">Trump, Donald J</category>
      <category domain="http://www.nytimes.com/namespaces/keywords/nyt_per">Vance, J D</category>
      <category domain="http://www.nytimes.com/namespaces/keywords/nyt_per">Putin, Vladimir V</category>
      <category domain="http://www.nytimes.com/namespaces/keywords/nyt_org">Commerce Department</category>
      <category domain="http://www.nytimes.com/namespaces/keywords/des">United States Politics and Government</category>
      <category domain="http://www.nytimes.com/namespaces/keywords/des">International Trade and World Market</category>
      <category domain="http://www.nytimes.com/namespaces/keywords/des">United States International Relations</category>
      <category domain="http://www.nytimes.com/namespaces/keywords/des">Protectionism (Trade)</category>
      <category domain="http://www.nytimes.com/namespaces/keywords/des">International Relations</category>
      <category domain="http://www.nytimes.com/namespaces/keywords/des">Relocation of Business</category>
      <category domain="http://www.nytimes.com/namespaces/keywords/nyt_geo">Mexico</category>
      <category domain="http://www.nytimes.com/namespaces/keywords/nyt_geo">United States</category>
      <category domain="http://www.nytimes.com/namespaces/keywords/nyt_geo">Russia</category>
      <category domain="http://www.nytimes.com/namespaces/keywords/nyt_geo">China</category>
      <media:content height="1801" medium="image" url="https://static01.nyt.com/images/2025/03/04/multimedia/04tariffs-ledeall-wvgh/04tariffs-ledeall-wvgh-mediumSquareAt3X.jpg" width="1800"></media:content>
      <media:credit>Dave Chan/Agence France-Presse — Getty Images</media:credit>
      <media:description>“This is a time to hit back hard and to demonstrate that a fight with Canada will have no winners,” Prime Minister Justin Trudeau of Canada said on Tuesday.</media:description>
    </item>
    <item>
      <title>Peter Sichel, Wine Merchant With a Cloak-and-Dagger Past, Dies at 102</title>
      <link>https://www.nytimes.com/2025/03/04/dining/drinks/peter-sichel-dead.html</link>
      <guid isPermaLink="true">https://www.nytimes.com/2025/03/04/dining/drinks/peter-sichel-dead.html</guid>
      <atom:link href="https://www.nytimes.com/2025/03/04/dining/drinks/peter-sichel-dead.html" rel="standout"></atom:link>
      <description>He played a crucial role in the early days of the C.I.A., as a station chief in Cold War Berlin and Hong Kong, before shifting gears to popularize Blue Nun wine.</description>
      <dc:creator>Eric Asimov</dc:creator>
      <pubDate>Tue, 04 Mar 2025 22:56:40 +0000</pubDate>
      <category domain="http://www.nytimes.com/namespaces/keywords/des">Wines</category>
      <category domain="http://www.nytimes.com/namespaces/keywords/des">Espionage and Intelligence Services</category>
      <category domain="http://www.nytimes.com/namespaces/keywords/des">World War II (1939-45)</category>
      <category domain="http://www.nytimes.com/namespaces/keywords/des">Cold War Era</category>
      <category domain="http://www.nytimes.com/namespaces/keywords/des">Deaths (Obituaries)</category>
      <category domain="http://www.nytimes.com/namespaces/keywords/des">Jews and Judaism</category>
      <category domain="http://www.nytimes.com/namespaces/keywords/des">Holocaust and the Nazi Era</category>
      <category domain="http://www.nytimes.com/namespaces/keywords/nyt_org">Central Intelligence Agency</category>
      <category domain="http://www.nytimes.com/namespaces/keywords/nyt_per">Sichel, Peter</category>
      <category domain="http://www.nytimes.com/namespaces/keywords/nyt_geo">Bordeaux (France)</category>
    </item>
    <item>
      <title>Trump’s New Tariffs Could Strain Collection of Customs Fees</title>
      <link>https://www.nytimes.com/2025/03/04/business/trump-tariffs-customs-enforcement.html</link>
      <guid isPermaLink="true">https://www.nytimes.com/2025/03/04/business/trump-tariffs-customs-enforcement.html</guid>
      <atom:link href="https://www.nytimes.com/2025/03/04/business/trump-tariffs-customs-enforcement.html" rel="standout"></atom:link>
      <description>Importers will have to make changes to pay new tariffs on goods from Canada, Mexico and China, and government agencies will need more resources to enforce the fees.</description>
      <dc:creator>Peter Eavis</dc:creator>
      <pubDate>Tue, 04 Mar 2025 19:55:56 +0000</pubDate>
      <category domain="http://www.nytimes.com/namespaces/keywords/des">Protectionism (Trade)</category>
      <category domain="http://www.nytimes.com/namespaces/keywords/des">International Trade and World Market</category>
      <category domain="http://www.nytimes.com/namespaces/keywords/des">Customs (Tariff)</category>
      <category domain="http://www.nytimes.com/namespaces/keywords/des">United States Politics and Government</category>
      <category domain="http://www.nytimes.com/namespaces/keywords/des">Prices (Fares, Fees and Rates)</category>
      <category domain="http://www.nytimes.com/namespaces/keywords/des">United States International Relations</category>
      <category domain="http://www.nytimes.com/namespaces/keywords/des">Collectors and Collections</category>
      <category domain="http://www.nytimes.com/namespaces/keywords/nyt_org">Customs and Border Protection (US)</category>
      <category domain="http://www.nytimes.com/namespaces/keywords/nyt_org">Justice Department</category>
      <category domain="http://www.nytimes.com/namespaces/keywords/nyt_per">Trump, Donald J</category>
      <category domain="http://www.nytimes.com/namespaces/keywords/nyt_geo">Canada</category>
      <category domain="http://www.nytimes.com/namespaces/keywords/nyt_geo">China</category>
      <category domain="http://www.nytimes.com/namespaces/keywords/nyt_geo">Mexico</category>
      <category domain="http://www.nytimes.com/namespaces/keywords/nyt_geo">United States</category>
      <media:content height="1801" medium="image" url="https://static01.nyt.com/images/2025/03/03/multimedia/03biz-tariffs-paperwork-vhbk/03biz-tariffs-paperwork-vhbk-mediumSquareAt3X.jpg" width="1800"></media:content>
      <media:credit>Ariana Drehsler for The New York Times</media:credit>
      <media:description>Stepping up enforcement efforts is likely to require that the Justice Department devote significantly more staff to pursuing tariff evasion cases.</media:description>
    </item>
    <item>
      <title>BlackRock Will Buy Panama Canal Ports from CK Hutchison</title>
      <link>https://www.nytimes.com/2025/03/04/business/blackrock-panama-canal-ports-hutchison.html</link>
      <guid isPermaLink="true">https://www.nytimes.com/2025/03/04/business/blackrock-panama-canal-ports-hutchison.html</guid>
      <atom:link href="https://www.nytimes.com/2025/03/04/business/blackrock-panama-canal-ports-hutchison.html" rel="standout"></atom:link>
      <description>An investor group led by BlackRock will acquire two ports near the Panama Canal that are owned by CK Hutchison and have been the subject of a dispute between President Trump and Panama.</description>
      <dc:creator>Peter Eavis and Maureen Farrell</dc:creator>
      <pubDate>Wed, 05 Mar 2025 00:13:47 +0000</pubDate>
      <category domain="http://www.nytimes.com/namespaces/keywords/nyt_geo">Panama</category>
      <category domain="http://www.nytimes.com/namespaces/keywords/nyt_geo">Panama Canal and Canal Zone</category>
      <category domain="http://www.nytimes.com/namespaces/keywords/nyt_org">CK Hutchison Holdings Ltd</category>
      <category domain="http://www.nytimes.com/namespaces/keywords/des">Ports</category>
      <category domain="http://www.nytimes.com/namespaces/keywords/nyt_geo">Hong Kong</category>
      <category domain="http://www.nytimes.com/namespaces/keywords/nyt_org">BlackRock Inc</category>
      <category domain="http://www.nytimes.com/namespaces/keywords/nyt_per">Trump, Donald J</category>
      <category domain="http://www.nytimes.com/namespaces/keywords/nyt_geo">China</category>
      <category domain="http://www.nytimes.com/namespaces/keywords/des">Mergers, Acquisitions and Divestitures</category>
      <category domain="http://www.nytimes.com/namespaces/keywords/des">United States International Relations</category>
      <media:content height="1801" medium="image" url="https://static01.nyt.com/images/2025/03/04/multimedia/04biz-panama-ports-zcvk/04biz-panama-ports-zcvk-mediumSquareAt3X.jpg" width="1800"></media:content>
      <media:credit>Federico Rios for The New York Times</media:credit>
      <media:description>A ship crossing the Panama Canal.</media:description>
    </item>
    <item>
      <title>Chinese Architect Liu Jiakun Wins Pritzker Prize</title>
      <link>https://www.nytimes.com/2025/03/04/arts/design/chinese-architect-liu-jiakun-pritzker-prize.html</link>
      <guid isPermaLink="true">https://www.nytimes.com/2025/03/04/arts/design/chinese-architect-liu-jiakun-pritzker-prize.html</guid>
      <atom:link href="https://www.nytimes.com/2025/03/04/arts/design/chinese-architect-liu-jiakun-pritzker-prize.html" rel="standout"></atom:link>
      <description>Liu, known for understated structures that respond to their surroundings, has been awarded the profession’s highest honor.</description>
      <dc:creator>Robin Pogrebin</dc:creator>
      <pubDate>Tue, 04 Mar 2025 14:21:28 +0000</pubDate>
      <category domain="http://www.nytimes.com/namespaces/keywords/nyt_per">Liu Jiakun (1956- )</category>
      <category domain="http://www.nytimes.com/namespaces/keywords/des">Architecture</category>
      <category domain="http://www.nytimes.com/namespaces/keywords/des">Pritzker Prize</category>
      <category domain="http://www.nytimes.com/namespaces/keywords/nyt_geo">Chengdu (China)</category>
      <category domain="http://www.nytimes.com/namespaces/keywords/des">Content Type: Personal Profile</category>
    </item>
    <item>
      <title>China Targets U.S. Biotech Firm in Broadening Blacklist</title>
      <link>https://www.nytimes.com/2025/03/04/us/illumina-china-unreliable-entities-list.html</link>
      <guid isPermaLink="true">https://www.nytimes.com/2025/03/04/us/illumina-china-unreliable-entities-list.html</guid>
      <atom:link href="https://www.nytimes.com/2025/03/04/us/illumina-china-unreliable-entities-list.html" rel="standout"></atom:link>
      <description>In a sign it is willing to go further in responding to President Trump’s tariffs, Beijing blocked more American companies from importing goods into China.</description>
      <dc:creator>Alexandra Stevenson</dc:creator>
      <pubDate>Tue, 04 Mar 2025 08:51:06 +0000</pubDate>
      <category domain="http://www.nytimes.com/namespaces/keywords/nyt_org">Illumina Inc</category>
      <category domain="http://www.nytimes.com/namespaces/keywords/nyt_org">Ministry of Commerce (China)</category>
      <category domain="http://www.nytimes.com/namespaces/keywords/nyt_org">Skydio Inc</category>
      <category domain="http://www.nytimes.com/namespaces/keywords/nyt_org">PVH Corp</category>
      <category domain="http://www.nytimes.com/namespaces/keywords/des">United States International Relations</category>
      <category domain="http://www.nytimes.com/namespaces/keywords/nyt_geo">China</category>
      <category domain="http://www.nytimes.com/namespaces/keywords/nyt_geo">United States</category>
      <media:content height="1800" medium="image" url="https://static01.nyt.com/images/2025/03/04/multimedia/04tariffs-news-china-entity-list-lqtz/04tariffs-news-china-entity-list-lqtz-mediumSquareAt3X.jpg" width="1800"></media:content>
      <media:credit>Illumina Inc, via Reuters</media:credit>
      <media:description>Illumina’s gene-sequencing system. On Tuesday, China blocked imports of the biotechnology company’s gene-mapping products.</media:description>
    </item>
    <item>
      <title>China Retaliates Against Trump, Imposing Tariffs and Blacklisting U.S. Companies</title>
      <link>https://www.nytimes.com/2025/03/04/business/trump-tariffs-china-reacts.html</link>
      <guid isPermaLink="true">https://www.nytimes.com/2025/03/04/business/trump-tariffs-china-reacts.html</guid>
      <atom:link href="https://www.nytimes.com/2025/03/04/business/trump-tariffs-china-reacts.html" rel="standout"></atom:link>
      <description>Beijing imposed broad tariffs on imports of American food and said 15 U.S. companies could no longer buy from China without special permission.</description>
      <dc:creator>Keith Bradsher</dc:creator>
      <pubDate>Tue, 04 Mar 2025 19:19:05 +0000</pubDate>
      <category domain="http://www.nytimes.com/namespaces/keywords/nyt_geo">China</category>
      <category domain="http://www.nytimes.com/namespaces/keywords/des">Customs (Tariff)</category>
      <category domain="http://www.nytimes.com/namespaces/keywords/nyt_per">Trump, Donald J</category>
      <category domain="http://www.nytimes.com/namespaces/keywords/des">Protectionism (Trade)</category>
      <category domain="http://www.nytimes.com/namespaces/keywords/des">International Trade and World Market</category>
      <category domain="http://www.nytimes.com/namespaces/keywords/nyt_org">Ministry of Commerce (China)</category>
      <category domain="http://www.nytimes.com/namespaces/keywords/nyt_geo">United States</category>
      <media:content height="1799" medium="image" url="https://static01.nyt.com/images/2025/03/04/multimedia/04Biz-China-Tariffs-tzlv/04Biz-China-Tariffs-tzlv-mediumSquareAt3X-v2.jpg" width="1800"></media:content>
      <media:credit>Gilles Sabrié for The New York Times</media:credit>
      <media:description>A garment workshop in Guangzhou, China. President Trump has tagged almost all goods from China with an extra 20 percent in tariffs since taking office in January.</media:description>
    </item>
    <item>
      <title>Chinese Company to Single Workers: Get Married or Get Out</title>
      <link>https://www.nytimes.com/2025/03/04/world/asia/china-marriage-companies-childbirth.html</link>
      <guid isPermaLink="true">https://www.nytimes.com/2025/03/04/world/asia/china-marriage-companies-childbirth.html</guid>
      <atom:link href="https://www.nytimes.com/2025/03/04/world/asia/china-marriage-companies-childbirth.html" rel="standout"></atom:link>
      <description>As China’s government worries about the falling birthrate, some private employers have ordered workers to do their part, or else.</description>
      <dc:creator>Vivian Wang</dc:creator>
      <pubDate>Wed, 05 Mar 2025 04:33:45 +0000</pubDate>
      <category domain="http://www.nytimes.com/namespaces/keywords/des">Weddings and Engagements</category>
      <category domain="http://www.nytimes.com/namespaces/keywords/des">Labor and Jobs</category>
      <category domain="http://www.nytimes.com/namespaces/keywords/des">Birth Rates</category>
      <category domain="http://www.nytimes.com/namespaces/keywords/des">Birth Control and Family Planning</category>
      <category domain="http://www.nytimes.com/namespaces/keywords/des">Population</category>
      <category domain="http://www.nytimes.com/namespaces/keywords/des">Pregnancy and Childbirth</category>
      <category domain="http://www.nytimes.com/namespaces/keywords/des">Propaganda</category>
      <category domain="http://www.nytimes.com/namespaces/keywords/des">Marriages</category>
      <category domain="http://www.nytimes.com/namespaces/keywords/nyt_org">Communist Party of China</category>
      <category domain="http://www.nytimes.com/namespaces/keywords/nyt_org">People&#39;s Daily</category>
      <category domain="http://www.nytimes.com/namespaces/keywords/nyt_per">Lu Pin</category>
      <category domain="http://www.nytimes.com/namespaces/keywords/nyt_geo">China</category>
      <category domain="http://www.nytimes.com/namespaces/keywords/nyt_geo">Shandong Province (China)</category>
      <category domain="http://www.nytimes.com/namespaces/keywords/nyt_geo">Beijing (China)</category>
      <media:content height="1802" medium="image" url="https://static01.nyt.com/images/2025/03/03/multimedia/00china-marriage-01-lhft/00china-marriage-01-lhft-mediumSquareAt3X-v4.jpg" width="1800"></media:content>
      <media:credit>Qilai Shen for The New York Times</media:credit>
      <media:description>Taking wedding photos in Shanghai in 2023. Last year, only 6.1 million Chinese couples got married — a 20 percent decline from a year earlier.</media:description>
    </item>
    <item>
      <title>Tuesday Briefing: Trump’s Tariffs Set to Take Effect</title>
      <link>https://www.nytimes.com/2025/03/03/briefing/trump-tariffs-ukraine-war-israel-hamas.html</link>
      <guid isPermaLink="true">https://www.nytimes.com/2025/03/03/briefing/trump-tariffs-ukraine-war-israel-hamas.html</guid>
      <atom:link href="https://www.nytimes.com/2025/03/03/briefing/trump-tariffs-ukraine-war-israel-hamas.html" rel="standout"></atom:link>
      <description>Plus, Sean Baker’s big Oscar wins.</description>
      <dc:creator>Emmett Lindner</dc:creator>
      <pubDate>Mon, 03 Mar 2025 23:28:03 +0000</pubDate>
      <media:content height="1800" medium="image" url="https://static01.nyt.com/images/2025/03/03/multimedia/04ambriefing-asia-trade/04ambriefing-asia-trade-mediumSquareAt3X.jpg" width="1800"></media:content>
      <media:credit>Mark Abramson for The New York Times</media:credit>
    </item>
    <item>
      <title>TSMC, the Chip Giant, Is to Spend $100 Billion in U.S. Over the Next 4 Years</title>
      <link>https://www.nytimes.com/2025/03/03/technology/tsmc-investment-trump.html</link>
      <guid isPermaLink="true">https://www.nytimes.com/2025/03/03/technology/tsmc-investment-trump.html</guid>
      <atom:link href="https://www.nytimes.com/2025/03/03/technology/tsmc-investment-trump.html" rel="standout"></atom:link>
      <description>The investment plan, announced at the White House, was made as the Trump administration pushes to bring chip making back to the United States.</description>
      <dc:creator>Tripp Mickle</dc:creator>
      <pubDate>Tue, 04 Mar 2025 01:30:29 +0000</pubDate>
      <category domain="http://www.nytimes.com/namespaces/keywords/des">Computer Chips</category>
      <category domain="http://www.nytimes.com/namespaces/keywords/des">Factories and Manufacturing</category>
      <category domain="http://www.nytimes.com/namespaces/keywords/des">Computers and the Internet</category>
      <category domain="http://www.nytimes.com/namespaces/keywords/des">Customs (Tariff)</category>
      <category domain="http://www.nytimes.com/namespaces/keywords/des">Foreign Investments</category>
      <category domain="http://www.nytimes.com/namespaces/keywords/nyt_org">Taiwan Semiconductor Manufacturing Company Ltd</category>
      <category domain="http://www.nytimes.com/namespaces/keywords/nyt_org">Commerce Department</category>
      <category domain="http://www.nytimes.com/namespaces/keywords/nyt_per">Trump, Donald J</category>
      <category domain="http://www.nytimes.com/namespaces/keywords/nyt_per">Biden, Joseph R Jr</category>
      <category domain="http://www.nytimes.com/namespaces/keywords/nyt_geo">Taiwan</category>
      <category domain="http://www.nytimes.com/namespaces/keywords/nyt_geo">Arizona</category>
      <media:content height="1800" medium="image" url="https://static01.nyt.com/images/2025/03/03/multimedia/03biz-tsmc-sub-vzgl-wpzq/03biz-tsmc-sub-vzgl-wpzq-mediumSquareAt3X.jpg" width="1800"></media:content>
      <media:credit>Adriana Zehbrauskas for The New York Times</media:credit>
      <media:description>Under the CHIPS Act, TSMC committed to invest $65 billion to build three factories in Arizona.</media:description>
    </item>
    <item>
      <title>What a Crab Sees Before It Gets Eaten by a Cuttlefish</title>
      <link>https://www.nytimes.com/2025/03/03/science/cuttlefish-camouflage-huting-crabs.html</link>
      <guid isPermaLink="true">https://www.nytimes.com/2025/03/03/science/cuttlefish-camouflage-huting-crabs.html</guid>
      <atom:link href="https://www.nytimes.com/2025/03/03/science/cuttlefish-camouflage-huting-crabs.html" rel="standout"></atom:link>
      <description>Cuttlefish use visual tricks to avoid being eaten. New research shows how they deploy similar camouflage to bamboozle their prey.</description>
      <dc:creator>Richard Kemeny</dc:creator>
      <pubDate>Mon, 03 Mar 2025 16:35:26 +0000</pubDate>
      <category domain="">Cuttlefish</category>
      <category domain="http://www.nytimes.com/namespaces/keywords/des">Camouflage</category>
      <category domain="http://www.nytimes.com/namespaces/keywords/des">Animal Behavior</category>
      <category domain="http://www.nytimes.com/namespaces/keywords/des">Crabs</category>
      <category domain="http://www.nytimes.com/namespaces/keywords/des">Research</category>
      <category domain="http://www.nytimes.com/namespaces/keywords/des">Fish and Other Marine Life</category>
      <category domain="http://www.nytimes.com/namespaces/keywords/nyt_org">Ecology (Journal)</category>
      <category domain="http://www.nytimes.com/namespaces/keywords/nyt_geo">Indonesia</category>
      <category domain="http://www.nytimes.com/namespaces/keywords/des">your-feed-science</category>
    </item>
    <item>
      <title>Trump Turns Up Trade Pressure on China After Beijing Fails to Come Running</title>
      <link>https://www.nytimes.com/2025/03/03/us/politics/trump-tariffs-china.html</link>
      <guid isPermaLink="true">https://www.nytimes.com/2025/03/03/us/politics/trump-tariffs-china.html</guid>
      <atom:link href="https://www.nytimes.com/2025/03/03/us/politics/trump-tariffs-china.html" rel="standout"></atom:link>
      <description>China is still cautiously trying to figure out what Trump wants. The president has threatened big tariffs in response to the inaction.</description>
      <dc:creator>Ana Swanson and Alexandra Stevenson</dc:creator>
      <pubDate>Mon, 03 Mar 2025 17:34:03 +0000</pubDate>
      <category domain="http://www.nytimes.com/namespaces/keywords/des">Protectionism (Trade)</category>
      <category domain="http://www.nytimes.com/namespaces/keywords/des">United States International Relations</category>
      <category domain="http://www.nytimes.com/namespaces/keywords/des">International Trade and World Market</category>
      <category domain="http://www.nytimes.com/namespaces/keywords/des">Customs (Tariff)</category>
      <category domain="http://www.nytimes.com/namespaces/keywords/des">Fentanyl</category>
      <category domain="http://www.nytimes.com/namespaces/keywords/des">Foreign Investments</category>
      <category domain="http://www.nytimes.com/namespaces/keywords/nyt_org">Commerce Department</category>
      <category domain="http://www.nytimes.com/namespaces/keywords/nyt_per">Trump, Donald J</category>
      <category domain="http://www.nytimes.com/namespaces/keywords/nyt_per">Xi Jinping</category>
      <category domain="http://www.nytimes.com/namespaces/keywords/nyt_geo">China</category>
      <category domain="http://www.nytimes.com/namespaces/keywords/nyt_geo">United States</category>
      <media:content height="1800" medium="image" url="https://static01.nyt.com/images/2025/03/02/multimedia/02dc-china-trade1-wjkl/02dc-china-trade1-wjkl-mediumSquareAt3X.jpg" width="1800"></media:content>
      <media:credit>Haiyun Jiang for The New York Times</media:credit>
      <media:description>President Trump arriving in West Palm Beach, Fla., on Friday. He has said he would add another 10 percent on top of all existing Chinese tariffs on Tuesday.</media:description>
    </item>
    <item>
      <title>China’s Vow of ‘Leniency’ in Plea Deals Erodes Rights to Fair Trial</title>
      <link>https://www.nytimes.com/2025/03/03/world/asia/china-leniency-justice.html</link>
      <guid isPermaLink="true">https://www.nytimes.com/2025/03/03/world/asia/china-leniency-justice.html</guid>
      <atom:link href="https://www.nytimes.com/2025/03/03/world/asia/china-leniency-justice.html" rel="standout"></atom:link>
      <description>China has embraced a plea deal system, but lawyers and scholars fear that it is being abused to further erode individual rights — and for shakedowns.</description>
      <dc:creator>Joy Dong and Daisuke Wakabayashi</dc:creator>
      <pubDate>Mon, 03 Mar 2025 07:12:09 +0000</pubDate>
      <category domain="http://www.nytimes.com/namespaces/keywords/des">False Arrests, Convictions and Imprisonments</category>
      <category domain="http://www.nytimes.com/namespaces/keywords/des">Decisions and Verdicts</category>
      <category domain="http://www.nytimes.com/namespaces/keywords/des">Confessions</category>
      <category domain="http://www.nytimes.com/namespaces/keywords/des">Courts and the Judiciary</category>
      <category domain="http://www.nytimes.com/namespaces/keywords/des">Police</category>
      <category domain="http://www.nytimes.com/namespaces/keywords/nyt_org">International Federation of Association Football (FIFA)</category>
      <category domain="http://www.nytimes.com/namespaces/keywords/nyt_per">Pu Zhiqiang</category>
      <category domain="http://www.nytimes.com/namespaces/keywords/nyt_per">Xi Jinping</category>
      <category domain="http://www.nytimes.com/namespaces/keywords/nyt_geo">China</category>
      <category domain="http://www.nytimes.com/namespaces/keywords/nyt_geo">Shenyang (China)</category>
      <category domain="http://www.nytimes.com/namespaces/keywords/nyt_geo">South Korea</category>
      <category domain="http://www.nytimes.com/namespaces/keywords/nyt_geo">Anhui (China)</category>
      <media:content height="1800" medium="image" url="https://static01.nyt.com/images/2025/01/06/multimedia/00china-leniency-cwmq/00china-leniency-cwmq-mediumSquareAt3X-v2.jpg" width="1800"></media:content>
      <media:credit>Anthony Wallace/Agence France-Presse — Getty Images</media:credit>
      <media:description>The South Korean professional soccer player Son Jun-ho’s legal fight against match fixing and bribery charges in China has brought to light problems with that country’s plea agreement system.</media:description>
    </item>
    <item>
      <title>Khalil Fong, Hong Kong Singer-Songwriter, Dies at 41</title>
      <link>https://www.nytimes.com/2025/03/02/world/asia/khalil-fong-dead.html</link>
      <guid isPermaLink="true">https://www.nytimes.com/2025/03/02/world/asia/khalil-fong-dead.html</guid>
      <atom:link href="https://www.nytimes.com/2025/03/02/world/asia/khalil-fong-dead.html" rel="standout"></atom:link>
      <description>Singing in both Mandarin and English, he brought a soul and R&amp;B sensibility to Chinese pop.</description>
      <dc:creator>Tiffany May</dc:creator>
      <pubDate>Mon, 03 Mar 2025 22:04:03 +0000</pubDate>
      <category domain="http://www.nytimes.com/namespaces/keywords/nyt_per">Fong, Khalil (1983-2025)</category>
      <category domain="http://www.nytimes.com/namespaces/keywords/des">Pop and Rock Music</category>
      <category domain="http://www.nytimes.com/namespaces/keywords/des">Rhythm and Blues (Music)</category>
      <category domain="http://www.nytimes.com/namespaces/keywords/nyt_geo">Hong Kong</category>
      <category domain="http://www.nytimes.com/namespaces/keywords/des">Deaths (Obituaries)</category>
      <media:content height="1800" medium="image" url="https://static01.nyt.com/images/2025/03/05/multimedia/00fong-obit-gpbj-print1/00fong-obit-gpbj-mediumSquareAt3X.jpg" width="1800"></media:content>
      <media:credit>Billy Dai/Associated Press</media:credit>
      <media:description>Khalil Fong in 2018. His music found an audience in Hong Kong, mainland China and much of the wider Chinese-speaking world.</media:description>
    </item>
    <item>
      <title>Monday Briefing: Europe Pledges to Support Ukraine</title>
      <link>https://www.nytimes.com/2025/03/02/briefing/europe-ukraine-israel-gaza-aid-congo-military.html</link>
      <guid isPermaLink="true">https://www.nytimes.com/2025/03/02/briefing/europe-ukraine-israel-gaza-aid-congo-military.html</guid>
      <atom:link href="https://www.nytimes.com/2025/03/02/briefing/europe-ukraine-israel-gaza-aid-congo-military.html" rel="standout"></atom:link>
      <description>Plus, remote taste testing.</description>
      <dc:creator>Emmett Lindner</dc:creator>
      <pubDate>Sun, 02 Mar 2025 20:52:14 +0000</pubDate>
      <media:content height="1800" medium="image" url="https://static01.nyt.com/images/2025/03/03/multimedia/03ambriefing-asia-Keir-Starmer-zbvc/03ambriefing-asia-Keir-Starmer-zbvc-mediumSquareAt3X.jpg" width="1800"></media:content>
      <media:credit>Pool photo by Chris J Ratcliffe</media:credit>
      <media:description>Prime Minister Keir Starmer of Britain, yesterday.</media:description>
    </item>
    <item>
      <title>Avalanche Buries Road Workers’ Camp in India, Killing 8</title>
      <link>https://www.nytimes.com/2025/03/02/world/asia/india-avalanche.html</link>
      <guid isPermaLink="true">https://www.nytimes.com/2025/03/02/world/asia/india-avalanche.html</guid>
      <atom:link href="https://www.nytimes.com/2025/03/02/world/asia/india-avalanche.html" rel="standout"></atom:link>
      <description>Rescuers working in extreme conditions evacuated 46 other construction workers trapped beneath feet of snow.</description>
      <dc:creator>Pragati K.B.</dc:creator>
      <pubDate>Sun, 02 Mar 2025 14:28:11 +0000</pubDate>
      <category domain="http://www.nytimes.com/namespaces/keywords/des">Accidents and Safety</category>
      <category domain="http://www.nytimes.com/namespaces/keywords/des">Rescues</category>
      <category domain="http://www.nytimes.com/namespaces/keywords/des">Snow and Snowstorms</category>
      <category domain="http://www.nytimes.com/namespaces/keywords/des">Deaths (Fatalities)</category>
      <category domain="http://www.nytimes.com/namespaces/keywords/des">Avalanches</category>
      <category domain="http://www.nytimes.com/namespaces/keywords/des">Disasters and Emergencies</category>
      <category domain="http://www.nytimes.com/namespaces/keywords/nyt_geo">Uttarakhand (India)</category>
      <media:content height="705" medium="image" url="https://static01.nyt.com/images/2025/03/02/multimedia/02india-avalanche-hmfp/02india-avalanche-hmfp-mediumSquareAt3X.jpg" width="705"></media:content>
      <media:credit>Indian Army, via Associated Press</media:credit>
      <media:description>A handout photo by the Indian Army showing a rescue operation for trapped construction workers who were buried under an avalanche in the state of Uttarakhand.</media:description>
    </item>
  </channel>
</rss>