<?xml version="1.0" encoding="UTF-8"?>
<rss xmlns:dc="http://purl.org/dc/elements/1.1/" xmlns:media="http://search.yahoo.com/mrss/" xmlns:atom="http://www.w3.org/2005/Atom" xmlns:nyt="http://www.nytimes.com/namespaces/rss/2.0" version="2.0">
  <channel>
    <title>NYT &gt; World &gt; Europe</title>
    <link>https://www.nytimes.com/section/world/europe</link>
    <atom:link href="https://rss.nytimes.com/services/xml/rss/nyt/Europe.xml" rel="self" type="application/rss+xml"></atom:link>
    <description></description>
    <language>en-us</language>
    <copyright>Copyright 2025 The New York Times Company</copyright>
    <lastBuildDate>Wed, 05 Mar 2025 08:26:42 +0000</lastBuildDate>
    <pubDate>Wed, 05 Mar 2025 08:04:08 +0000</pubDate>
    <image>
      <title>NYT &gt; World &gt; Europe</title>
      <url>https://static01.nyt.com/images/misc/NYT_logo_rss_250x40.png</url>
      <link>https://www.nytimes.com/section/world/europe</link>
    </image>
    <item>
      <title>Trump Celebrates Disruption in Speech to Congress, and Avoids the Costs</title>
      <link>https://www.nytimes.com/2025/03/05/us/politics/trump-speech-ukraine-tariffs.html</link>
      <guid isPermaLink="true">https://www.nytimes.com/2025/03/05/us/politics/trump-speech-ukraine-tariffs.html</guid>
      <atom:link href="https://www.nytimes.com/2025/03/05/us/politics/trump-speech-ukraine-tariffs.html" rel="standout"></atom:link>
      <description>The president’s speech to Congress covered tariffs, Ukraine and cuts to the federal work force but did little to address the perils that accompany the abrupt shifts he has engineered.</description>
      <dc:creator>David E. Sanger</dc:creator>
      <pubDate>Wed, 05 Mar 2025 07:43:20 +0000</pubDate>
      <category domain="http://www.nytimes.com/namespaces/keywords/des">United States Politics and Government</category>
      <category domain="http://www.nytimes.com/namespaces/keywords/nyt_per">Trump, Donald J</category>
      <category domain="http://www.nytimes.com/namespaces/keywords/des">Foreign Aid</category>
      <category domain="http://www.nytimes.com/namespaces/keywords/des">United States International Relations</category>
      <category domain="http://www.nytimes.com/namespaces/keywords/des">Russian Invasion of Ukraine (2022)</category>
      <category domain="http://www.nytimes.com/namespaces/keywords/des">Protectionism (Trade)</category>
      <category domain="http://www.nytimes.com/namespaces/keywords/des">Customs (Tariff)</category>
      <category domain="http://www.nytimes.com/namespaces/keywords/des">Federal Aid (US)</category>
      <category domain="http://www.nytimes.com/namespaces/keywords/des">Executive Orders and Memorandums</category>
      <category domain="http://www.nytimes.com/namespaces/keywords/nyt_org">North Atlantic Treaty Organization</category>
      <category domain="http://www.nytimes.com/namespaces/keywords/nyt_geo">Panama Canal and Canal Zone</category>
      <category domain="http://www.nytimes.com/namespaces/keywords/nyt_geo">Ukraine</category>
      <category domain="http://www.nytimes.com/namespaces/keywords/nyt_geo">Russia</category>
      <media:content height="1800" medium="image" url="https://static01.nyt.com/images/2025/03/04/multimedia/04dc-assess-mcbl/04dc-assess-mcbl-mediumSquareAt3X.jpg" width="1800"></media:content>
      <media:credit>Kenny Holston/The New York Times</media:credit>
      <media:description>Tuesday night’s address to Congress was unalloyed President Trump, designed more for applause lines than deep examination.</media:description>
    </item>
    <item>
      <title>Wednesday Briefing</title>
      <link>https://www.nytimes.com/2025/03/05/briefing/wednesday-briefing.html</link>
      <guid isPermaLink="true">https://www.nytimes.com/2025/03/05/briefing/wednesday-briefing.html</guid>
      <atom:link href="https://www.nytimes.com/2025/03/05/briefing/wednesday-briefing.html" rel="standout"></atom:link>
      <description>Here’s what you need to know.</description>
      <dc:creator>Natasha Frost</dc:creator>
      <pubDate>Wed, 05 Mar 2025 05:32:39 +0000</pubDate>
      <media:content height="1800" medium="image" url="https://static01.nyt.com/images/2025/03/04/multimedia/05ambriefing-europe-nl-trump-1/05ambriefing-europe-nl-trump-1-mediumSquareAt3X.jpg" width="1800"></media:content>
      <media:credit>Haiyun Jiang for The New York Times</media:credit>
      <media:description>President Trump blamed his predecessor for high prices and declared victory over “wokeness.” </media:description>
    </item>
    <item>
      <title>America the Evil Mastermind? Not So Fast, Russians Are Told</title>
      <link>https://www.nytimes.com/2025/03/05/world/europe/russia-us-ukraine-trump-putin.html</link>
      <guid isPermaLink="true">https://www.nytimes.com/2025/03/05/world/europe/russia-us-ukraine-trump-putin.html</guid>
      <atom:link href="https://www.nytimes.com/2025/03/05/world/europe/russia-us-ukraine-trump-putin.html" rel="standout"></atom:link>
      <description>As President Trump begins to side with Russia, the Kremlin propaganda machine has changed its tune.</description>
      <dc:creator>Anton Troianovski</dc:creator>
      <pubDate>Wed, 05 Mar 2025 07:37:30 +0000</pubDate>
      <category domain="http://www.nytimes.com/namespaces/keywords/des">United States International Relations</category>
      <category domain="http://www.nytimes.com/namespaces/keywords/des">United States Politics and Government</category>
      <category domain="http://www.nytimes.com/namespaces/keywords/des">Russian Invasion of Ukraine (2022)</category>
      <category domain="http://www.nytimes.com/namespaces/keywords/des">International Relations</category>
      <category domain="http://www.nytimes.com/namespaces/keywords/des">Politics and Government</category>
      <category domain="http://www.nytimes.com/namespaces/keywords/des">Propaganda</category>
      <category domain="http://www.nytimes.com/namespaces/keywords/nyt_org">European Union</category>
      <category domain="http://www.nytimes.com/namespaces/keywords/nyt_org">Levada Center</category>
      <category domain="http://www.nytimes.com/namespaces/keywords/nyt_per">Lavrov, Sergey V</category>
      <category domain="http://www.nytimes.com/namespaces/keywords/nyt_per">Peskov, Dmitri S</category>
      <category domain="http://www.nytimes.com/namespaces/keywords/nyt_per">Putin, Vladimir V</category>
      <category domain="http://www.nytimes.com/namespaces/keywords/nyt_per">Trump, Donald J</category>
      <category domain="http://www.nytimes.com/namespaces/keywords/nyt_per">Zelensky, Volodymyr</category>
      <category domain="http://www.nytimes.com/namespaces/keywords/nyt_geo">Russia</category>
      <category domain="http://www.nytimes.com/namespaces/keywords/nyt_geo">Ukraine</category>
      <media:content height="1800" medium="image" url="https://static01.nyt.com/images/2025/03/05/multimedia/05russia-1-vlcb/05russia-1-vlcb-mediumSquareAt3X.jpg" width="1800"></media:content>
      <media:credit>Pool photo by Pavel Bednyakov</media:credit>
      <media:description>President Vladimir V. Putin of Russia has led the shift in tone toward the United States.</media:description>
    </item>
    <item>
      <title>Germans Agree to Borrow More for Military, in Sharp Response to Trump</title>
      <link>https://www.nytimes.com/2025/03/04/world/europe/germany-military-merz-trump.html</link>
      <guid isPermaLink="true">https://www.nytimes.com/2025/03/04/world/europe/germany-military-merz-trump.html</guid>
      <atom:link href="https://www.nytimes.com/2025/03/04/world/europe/germany-military-merz-trump.html" rel="standout"></atom:link>
      <description>The agreement between Friedrich Merz, the likely next chancellor, and his potential coalition partners also includes big new infrastructure spending.</description>
      <dc:creator>Jim Tankersley</dc:creator>
      <pubDate>Tue, 04 Mar 2025 20:48:02 +0000</pubDate>
      <category domain="http://www.nytimes.com/namespaces/keywords/des">United States Politics and Government</category>
      <category domain="http://www.nytimes.com/namespaces/keywords/des">Politics and Government</category>
      <category domain="http://www.nytimes.com/namespaces/keywords/des">United States International Relations</category>
      <category domain="http://www.nytimes.com/namespaces/keywords/des">Right-Wing Extremism and Alt-Right</category>
      <category domain="http://www.nytimes.com/namespaces/keywords/des">Infrastructure (Public Works)</category>
      <category domain="http://www.nytimes.com/namespaces/keywords/des">Defense and Military Forces</category>
      <category domain="http://www.nytimes.com/namespaces/keywords/des">Law and Legislation</category>
      <category domain="http://www.nytimes.com/namespaces/keywords/des">Immigration and Emigration</category>
      <category domain="http://www.nytimes.com/namespaces/keywords/des">Elections</category>
      <category domain="http://www.nytimes.com/namespaces/keywords/des">Russian Invasion of Ukraine (2022)</category>
      <category domain="http://www.nytimes.com/namespaces/keywords/des">Legislatures and Parliaments</category>
      <category domain="http://www.nytimes.com/namespaces/keywords/nyt_org">Alternative for Germany</category>
      <category domain="http://www.nytimes.com/namespaces/keywords/nyt_org">Christian Democratic Union (Germany)</category>
      <category domain="http://www.nytimes.com/namespaces/keywords/nyt_org">Green Party (Germany)</category>
      <category domain="http://www.nytimes.com/namespaces/keywords/nyt_org">Left Party (Germany)</category>
      <category domain="http://www.nytimes.com/namespaces/keywords/nyt_org">Social Democratic Party (Germany)</category>
      <category domain="http://www.nytimes.com/namespaces/keywords/nyt_per">Merz, Friedrich</category>
      <category domain="http://www.nytimes.com/namespaces/keywords/nyt_per">Vance, J D</category>
      <category domain="http://www.nytimes.com/namespaces/keywords/nyt_per">Trump, Donald J</category>
      <category domain="http://www.nytimes.com/namespaces/keywords/nyt_per">Orban, Viktor</category>
      <category domain="http://www.nytimes.com/namespaces/keywords/nyt_geo">Germany</category>
      <category domain="http://www.nytimes.com/namespaces/keywords/nyt_geo">Europe</category>
      <media:content height="1799" medium="image" url="https://static01.nyt.com/images/2025/03/04/multimedia/04germany-1-tbqw/04germany-1-tbqw-mediumSquareAt3X.jpg" width="1800"></media:content>
      <media:credit>Lisi Niesner/Reuters</media:credit>
      <media:description>Friedrich Merz, center, Germany’s chancellor-in-waiting and leader of the Christian Democratic Union party; the Bavarian state premier, Markus Soeder, left, the leader of the Christian Social Union; and the Social Democratic party leaders Lars Klingbeil, right, and Saskia Esken after coalition talks in Berlin, on Tuesday.</media:description>
    </item>
    <item>
      <title>Peter Sichel, Wine Merchant With a Cloak-and-Dagger Past, Dies at 102</title>
      <link>https://www.nytimes.com/2025/03/04/dining/drinks/peter-sichel-dead.html</link>
      <guid isPermaLink="true">https://www.nytimes.com/2025/03/04/dining/drinks/peter-sichel-dead.html</guid>
      <atom:link href="https://www.nytimes.com/2025/03/04/dining/drinks/peter-sichel-dead.html" rel="standout"></atom:link>
      <description>He played a crucial role in the early days of the C.I.A., as a station chief in Cold War Berlin and Hong Kong, before shifting gears to popularize Blue Nun wine.</description>
      <dc:creator>Eric Asimov</dc:creator>
      <pubDate>Tue, 04 Mar 2025 22:56:40 +0000</pubDate>
      <category domain="http://www.nytimes.com/namespaces/keywords/des">Wines</category>
      <category domain="http://www.nytimes.com/namespaces/keywords/des">Espionage and Intelligence Services</category>
      <category domain="http://www.nytimes.com/namespaces/keywords/des">World War II (1939-45)</category>
      <category domain="http://www.nytimes.com/namespaces/keywords/des">Cold War Era</category>
      <category domain="http://www.nytimes.com/namespaces/keywords/des">Deaths (Obituaries)</category>
      <category domain="http://www.nytimes.com/namespaces/keywords/des">Jews and Judaism</category>
      <category domain="http://www.nytimes.com/namespaces/keywords/des">Holocaust and the Nazi Era</category>
      <category domain="http://www.nytimes.com/namespaces/keywords/nyt_org">Central Intelligence Agency</category>
      <category domain="http://www.nytimes.com/namespaces/keywords/nyt_per">Sichel, Peter</category>
      <category domain="http://www.nytimes.com/namespaces/keywords/nyt_geo">Bordeaux (France)</category>
    </item>
    <item>
      <title>Not Time’s Fool: A Rare Version of a Shakespeare Sonnet Is Discovered</title>
      <link>https://www.nytimes.com/2025/03/04/world/europe/shakespeare-sonnet-oxford-discovery.html</link>
      <guid isPermaLink="true">https://www.nytimes.com/2025/03/04/world/europe/shakespeare-sonnet-oxford-discovery.html</guid>
      <atom:link href="https://www.nytimes.com/2025/03/04/world/europe/shakespeare-sonnet-oxford-discovery.html" rel="standout"></atom:link>
      <description>An Oxford researcher found a rare, handwritten variation of one of Shakespeare’s most famous love poems. About 400 years ago, its meaning might have been very different.</description>
      <dc:creator>Amelia Nierenberg</dc:creator>
      <pubDate>Tue, 04 Mar 2025 19:39:41 +0000</pubDate>
      <category domain="http://www.nytimes.com/namespaces/keywords/des">Theater</category>
      <category domain="http://www.nytimes.com/namespaces/keywords/des">Poetry and Poets</category>
      <category domain="http://www.nytimes.com/namespaces/keywords/des">Books and Literature</category>
      <category domain="http://www.nytimes.com/namespaces/keywords/nyt_org">Oxford University</category>
      <category domain="http://www.nytimes.com/namespaces/keywords/nyt_per">Shakespeare, William</category>
      <category domain="http://www.nytimes.com/namespaces/keywords/nyt_geo">Great Britain</category>
      <category domain="http://www.nytimes.com/namespaces/keywords/nyt_geo">Stratford-upon-Avon (England)</category>
      <media:content height="1801" medium="image" url="https://static01.nyt.com/images/2025/03/04/multimedia/04shakespeare-sonnet-mcwq/04shakespeare-sonnet-mcwq-mediumSquareAt3X.jpg" width="1800"></media:content>
      <media:credit>Andy Haslam for The New York Times</media:credit>
      <media:description>A statue of Shakespeare in his birthplace, Stratford-upon-Avon, England.</media:description>
    </item>
    <item>
      <title>Argentines in Rome Pray for Pope Francis</title>
      <link>https://www.nytimes.com/2025/03/04/world/europe/pope-francis-argentines-rome.html</link>
      <guid isPermaLink="true">https://www.nytimes.com/2025/03/04/world/europe/pope-francis-argentines-rome.html</guid>
      <atom:link href="https://www.nytimes.com/2025/03/04/world/europe/pope-francis-argentines-rome.html" rel="standout"></atom:link>
      <description>The expatriate community is small but shares a special bond with Francis, who has been in the hospital since Feb. 14.</description>
      <dc:creator>Elisabetta Povoledo</dc:creator>
      <pubDate>Tue, 04 Mar 2025 18:36:56 +0000</pubDate>
      <category domain="http://www.nytimes.com/namespaces/keywords/nyt_per">Francis</category>
      <category domain="http://www.nytimes.com/namespaces/keywords/des">Popes</category>
      <category domain="http://www.nytimes.com/namespaces/keywords/des">Prayers and Prayer Books</category>
      <category domain="http://www.nytimes.com/namespaces/keywords/nyt_org">Roman Catholic Church</category>
      <category domain="http://www.nytimes.com/namespaces/keywords/nyt_geo">Rome (Italy)</category>
      <media:content height="1800" medium="image" url="https://static01.nyt.com/images/2025/03/04/world/04pope-argentina-02/04pope-argentina-02-mediumSquareAt3X.jpg" width="1800"></media:content>
      <media:credit>Elisabetta Povoledo/The New York Times</media:credit>
      <media:description>In front of the main altar in the Church of Santa Maria Addolorata in Rome, a photo of Francis was displayed beside a statue of Our Lady of Lujàn, with the entreaty “For the Health of the Holy Father.”</media:description>
    </item>
    <item>
      <title>Von Der Leyen Unveils Sweeping Plan to Boost E.U. Military Spending.</title>
      <link>https://www.nytimes.com/2025/03/04/world/europe/eu-defense-spending.html</link>
      <guid isPermaLink="true">https://www.nytimes.com/2025/03/04/world/europe/eu-defense-spending.html</guid>
      <atom:link href="https://www.nytimes.com/2025/03/04/world/europe/eu-defense-spending.html" rel="standout"></atom:link>
      <description>The European Commission’s president unveiled a sweeping plan to help Ukraine and boost defense spending, but it won’t be easy.</description>
      <dc:creator>Jeanna Smialek and Steven Erlanger</dc:creator>
      <pubDate>Tue, 04 Mar 2025 21:56:54 +0000</pubDate>
      <category domain="http://www.nytimes.com/namespaces/keywords/nyt_org">European Union</category>
      <category domain="http://www.nytimes.com/namespaces/keywords/nyt_per">von der Leyen, Ursula</category>
      <category domain="http://www.nytimes.com/namespaces/keywords/nyt_org">European Commission</category>
      <category domain="http://www.nytimes.com/namespaces/keywords/des">Budgets and Budgeting</category>
      <category domain="http://www.nytimes.com/namespaces/keywords/nyt_per">Trump, Donald J</category>
      <category domain="http://www.nytimes.com/namespaces/keywords/nyt_geo">Europe</category>
      <category domain="http://www.nytimes.com/namespaces/keywords/nyt_org">European Council</category>
      <category domain="http://www.nytimes.com/namespaces/keywords/nyt_org">European Investment Bank</category>
      <category domain="http://www.nytimes.com/namespaces/keywords/des">Foreign Aid</category>
      <category domain="http://www.nytimes.com/namespaces/keywords/des">Russian Invasion of Ukraine (2022)</category>
      <category domain="http://www.nytimes.com/namespaces/keywords/des">Politics and Government</category>
      <category domain="http://www.nytimes.com/namespaces/keywords/des">United States International Relations</category>
      <category domain="http://www.nytimes.com/namespaces/keywords/des">Defense and Military Forces</category>
      <category domain="http://www.nytimes.com/namespaces/keywords/des">International Relations</category>
      <media:content height="1802" medium="image" url="https://static01.nyt.com/images/2025/03/04/multimedia/04europe-rearm-1-tjlq/04europe-rearm-1-tjlq-mediumSquareAt3X.jpg" width="1800"></media:content>
      <media:credit>Nicole Tung for The New York Times</media:credit>
      <media:description>Ukrainian soldiers using virtual reality headsets during a weapons simulation training in Kyiv on Tuesday. The Trump administration has suspended all U.S. military aid to Ukraine. </media:description>
    </item>
    <item>
      <title>At Ukraine’s Trump-Themed Cafe, Patrons Demand a Name Change</title>
      <link>https://www.nytimes.com/2025/03/04/world/europe/trump-ukraine-pizza-cafe.html</link>
      <guid isPermaLink="true">https://www.nytimes.com/2025/03/04/world/europe/trump-ukraine-pizza-cafe.html</guid>
      <atom:link href="https://www.nytimes.com/2025/03/04/world/europe/trump-ukraine-pizza-cafe.html" rel="standout"></atom:link>
      <description>At a pizza and coffee joint in Kyiv named for the U.S. president, patrons are having second thoughts about its moniker after President Trump suspended military aid to Ukraine.</description>
      <dc:creator>Kim Barker</dc:creator>
      <pubDate>Tue, 04 Mar 2025 22:22:18 +0000</pubDate>
      <category domain="http://www.nytimes.com/namespaces/keywords/des">Russian Invasion of Ukraine (2022)</category>
      <category domain="http://www.nytimes.com/namespaces/keywords/des">United States International Relations</category>
      <category domain="http://www.nytimes.com/namespaces/keywords/des">Foreign Aid</category>
      <category domain="http://www.nytimes.com/namespaces/keywords/nyt_per">Trump, Donald J</category>
      <category domain="http://www.nytimes.com/namespaces/keywords/nyt_per">Zelensky, Volodymyr</category>
      <category domain="http://www.nytimes.com/namespaces/keywords/nyt_geo">Kyiv (Ukraine)</category>
      <category domain="http://www.nytimes.com/namespaces/keywords/nyt_geo">Ukraine</category>
      <category domain="http://www.nytimes.com/namespaces/keywords/nyt_geo">Russia</category>
      <media:content height="1802" medium="image" url="https://static01.nyt.com/images/2025/03/04/multimedia/04ukraine-react-02-vbwl/04ukraine-react-02-vbwl-mediumSquareAt3X-v2.jpg" width="1800"></media:content>
      <media:credit>Nicole Tung for The New York Times</media:credit>
      <media:description>Customers ordered food at the Trump Pizza Station in Kyiv on Tuesday.</media:description>
    </item>
    <item>
      <title>JD Vance Ignites Outrage in UK With ‘Random Country’ Comment</title>
      <link>https://www.nytimes.com/2025/03/04/us/politics/jd-vance-uk-random-country.html</link>
      <guid isPermaLink="true">https://www.nytimes.com/2025/03/04/us/politics/jd-vance-uk-random-country.html</guid>
      <atom:link href="https://www.nytimes.com/2025/03/04/us/politics/jd-vance-uk-random-country.html" rel="standout"></atom:link>
      <description>The vice president denied that he was talking about Britain and France when he downplayed “20,000 troops from some random country” protecting Ukraine. No other countries have pledged troops.</description>
      <dc:creator>Mark Landler</dc:creator>
      <pubDate>Tue, 04 Mar 2025 16:31:37 +0000</pubDate>
      <category domain="http://www.nytimes.com/namespaces/keywords/nyt_geo">France</category>
      <category domain="http://www.nytimes.com/namespaces/keywords/nyt_geo">Great Britain</category>
      <category domain="http://www.nytimes.com/namespaces/keywords/nyt_geo">Ukraine</category>
      <category domain="http://www.nytimes.com/namespaces/keywords/nyt_geo">Europe</category>
      <category domain="http://www.nytimes.com/namespaces/keywords/des">United States International Relations</category>
      <category domain="http://www.nytimes.com/namespaces/keywords/nyt_per">Trump, Donald J</category>
      <category domain="http://www.nytimes.com/namespaces/keywords/nyt_per">Starmer, Keir</category>
      <category domain="http://www.nytimes.com/namespaces/keywords/nyt_per">Macron, Emmanuel (1977- )</category>
      <category domain="http://www.nytimes.com/namespaces/keywords/des">Defense and Military Forces</category>
      <category domain="http://www.nytimes.com/namespaces/keywords/nyt_org">North Atlantic Treaty Organization</category>
      <category domain="http://www.nytimes.com/namespaces/keywords/nyt_geo">Russia</category>
      <media:content height="1800" medium="image" url="https://static01.nyt.com/images/2025/03/04/multimedia/04trump-news-vance-uk-cjqf/04trump-news-vance-uk-cjqf-mediumSquareAt3X.jpg" width="1800"></media:content>
      <media:credit>Kenny Holston/The New York Times</media:credit>
      <media:description>Vice President JD Vance’s comments on the Anglo-French proposal to protect Ukraine have sparked criticism in Britain.</media:description>
    </item>
    <item>
      <title>Oliver Awards 2025 Nominations: ‘Fiddler on the Roof’ Earns 13 Nods</title>
      <link>https://www.nytimes.com/2025/03/04/theater/olivier-award-nominations.html</link>
      <guid isPermaLink="true">https://www.nytimes.com/2025/03/04/theater/olivier-award-nominations.html</guid>
      <atom:link href="https://www.nytimes.com/2025/03/04/theater/olivier-award-nominations.html" rel="standout"></atom:link>
      <description>The acclaimed revival, which is about to transfer to London’s Barbican, scored 13 nominations at Britain’s equivalent of the Tonys.</description>
      <dc:creator>Alex Marshall</dc:creator>
      <pubDate>Tue, 04 Mar 2025 15:42:18 +0000</pubDate>
      <category domain="http://www.nytimes.com/namespaces/keywords/des">Theater</category>
      <category domain="http://www.nytimes.com/namespaces/keywords/nyt_geo">London (England)</category>
      <category domain="http://www.nytimes.com/namespaces/keywords/des">Actors and Actresses</category>
      <category domain="http://www.nytimes.com/namespaces/keywords/nyt_per">Arbo, Eline</category>
      <category domain="http://www.nytimes.com/namespaces/keywords/nyt_per">Crudup, Billy</category>
      <category domain="http://www.nytimes.com/namespaces/keywords/nyt_per">Essiedu, Paapa</category>
      <category domain="http://www.nytimes.com/namespaces/keywords/nyt_per">Fein, Jordan</category>
      <category domain="http://www.nytimes.com/namespaces/keywords/nyt_per">Hytner, Nicholas</category>
      <category domain="http://www.nytimes.com/namespaces/keywords/nyt_per">Icke, Robert (1986- )</category>
      <category domain="http://www.nytimes.com/namespaces/keywords/nyt_per">Lithgow, John</category>
      <category domain="http://www.nytimes.com/namespaces/keywords/nyt_per">Manville, Lesley</category>
      <category domain="http://www.nytimes.com/namespaces/keywords/nyt_per">Staunton, Imelda</category>
      <category domain="http://www.nytimes.com/namespaces/keywords/nyt_per">Strong, Mark</category>
      <category domain="http://www.nytimes.com/namespaces/keywords/nyt_per">Varma, Indira (1973- )</category>
      <category domain="http://www.nytimes.com/namespaces/keywords/nyt_ttl">Fiddler on the Roof (Play)</category>
      <category domain="http://www.nytimes.com/namespaces/keywords/nyt_ttl">Harry Clarke (Play)</category>
      <category domain="http://www.nytimes.com/namespaces/keywords/nyt_ttl">Hello, Dolly! (Play)</category>
      <category domain="http://www.nytimes.com/namespaces/keywords/nyt_ttl">Kyoto (Play)</category>
      <category domain="http://www.nytimes.com/namespaces/keywords/nyt_ttl">Machinal (Play)</category>
      <category domain="http://www.nytimes.com/namespaces/keywords/nyt_ttl">Oliver! (Play)</category>
      <category domain="http://www.nytimes.com/namespaces/keywords/nyt_ttl">Starlight Express (Play)</category>
      <category domain="http://www.nytimes.com/namespaces/keywords/nyt_ttl">The Years (Play)</category>
      <category domain="http://www.nytimes.com/namespaces/keywords/nyt_per">Agyepong, Heather</category>
    </item>
    <item>
      <title>Israel Strikes Syria Again as Tensions Rise</title>
      <link>https://www.nytimes.com/2025/03/04/world/middleeast/israel-syria-strikes.html</link>
      <guid isPermaLink="true">https://www.nytimes.com/2025/03/04/world/middleeast/israel-syria-strikes.html</guid>
      <atom:link href="https://www.nytimes.com/2025/03/04/world/middleeast/israel-syria-strikes.html" rel="standout"></atom:link>
      <description>The latest attacks came a week after Prime Minister Benjamin Netanyahu of Israel demanded the demilitarization of much of southern Syria, stoking fears of conflict with the country’s new leadership.</description>
      <dc:creator>Euan Ward</dc:creator>
      <pubDate>Tue, 04 Mar 2025 18:49:57 +0000</pubDate>
      <category domain="http://www.nytimes.com/namespaces/keywords/des">War and Armed Conflicts</category>
      <category domain="http://www.nytimes.com/namespaces/keywords/des">Politics and Government</category>
      <category domain="http://www.nytimes.com/namespaces/keywords/des">Defense and Military Forces</category>
      <category domain="http://www.nytimes.com/namespaces/keywords/nyt_per">al-Shara, Ahmed (Abu Mohammad al-Jolani) (1982- )</category>
      <category domain="http://www.nytimes.com/namespaces/keywords/nyt_per">Assad, Bashar al-</category>
      <category domain="http://www.nytimes.com/namespaces/keywords/nyt_geo">Israel</category>
      <category domain="http://www.nytimes.com/namespaces/keywords/nyt_geo">Syria</category>
      <media:content height="1800" medium="image" url="https://static01.nyt.com/images/2025/03/04/multimedia/04israel-Syria-wplq/04israel-Syria-wplq-mediumSquareAt3X.jpg" width="1800"></media:content>
      <media:credit>Atef Safadi/EPA, via Shutterstock</media:credit>
      <media:description>An Israeli tank entering the buffer zone between Israel and Syria in the Golan Heights on Sunday.</media:description>
    </item>
    <item>
      <title>Stocks Slump as Trump Tariffs Take Effect</title>
      <link>https://www.nytimes.com/2025/03/04/business/stock-market-today-trump-tariffs.html</link>
      <guid isPermaLink="true">https://www.nytimes.com/2025/03/04/business/stock-market-today-trump-tariffs.html</guid>
      <atom:link href="https://www.nytimes.com/2025/03/04/business/stock-market-today-trump-tariffs.html" rel="standout"></atom:link>
      <description>Wall Street has wiped out the gains made since President Trump’s election victory, as investors’ hopes of business-friendly policies have given way to fears over tariffs.</description>
      <dc:creator>Joe Rennison, Eshe Nelson and Melissa Eddy</dc:creator>
      <pubDate>Wed, 05 Mar 2025 05:19:18 +0000</pubDate>
      <category domain="http://www.nytimes.com/namespaces/keywords/des">International Trade and World Market</category>
      <category domain="http://www.nytimes.com/namespaces/keywords/des">Protectionism (Trade)</category>
      <category domain="http://www.nytimes.com/namespaces/keywords/des">United States International Relations</category>
      <category domain="http://www.nytimes.com/namespaces/keywords/des">Stocks and Bonds</category>
      <category domain="http://www.nytimes.com/namespaces/keywords/des">Standard &amp; Poor&#39;s 500-Stock Index</category>
      <category domain="http://www.nytimes.com/namespaces/keywords/des">Customs (Tariff)</category>
      <category domain="http://www.nytimes.com/namespaces/keywords/des">Euro (Currency)</category>
      <category domain="http://www.nytimes.com/namespaces/keywords/nyt_org">Rheinmetall AG</category>
      <category domain="http://www.nytimes.com/namespaces/keywords/nyt_org">Volkswagen AG</category>
      <media:content height="1801" medium="image" url="https://static01.nyt.com/images/2025/03/04/multimedia/04STOCKS-tvwc/04STOCKS-tvwc-mediumSquareAt3X.jpg" width="1800"></media:content>
      <media:credit>Timothy A. Clary/Agence France-Presse — Getty Images</media:credit>
    </item>
    <item>
      <title>Zelensky Offers Terms to Stop Fighting, Assuring U.S. That Ukraine Wants Peace</title>
      <link>https://www.nytimes.com/2025/03/04/world/europe/ukraine-us-trump-military-support.html</link>
      <guid isPermaLink="true">https://www.nytimes.com/2025/03/04/world/europe/ukraine-us-trump-military-support.html</guid>
      <atom:link href="https://www.nytimes.com/2025/03/04/world/europe/ukraine-us-trump-military-support.html" rel="standout"></atom:link>
      <description>“We are working on all possible scenarios to protect Ukraine,” said President Volodymyr Zelensky, whose country was looking to European allies for support.</description>
      <dc:creator>Marc Santora</dc:creator>
      <pubDate>Wed, 05 Mar 2025 04:26:40 +0000</pubDate>
      <category domain="http://www.nytimes.com/namespaces/keywords/des">Foreign Aid</category>
      <category domain="http://www.nytimes.com/namespaces/keywords/des">Russian Invasion of Ukraine (2022)</category>
      <category domain="http://www.nytimes.com/namespaces/keywords/des">United States International Relations</category>
      <category domain="http://www.nytimes.com/namespaces/keywords/des">International Relations</category>
      <category domain="http://www.nytimes.com/namespaces/keywords/des">United States Defense and Military Forces</category>
      <category domain="http://www.nytimes.com/namespaces/keywords/des">Missiles and Missile Defense Systems</category>
      <category domain="http://www.nytimes.com/namespaces/keywords/nyt_org">European Union</category>
      <category domain="http://www.nytimes.com/namespaces/keywords/nyt_per">Starmer, Keir</category>
      <category domain="http://www.nytimes.com/namespaces/keywords/nyt_per">Trump, Donald J</category>
      <category domain="http://www.nytimes.com/namespaces/keywords/nyt_per">von der Leyen, Ursula</category>
      <category domain="http://www.nytimes.com/namespaces/keywords/nyt_per">Zelensky, Volodymyr</category>
      <category domain="http://www.nytimes.com/namespaces/keywords/nyt_geo">Europe</category>
      <category domain="http://www.nytimes.com/namespaces/keywords/nyt_geo">Russia</category>
      <category domain="http://www.nytimes.com/namespaces/keywords/nyt_geo">Ukraine</category>
      <category domain="http://www.nytimes.com/namespaces/keywords/nyt_geo">United States</category>
      <media:content height="1800" medium="image" url="https://static01.nyt.com/images/2025/03/04/multimedia/04ukraine-diplomacy-01-qwcf/04ukraine-diplomacy-01-qwcf-mediumSquareAt3X-v2.jpg" width="1800"></media:content>
      <media:credit>Tyler Hicks/The New York Times</media:credit>
      <media:description>Members of Ukraine’s 38th Separate Marine Brigade in the Pokrovsk region in November. It’s not clear how long Ukraine’s stockpiles will last before there are critical gaps on the front.</media:description>
    </item>
    <item>
      <title>Why Is Trump Pausing Aid to Ukraine? What to Know.</title>
      <link>https://www.nytimes.com/2025/03/04/world/europe/trump-ukraine-aid.html</link>
      <guid isPermaLink="true">https://www.nytimes.com/2025/03/04/world/europe/trump-ukraine-aid.html</guid>
      <atom:link href="https://www.nytimes.com/2025/03/04/world/europe/trump-ukraine-aid.html" rel="standout"></atom:link>
      <description>The decision marked the realization of a fear that has racked Ukraine since President Trump’s re-election.</description>
      <dc:creator>Lara Jakes and Cassandra Vinograd</dc:creator>
      <pubDate>Wed, 05 Mar 2025 05:22:48 +0000</pubDate>
      <category domain="http://www.nytimes.com/namespaces/keywords/des">Foreign Aid</category>
      <category domain="http://www.nytimes.com/namespaces/keywords/des">Russian Invasion of Ukraine (2022)</category>
      <category domain="http://www.nytimes.com/namespaces/keywords/des">Missiles and Missile Defense Systems</category>
      <category domain="http://www.nytimes.com/namespaces/keywords/nyt_org">Defense Department</category>
      <category domain="http://www.nytimes.com/namespaces/keywords/nyt_geo">Europe</category>
      <category domain="http://www.nytimes.com/namespaces/keywords/nyt_geo">Russia</category>
      <category domain="http://www.nytimes.com/namespaces/keywords/nyt_geo">Ukraine</category>
      <category domain="http://www.nytimes.com/namespaces/keywords/nyt_geo">United States</category>
      <category domain="http://www.nytimes.com/namespaces/keywords/nyt_per">Biden, Joseph R Jr</category>
      <category domain="http://www.nytimes.com/namespaces/keywords/nyt_per">Trump, Donald J</category>
      <category domain="http://www.nytimes.com/namespaces/keywords/nyt_per">Zelensky, Volodymyr</category>
      <media:content height="1801" medium="image" url="https://static01.nyt.com/images/2025/03/04/multimedia/04ukraine-aid-wwk-hbvf/04ukraine-aid-wwk-hbvf-mediumSquareAt3X.jpg" width="1800"></media:content>
      <media:credit>Finbarr O&#39;Reilly for The New York Times</media:credit>
      <media:description>A soldier and a damaged tank in the Sumy region of northern Ukraine in January.</media:description>
    </item>
    <item>
      <title>A Russia-Friendly Region in Bosnia Cheers Trump’s Return</title>
      <link>https://www.nytimes.com/2025/03/04/world/europe/russia-trump-bosnia.html</link>
      <guid isPermaLink="true">https://www.nytimes.com/2025/03/04/world/europe/russia-trump-bosnia.html</guid>
      <atom:link href="https://www.nytimes.com/2025/03/04/world/europe/russia-trump-bosnia.html" rel="standout"></atom:link>
      <description>Many ethnic Serbs in what was once Yugoslavia have long chafed at Washington’s foreign policy. ‘Trump’s America is different,’ said a former leader of a Serb enclave in Bosnia.</description>
      <dc:creator>Andrew Higgins</dc:creator>
      <pubDate>Tue, 04 Mar 2025 13:39:54 +0000</pubDate>
      <category domain="http://www.nytimes.com/namespaces/keywords/des">War and Armed Conflicts</category>
      <category domain="http://www.nytimes.com/namespaces/keywords/des">United States Politics and Government</category>
      <category domain="http://www.nytimes.com/namespaces/keywords/des">United States International Relations</category>
      <category domain="http://www.nytimes.com/namespaces/keywords/des">International Relations</category>
      <category domain="http://www.nytimes.com/namespaces/keywords/des">Russian Invasion of Ukraine (2022)</category>
      <category domain="http://www.nytimes.com/namespaces/keywords/nyt_per">Dodik, Milorad</category>
      <category domain="http://www.nytimes.com/namespaces/keywords/nyt_per">Trump, Donald J</category>
      <category domain="http://www.nytimes.com/namespaces/keywords/nyt_geo">Bosnia and Herzegovina</category>
      <category domain="http://www.nytimes.com/namespaces/keywords/nyt_geo">Republika Srpska (Bosnia and Herzegovina)</category>
      <media:content height="1801" medium="image" url="https://static01.nyt.com/images/2025/03/03/multimedia/03bosnia-trump-01-cqjw/03bosnia-trump-01-cqjw-mediumSquareAt3X.jpg" width="1800"></media:content>
      <media:credit>Radivoje Pavicic/Associated Press</media:credit>
      <media:description>A picture of President Trump projected on a government building in the mostly Serb city of Banja Luka in Bosnia, celebrating his election victory on Nov. 6.</media:description>
    </item>
    <item>
      <title>Showing Courage in Ukraine With Handfuls of Clay</title>
      <link>https://www.nytimes.com/2025/03/04/arts/ukraine-statues-design.html</link>
      <guid isPermaLink="true">https://www.nytimes.com/2025/03/04/arts/ukraine-statues-design.html</guid>
      <atom:link href="https://www.nytimes.com/2025/03/04/arts/ukraine-statues-design.html" rel="standout"></atom:link>
      <description>Founded seven years ago in Kyiv, GORN Ceramics has become an object lesson in survival.</description>
      <dc:creator>Rachel Gallaher</dc:creator>
      <pubDate>Tue, 04 Mar 2025 10:00:34 +0000</pubDate>
      <category domain="http://www.nytimes.com/namespaces/keywords/des">Ceramics and Pottery</category>
      <category domain="http://www.nytimes.com/namespaces/keywords/nyt_geo">Ukraine</category>
      <category domain="http://www.nytimes.com/namespaces/keywords/nyt_org">GORN Ceramics</category>
    </item>
    <item>
      <title>Tuesday Briefing</title>
      <link>https://www.nytimes.com/2025/03/04/briefing/tuesday-briefing.html</link>
      <guid isPermaLink="true">https://www.nytimes.com/2025/03/04/briefing/tuesday-briefing.html</guid>
      <atom:link href="https://www.nytimes.com/2025/03/04/briefing/tuesday-briefing.html" rel="standout"></atom:link>
      <description>A pause on U.S. aid to Ukraine.</description>
      <dc:creator>Natasha Frost</dc:creator>
      <pubDate>Tue, 04 Mar 2025 05:08:52 +0000</pubDate>
      <media:content height="1800" medium="image" url="https://static01.nyt.com/images/2025/03/03/multimedia/04ambriefing-europe-nl-trump/04ambriefing-europe-nl-trump-mediumSquareAt3X.jpg" width="1800"></media:content>
      <media:credit>Doug Mills/The New York Times</media:credit>
      <media:description>President Trump had an explosive confrontation with President Volodymyr Zelensky of Ukraine in the Oval Office on Friday.</media:description>
    </item>
    <item>
      <title>Is It Time to Transfer Frozen Russian Assets to Ukraine? Calls Grow Louder.</title>
      <link>https://www.nytimes.com/2025/03/04/business/russia-assets-ukraine-trump.html</link>
      <guid isPermaLink="true">https://www.nytimes.com/2025/03/04/business/russia-assets-ukraine-trump.html</guid>
      <atom:link href="https://www.nytimes.com/2025/03/04/business/russia-assets-ukraine-trump.html" rel="standout"></atom:link>
      <description>President Trump’s threat to abandon Ukraine added urgency to plans to fund security or reconstruction with the roughly $300 billion owned by Russia’s central bank.</description>
      <dc:creator>Patricia Cohen</dc:creator>
      <pubDate>Tue, 04 Mar 2025 12:12:44 +0000</pubDate>
      <category domain="http://www.nytimes.com/namespaces/keywords/des">Russian Invasion of Ukraine (2022)</category>
      <category domain="http://www.nytimes.com/namespaces/keywords/des">Assets, Frozen</category>
      <category domain="http://www.nytimes.com/namespaces/keywords/des">United States Politics and Government</category>
      <category domain="http://www.nytimes.com/namespaces/keywords/nyt_org">Central Bank of Russia</category>
      <category domain="http://www.nytimes.com/namespaces/keywords/nyt_org">European Union</category>
      <category domain="http://www.nytimes.com/namespaces/keywords/nyt_per">Putin, Vladimir V</category>
      <category domain="http://www.nytimes.com/namespaces/keywords/nyt_per">Trump, Donald J</category>
      <category domain="http://www.nytimes.com/namespaces/keywords/nyt_per">Zelikow, Philip D</category>
      <category domain="http://www.nytimes.com/namespaces/keywords/nyt_geo">Russia</category>
      <category domain="http://www.nytimes.com/namespaces/keywords/nyt_geo">Ukraine</category>
      <category domain="http://www.nytimes.com/namespaces/keywords/nyt_geo">United States</category>
      <media:content height="1800" medium="image" url="https://static01.nyt.com/images/2025/03/03/multimedia/00Biz-Russia-Assets-01-tbqh/00Biz-Russia-Assets-01-tbqh-mediumSquareAt3X.jpg" width="1800"></media:content>
      <media:credit>Mauricio Lima for The New York Times</media:credit>
      <media:description>Saltivka, a residential area of Kharkiv, in northern Ukraine. Before the war, Saltivka was a densely populated neighborhood, home to some 400,000 residents.</media:description>
    </item>
    <item>
      <title>Trump Suspends Military Aid to Ukraine After Oval Office Blowup</title>
      <link>https://www.nytimes.com/2025/03/03/us/politics/trump-ukraine-military-aid.html</link>
      <guid isPermaLink="true">https://www.nytimes.com/2025/03/03/us/politics/trump-ukraine-military-aid.html</guid>
      <atom:link href="https://www.nytimes.com/2025/03/03/us/politics/trump-ukraine-military-aid.html" rel="standout"></atom:link>
      <description>The directive, which takes effect immediately, affects more than $1 billion in arms and ammunition in the pipelines and on order.</description>
      <dc:creator>Erica L. Green, Eric Schmitt, David E. Sanger and Julian E. Barnes</dc:creator>
      <pubDate>Wed, 05 Mar 2025 05:22:54 +0000</pubDate>
      <category domain="http://www.nytimes.com/namespaces/keywords/des">United States Politics and Government</category>
      <category domain="http://www.nytimes.com/namespaces/keywords/des">Russian Invasion of Ukraine (2022)</category>
      <category domain="http://www.nytimes.com/namespaces/keywords/des">United States International Relations</category>
      <category domain="http://www.nytimes.com/namespaces/keywords/des">Foreign Aid</category>
      <category domain="http://www.nytimes.com/namespaces/keywords/des">Defense and Military Forces</category>
      <category domain="http://www.nytimes.com/namespaces/keywords/des">Arms Trade</category>
      <category domain="http://www.nytimes.com/namespaces/keywords/nyt_per">Trump, Donald J</category>
      <category domain="http://www.nytimes.com/namespaces/keywords/nyt_per">Zelensky, Volodymyr</category>
      <category domain="http://www.nytimes.com/namespaces/keywords/nyt_per">Putin, Vladimir V</category>
      <category domain="http://www.nytimes.com/namespaces/keywords/nyt_geo">Ukraine</category>
      <category domain="http://www.nytimes.com/namespaces/keywords/nyt_geo">Russia</category>
      <category domain="http://www.nytimes.com/namespaces/keywords/nyt_org">North Atlantic Treaty Organization</category>
      <media:content height="1798" medium="image" url="https://static01.nyt.com/images/2025/03/03/multimedia/03dc-prexy-topart-vqzw/03dc-prexy-topart-vqzw-mediumSquareAt3X-v2.jpg" width="1800"></media:content>
      <media:credit>Doug Mills/The New York Times</media:credit>
      <media:description>Shortly after the contentious meeting between President Volodymyr Zelensky of Ukraine and President Trump on Friday, the Trump administration began discussions about cutting off or reducing military assistance.</media:description>
    </item>
  </channel>
</rss>