<?xml version="1.0" encoding="UTF-8"?>
<rss xmlns:dc="http://purl.org/dc/elements/1.1/" xmlns:media="http://search.yahoo.com/mrss/" xmlns:atom="http://www.w3.org/2005/Atom" xmlns:nyt="http://www.nytimes.com/namespaces/rss/2.0" version="2.0">
  <channel>
    <title>NYT &gt; World &gt; Middle East</title>
    <link>https://www.nytimes.com/section/world/middleeast</link>
    <atom:link href="https://rss.nytimes.com/services/xml/rss/nyt/MiddleEast.xml" rel="self" type="application/rss+xml"></atom:link>
    <description></description>
    <language>en-us</language>
    <copyright>Copyright 2025 The New York Times Company</copyright>
    <lastBuildDate>Wed, 05 Mar 2025 08:26:42 +0000</lastBuildDate>
    <pubDate>Wed, 05 Mar 2025 06:13:32 +0000</pubDate>
    <image>
      <title>NYT &gt; World &gt; Middle East</title>
      <url>https://static01.nyt.com/images/misc/NYT_logo_rss_250x40.png</url>
      <link>https://www.nytimes.com/section/world/middleeast</link>
    </image>
    <item>
      <title>While Calm Reigns in Damascus, Battles in Syria’s Northeast Rage On</title>
      <link>https://www.nytimes.com/2025/03/05/world/middleeast/syria-militias-fighting.html</link>
      <guid isPermaLink="true">https://www.nytimes.com/2025/03/05/world/middleeast/syria-militias-fighting.html</guid>
      <atom:link href="https://www.nytimes.com/2025/03/05/world/middleeast/syria-militias-fighting.html" rel="standout"></atom:link>
      <description>The conflict poses a challenge for the new interim president as he tries to unify Syria and extend his authority over the entire country.</description>
      <dc:creator>Alissa J. Rubin</dc:creator>
      <pubDate>Wed, 05 Mar 2025 06:13:32 +0000</pubDate>
      <category domain="http://www.nytimes.com/namespaces/keywords/des">War and Armed Conflicts</category>
      <category domain="http://www.nytimes.com/namespaces/keywords/des">Terrorism</category>
      <category domain="http://www.nytimes.com/namespaces/keywords/des">Secession and Independence Movements</category>
      <category domain="http://www.nytimes.com/namespaces/keywords/des">Kurds</category>
      <category domain="http://www.nytimes.com/namespaces/keywords/nyt_org">Hayat Tahrir al-Sham</category>
      <category domain="http://www.nytimes.com/namespaces/keywords/nyt_org">Islamic State in Iraq and Syria (ISIS)</category>
      <category domain="http://www.nytimes.com/namespaces/keywords/nyt_org">Kurdistan Workers&#39; Party</category>
      <category domain="http://www.nytimes.com/namespaces/keywords/nyt_org">Syrian Democratic Forces</category>
      <category domain="http://www.nytimes.com/namespaces/keywords/nyt_per">al-Shara, Ahmed (Abu Mohammad al-Jolani) (1982- )</category>
      <category domain="http://www.nytimes.com/namespaces/keywords/nyt_per">Erdogan, Recep Tayyip</category>
      <category domain="http://www.nytimes.com/namespaces/keywords/nyt_per">Ocalan, Abdullah</category>
      <category domain="http://www.nytimes.com/namespaces/keywords/nyt_geo">Syria</category>
      <category domain="http://www.nytimes.com/namespaces/keywords/nyt_geo">Turkey</category>
      <media:content height="1800" medium="image" url="https://static01.nyt.com/images/2025/03/03/multimedia/03syria-kurds-tclf/03syria-kurds-tclf-mediumSquareAt3X.jpg" width="1800"></media:content>
      <media:credit>Kiana Hayeri for The New York Times</media:credit>
      <media:description>A market in the Syrian capital, Damascus, this week.</media:description>
    </item>
    <item>
      <title>In Oct. 7 Report, Israeli Security Agency Puts Some Blame on Netanyahu Government</title>
      <link>https://www.nytimes.com/2025/03/04/world/middleeast/israel-oct-7-attack-shin-bet.html</link>
      <guid isPermaLink="true">https://www.nytimes.com/2025/03/04/world/middleeast/israel-oct-7-attack-shin-bet.html</guid>
      <atom:link href="https://www.nytimes.com/2025/03/04/world/middleeast/israel-oct-7-attack-shin-bet.html" rel="standout"></atom:link>
      <description>The Shin Bet said that it had disregarded intelligence from Gaza about a planned Hamas raid, but also that government policies may have emboldened the militants to attack.</description>
      <dc:creator>Ephrat Livni</dc:creator>
      <pubDate>Wed, 05 Mar 2025 03:26:33 +0000</pubDate>
      <category domain="http://www.nytimes.com/namespaces/keywords/nyt_org">Shin Bet</category>
      <category domain="http://www.nytimes.com/namespaces/keywords/nyt_geo">Israel</category>
      <category domain="http://www.nytimes.com/namespaces/keywords/nyt_org">Hamas</category>
      <category domain="http://www.nytimes.com/namespaces/keywords/nyt_per">Netanyahu, Benjamin</category>
      <category domain="http://www.nytimes.com/namespaces/keywords/des">Israel-Gaza War (2023- )</category>
      <category domain="http://www.nytimes.com/namespaces/keywords/nyt_geo">Gaza Strip</category>
      <category domain="http://www.nytimes.com/namespaces/keywords/des">Classified Information and State Secrets</category>
      <media:content height="1801" medium="image" url="https://static01.nyt.com/images/2025/03/04/multimedia/04israel-report-htkw/04israel-report-htkw-mediumSquareAt3X.jpg" width="1800"></media:content>
      <media:credit>Tamir Kalifa for The New York Times</media:credit>
      <media:description>Ashkelon, Israel, moments after a rocket siren was sounded on Oct. 7, 2023.</media:description>
    </item>
    <item>
      <title>Conservatives Hobble Iran’s Moderate President, Stoking a Political Crisis</title>
      <link>https://www.nytimes.com/2025/03/04/world/middleeast/iran-conservatives-zarif-pezeshkian.html</link>
      <guid isPermaLink="true">https://www.nytimes.com/2025/03/04/world/middleeast/iran-conservatives-zarif-pezeshkian.html</guid>
      <atom:link href="https://www.nytimes.com/2025/03/04/world/middleeast/iran-conservatives-zarif-pezeshkian.html" rel="standout"></atom:link>
      <description>With Iran already wounded economically and diplomatically, hard-liners forced out two top officials and blocked talks with the United States, freezing President Masoud Pezeshkian’s agenda.</description>
      <dc:creator>Farnaz Fassihi</dc:creator>
      <pubDate>Tue, 04 Mar 2025 19:08:11 +0000</pubDate>
      <category domain="http://www.nytimes.com/namespaces/keywords/nyt_geo">Iran</category>
      <category domain="http://www.nytimes.com/namespaces/keywords/des">Politics and Government</category>
      <category domain="http://www.nytimes.com/namespaces/keywords/nyt_per">Zarif, Mohammad Javad</category>
      <category domain="http://www.nytimes.com/namespaces/keywords/nyt_per">Hemmati, Abdolnaser</category>
      <category domain="http://www.nytimes.com/namespaces/keywords/des">Appointments and Executive Changes</category>
      <category domain="http://www.nytimes.com/namespaces/keywords/nyt_per">Pezeshkian, Masoud</category>
      <category domain="http://www.nytimes.com/namespaces/keywords/nyt_per">Khamenei, Ali</category>
      <category domain="http://www.nytimes.com/namespaces/keywords/des">United States International Relations</category>
      <category domain="http://www.nytimes.com/namespaces/keywords/nyt_per">Trump, Donald J</category>
      <category domain="http://www.nytimes.com/namespaces/keywords/des">International Relations</category>
      <category domain="http://www.nytimes.com/namespaces/keywords/des">Nuclear Weapons</category>
      <media:content height="1800" medium="image" url="https://static01.nyt.com/images/2025/03/04/multimedia/04iran-1-cjbg/04iran-1-cjbg-mediumSquareAt3X.jpg" width="1800"></media:content>
      <media:credit>Atta Kenare/Agence France-Presse — Getty Images</media:credit>
      <media:description>President Masoud Pezeshkian of Iran addressing members of Parliament in Tehran on Sunday.</media:description>
    </item>
    <item>
      <title>Israel Says It Killed Local Hamas Commander in West Bank</title>
      <link>https://www.nytimes.com/2025/03/04/world/middleeast/israel-west-bank-hamas-commander.html</link>
      <guid isPermaLink="true">https://www.nytimes.com/2025/03/04/world/middleeast/israel-west-bank-hamas-commander.html</guid>
      <atom:link href="https://www.nytimes.com/2025/03/04/world/middleeast/israel-west-bank-hamas-commander.html" rel="standout"></atom:link>
      <description>The raid took place as Israel’s military said it had expanded its operation to crack down on militants in the city of Jenin.</description>
      <dc:creator>Aaron Boxerman</dc:creator>
      <pubDate>Tue, 04 Mar 2025 19:12:36 +0000</pubDate>
      <category domain="http://www.nytimes.com/namespaces/keywords/nyt_geo">West Bank</category>
      <category domain="http://www.nytimes.com/namespaces/keywords/nyt_geo">Israel</category>
      <category domain="http://www.nytimes.com/namespaces/keywords/nyt_org">Hamas</category>
      <category domain="http://www.nytimes.com/namespaces/keywords/des">Israel-Gaza War (2023- )</category>
      <category domain="http://www.nytimes.com/namespaces/keywords/des">Palestinians</category>
      <category domain="http://www.nytimes.com/namespaces/keywords/des">Defense and Military Forces</category>
      <category domain="http://www.nytimes.com/namespaces/keywords/nyt_per">Aysar al-Saadi</category>
      <media:content height="1800" medium="image" url="https://static01.nyt.com/images/2025/03/04/multimedia/04mideast-jenin-1-hmkv/04mideast-jenin-1-hmkv-mediumSquareAt3X.jpg" width="1800"></media:content>
      <media:credit>Alaa Badarneh/EPA, via Shutterstock</media:credit>
      <media:description>Israeli soldiers in the West Bank city of Jenin on Tuesday.</media:description>
    </item>
    <item>
      <title>Israel Strikes Syria Again as Tensions Rise</title>
      <link>https://www.nytimes.com/2025/03/04/world/middleeast/israel-syria-strikes.html</link>
      <guid isPermaLink="true">https://www.nytimes.com/2025/03/04/world/middleeast/israel-syria-strikes.html</guid>
      <atom:link href="https://www.nytimes.com/2025/03/04/world/middleeast/israel-syria-strikes.html" rel="standout"></atom:link>
      <description>The latest attacks came a week after Prime Minister Benjamin Netanyahu of Israel demanded the demilitarization of much of southern Syria, stoking fears of conflict with the country’s new leadership.</description>
      <dc:creator>Euan Ward</dc:creator>
      <pubDate>Tue, 04 Mar 2025 18:49:57 +0000</pubDate>
      <category domain="http://www.nytimes.com/namespaces/keywords/des">War and Armed Conflicts</category>
      <category domain="http://www.nytimes.com/namespaces/keywords/des">Politics and Government</category>
      <category domain="http://www.nytimes.com/namespaces/keywords/des">Defense and Military Forces</category>
      <category domain="http://www.nytimes.com/namespaces/keywords/nyt_per">al-Shara, Ahmed (Abu Mohammad al-Jolani) (1982- )</category>
      <category domain="http://www.nytimes.com/namespaces/keywords/nyt_per">Assad, Bashar al-</category>
      <category domain="http://www.nytimes.com/namespaces/keywords/nyt_geo">Israel</category>
      <category domain="http://www.nytimes.com/namespaces/keywords/nyt_geo">Syria</category>
      <media:content height="1800" medium="image" url="https://static01.nyt.com/images/2025/03/04/multimedia/04israel-Syria-wplq/04israel-Syria-wplq-mediumSquareAt3X.jpg" width="1800"></media:content>
      <media:credit>Atef Safadi/EPA, via Shutterstock</media:credit>
      <media:description>An Israeli tank entering the buffer zone between Israel and Syria in the Golan Heights on Sunday.</media:description>
    </item>
    <item>
      <title>Arab States Propose Alternative to Trump’s Gaza Plan</title>
      <link>https://www.nytimes.com/2025/03/04/world/middleeast/gaza-arab-leaders-meeting.html</link>
      <guid isPermaLink="true">https://www.nytimes.com/2025/03/04/world/middleeast/gaza-arab-leaders-meeting.html</guid>
      <atom:link href="https://www.nytimes.com/2025/03/04/world/middleeast/gaza-arab-leaders-meeting.html" rel="standout"></atom:link>
      <description>Trying to counter President Trump’s call to “clean out” Gaza, Arab leaders have begun to outline their own vision for Palestinians in the territory.</description>
      <dc:creator>Vivian Yee and Ismaeel Naar</dc:creator>
      <pubDate>Tue, 04 Mar 2025 21:26:29 +0000</pubDate>
      <category domain="http://www.nytimes.com/namespaces/keywords/des">Israel-Gaza War (2023- )</category>
      <category domain="http://www.nytimes.com/namespaces/keywords/des">Palestinians</category>
      <category domain="http://www.nytimes.com/namespaces/keywords/nyt_org">Al-Ahram (Egyptian Newspaper)</category>
      <category domain="http://www.nytimes.com/namespaces/keywords/nyt_org">Arab League</category>
      <category domain="http://www.nytimes.com/namespaces/keywords/nyt_org">Hamas</category>
      <category domain="http://www.nytimes.com/namespaces/keywords/nyt_org">Palestinian Authority</category>
      <category domain="http://www.nytimes.com/namespaces/keywords/nyt_per">Trump, Donald J</category>
      <category domain="http://www.nytimes.com/namespaces/keywords/nyt_geo">Cairo (Egypt)</category>
      <category domain="http://www.nytimes.com/namespaces/keywords/nyt_geo">Egypt</category>
      <category domain="http://www.nytimes.com/namespaces/keywords/nyt_geo">Gaza Strip</category>
      <category domain="http://www.nytimes.com/namespaces/keywords/nyt_geo">Israel</category>
      <category domain="http://www.nytimes.com/namespaces/keywords/nyt_geo">Jordan</category>
      <category domain="http://www.nytimes.com/namespaces/keywords/nyt_geo">Middle East</category>
      <category domain="http://www.nytimes.com/namespaces/keywords/nyt_geo">United States</category>
      <category domain="http://www.nytimes.com/namespaces/keywords/nyt_geo">West Bank</category>
      <media:content height="1800" medium="image" url="https://static01.nyt.com/images/2025/03/04/multimedia/04arab-summit-top-qcmk/04arab-summit-top-qcmk-mediumSquareAt3X.jpg" width="1800"></media:content>
      <media:credit>Bashar Taleb/Agence France-Presse — Getty Images</media:credit>
      <media:description>Destruction from the war in Beit Lahiya in the northern Gaza Strip on Tuesday.</media:description>
    </item>
    <item>
      <title>Biden’s Envoy to Fight Antisemitism Says She Saw Surge of Hate After Oct. 7</title>
      <link>https://www.nytimes.com/2025/03/04/world/middleeast/deborah-lipstadt-antisemitism.html</link>
      <guid isPermaLink="true">https://www.nytimes.com/2025/03/04/world/middleeast/deborah-lipstadt-antisemitism.html</guid>
      <atom:link href="https://www.nytimes.com/2025/03/04/world/middleeast/deborah-lipstadt-antisemitism.html" rel="standout"></atom:link>
      <description>Reflecting at the end of her tenure, Deborah Lipstadt said that after the Hamas-led attack on Israel and the devastating war in Gaza, antisemitism became “almost normalized.”</description>
      <dc:creator>Isabel Kershner</dc:creator>
      <pubDate>Tue, 04 Mar 2025 05:01:06 +0000</pubDate>
      <category domain="http://www.nytimes.com/namespaces/keywords/nyt_per">Lipstadt, Deborah E</category>
      <category domain="http://www.nytimes.com/namespaces/keywords/des">Anti-Semitism</category>
      <category domain="http://www.nytimes.com/namespaces/keywords/des">Jews and Judaism</category>
      <category domain="http://www.nytimes.com/namespaces/keywords/nyt_geo">Israel</category>
      <category domain="http://www.nytimes.com/namespaces/keywords/des">Israel-Gaza War (2023- )</category>
      <category domain="http://www.nytimes.com/namespaces/keywords/des">International Relations</category>
      <category domain="http://www.nytimes.com/namespaces/keywords/des">United States Politics and Government</category>
      <media:content height="1799" medium="image" url="https://static01.nyt.com/images/2025/02/28/multimedia/28israel-antisemitism-01-bctf/28israel-antisemitism-01-bctf-mediumSquareAt3X.jpg" width="1800"></media:content>
      <media:credit>Tom Brenner for The New York Times</media:credit>
      <media:description>Deborah Lipstadt, the U.S. special envoy to combat antisemitism, at the White House in 2023.</media:description>
    </item>
    <item>
      <title>Gazans Worry as Israeli Border Block Sends Food Prices Climbing</title>
      <link>https://www.nytimes.com/2025/03/03/world/middleeast/gaza-aid-israel.html</link>
      <guid isPermaLink="true">https://www.nytimes.com/2025/03/03/world/middleeast/gaza-aid-israel.html</guid>
      <atom:link href="https://www.nytimes.com/2025/03/03/world/middleeast/gaza-aid-israel.html" rel="standout"></atom:link>
      <description>The halt on aid and commercial goods was intended to put pressure on Hamas, but it is already having a broader effect, Palestinians say.</description>
      <dc:creator>Hiba Yazbek</dc:creator>
      <pubDate>Tue, 04 Mar 2025 07:56:11 +0000</pubDate>
      <category domain="http://www.nytimes.com/namespaces/keywords/des">Israel-Gaza War (2023- )</category>
      <category domain="http://www.nytimes.com/namespaces/keywords/des">Humanitarian Aid</category>
      <category domain="http://www.nytimes.com/namespaces/keywords/des">Prices (Fares, Fees and Rates)</category>
      <category domain="http://www.nytimes.com/namespaces/keywords/des">Peace Process</category>
      <category domain="http://www.nytimes.com/namespaces/keywords/nyt_geo">Gaza Strip</category>
      <category domain="http://www.nytimes.com/namespaces/keywords/nyt_geo">Israel</category>
      <category domain="http://www.nytimes.com/namespaces/keywords/nyt_org">Hamas</category>
      <media:content height="1800" medium="image" url="https://static01.nyt.com/images/2025/03/03/multimedia/03gaza-aid01-photo-jlkp/03gaza-aid01-photo-jlkp-mediumSquareAt3X.jpg" width="1800"></media:content>
      <media:credit>Jehad Alshrafi/Associated Press</media:credit>
      <media:description>A market west of Gaza City on Monday. </media:description>
    </item>
    <item>
      <title>Released From Hamas Captivity, a Hostage Finds His Family Gone</title>
      <link>https://www.nytimes.com/2025/03/03/world/middleeast/israel-sharabi-hostage-hamas-gaza.html</link>
      <guid isPermaLink="true">https://www.nytimes.com/2025/03/03/world/middleeast/israel-sharabi-hostage-hamas-gaza.html</guid>
      <atom:link href="https://www.nytimes.com/2025/03/03/world/middleeast/israel-sharabi-hostage-hamas-gaza.html" rel="standout"></atom:link>
      <description>Eli Sharabi gave himself up on Oct. 7, 2023, hoping to save his wife and daughters. After some 500 days in the tunnels of Gaza, he emerged to learn that they had been killed.</description>
      <dc:creator>Isabel Kershner</dc:creator>
      <pubDate>Mon, 03 Mar 2025 10:01:46 +0000</pubDate>
      <category domain="http://www.nytimes.com/namespaces/keywords/nyt_geo">Israel</category>
      <category domain="http://www.nytimes.com/namespaces/keywords/des">Kidnapping and Hostages</category>
      <category domain="http://www.nytimes.com/namespaces/keywords/nyt_geo">Gaza Strip</category>
      <category domain="http://www.nytimes.com/namespaces/keywords/nyt_org">Hamas</category>
      <category domain="http://www.nytimes.com/namespaces/keywords/des">Kibbutz Movement</category>
      <category domain="http://www.nytimes.com/namespaces/keywords/des">Israel-Gaza War (2023- )</category>
      <category domain="http://www.nytimes.com/namespaces/keywords/des">Terrorism</category>
      <media:content height="1800" medium="image" url="https://static01.nyt.com/images/2025/03/02/multimedia/00israel-sharabi-family-zjcb/00israel-sharabi-family-zjcb-mediumSquareAt3X.jpg" width="1800"></media:content>
      <media:credit>Saher Alghorra for The New York Times</media:credit>
      <media:description>Eli Sharabi, center, being handed over by Hamas last month. He had been kept underground, his legs constantly shackled.</media:description>
    </item>
    <item>
      <title>With Cease-Fire Shaky, Israel and Hamas Consider Both Diplomatic and Military Options</title>
      <link>https://www.nytimes.com/2025/03/03/world/middleeast/israel-hamas-cease-fire-assess.html</link>
      <guid isPermaLink="true">https://www.nytimes.com/2025/03/03/world/middleeast/israel-hamas-cease-fire-assess.html</guid>
      <atom:link href="https://www.nytimes.com/2025/03/03/world/middleeast/israel-hamas-cease-fire-assess.html" rel="standout"></atom:link>
      <description>As the first phase of the truce in Gaza ends, the two sides are continuing negotiations but also preparing for a possible return to war.</description>
      <dc:creator>Adam Rasgon and Iyad Abuheweila</dc:creator>
      <pubDate>Mon, 03 Mar 2025 05:00:06 +0000</pubDate>
      <category domain="http://www.nytimes.com/namespaces/keywords/des">Israel-Gaza War (2023- )</category>
      <category domain="http://www.nytimes.com/namespaces/keywords/des">Kidnapping and Hostages</category>
      <category domain="http://www.nytimes.com/namespaces/keywords/nyt_org">Hamas</category>
      <category domain="http://www.nytimes.com/namespaces/keywords/nyt_per">Netanyahu, Benjamin</category>
      <category domain="http://www.nytimes.com/namespaces/keywords/nyt_geo">Gaza Strip</category>
      <category domain="http://www.nytimes.com/namespaces/keywords/nyt_geo">Israel</category>
      <media:content height="1800" medium="image" url="https://static01.nyt.com/images/2025/03/02/multimedia/02gaza-ceasefire-assess-jtqp/02gaza-ceasefire-assess-jtqp-mediumSquareAt3X.jpg" width="1800"></media:content>
      <media:credit>Saher Alghorra for The New York Times</media:credit>
      <media:description>A makeshift tent camp last month in Jabaliya in the northern Gaza Strip.</media:description>
    </item>
    <item>
      <title>Rubio Bypasses Congress to Send Israel $4 Billion in Arms</title>
      <link>https://www.nytimes.com/2025/03/02/us/politics/rubio-arms-israel.html</link>
      <guid isPermaLink="true">https://www.nytimes.com/2025/03/02/us/politics/rubio-arms-israel.html</guid>
      <atom:link href="https://www.nytimes.com/2025/03/02/us/politics/rubio-arms-israel.html" rel="standout"></atom:link>
      <description>Secretary of State Marco Rubio’s emergency declaration calls for sending 2,000-pound bombs and other weapons to Israel as the war in Gaza continues.</description>
      <dc:creator>Edward Wong</dc:creator>
      <pubDate>Mon, 03 Mar 2025 14:49:05 +0000</pubDate>
      <category domain="http://www.nytimes.com/namespaces/keywords/des">United States Politics and Government</category>
      <category domain="http://www.nytimes.com/namespaces/keywords/des">Israel-Gaza War (2023- )</category>
      <category domain="http://www.nytimes.com/namespaces/keywords/des">United States International Relations</category>
      <category domain="http://www.nytimes.com/namespaces/keywords/des">Foreign Aid</category>
      <category domain="http://www.nytimes.com/namespaces/keywords/nyt_per">Rubio, Marco</category>
      <category domain="http://www.nytimes.com/namespaces/keywords/des">War and Emergency Powers (US)</category>
      <category domain="http://www.nytimes.com/namespaces/keywords/nyt_per">Trump, Donald J</category>
      <category domain="http://www.nytimes.com/namespaces/keywords/nyt_geo">Israel</category>
      <category domain="http://www.nytimes.com/namespaces/keywords/nyt_geo">Gaza Strip</category>
      <category domain="http://www.nytimes.com/namespaces/keywords/nyt_org">State Department</category>
      <category domain="http://www.nytimes.com/namespaces/keywords/nyt_org">House Committee on Foreign Affairs</category>
      <category domain="http://www.nytimes.com/namespaces/keywords/nyt_org">Senate Committee on Foreign Relations</category>
      <category domain="http://www.nytimes.com/namespaces/keywords/des">United States Defense and Military Forces</category>
      <media:content height="1800" medium="image" url="https://static01.nyt.com/images/2025/03/02/multimedia/02dc-Marco-Rubio-bflj/02dc-Marco-Rubio-bflj-mediumSquareAt3X-v2.jpg" width="1800"></media:content>
      <media:credit>Tierney L. Cross for The New York Times</media:credit>
      <media:description>Officials from the State Department, led by Marco Rubio, told the House and Senate committees responsible for reviewing the weapons orders about the emergency authorization on Friday.</media:description>
    </item>
    <item>
      <title>What to Know About Israel’s Decision to Halt Aid to Gaza</title>
      <link>https://www.nytimes.com/2025/03/02/world/middleeast/israel-aid-halt-gaza.html</link>
      <guid isPermaLink="true">https://www.nytimes.com/2025/03/02/world/middleeast/israel-aid-halt-gaza.html</guid>
      <atom:link href="https://www.nytimes.com/2025/03/02/world/middleeast/israel-aid-halt-gaza.html" rel="standout"></atom:link>
      <description>The move was apparently part of a bid to force Hamas into accepting a temporary extension of a cease-fire and releasing more hostages.</description>
      <dc:creator>Matthew Mpoke Bigg</dc:creator>
      <pubDate>Mon, 03 Mar 2025 20:23:39 +0000</pubDate>
      <category domain="http://www.nytimes.com/namespaces/keywords/des">Israel-Gaza War (2023- )</category>
      <category domain="http://www.nytimes.com/namespaces/keywords/des">International Relations</category>
      <category domain="http://www.nytimes.com/namespaces/keywords/des">Humanitarian Aid</category>
      <category domain="http://www.nytimes.com/namespaces/keywords/des">Peace Process</category>
      <category domain="http://www.nytimes.com/namespaces/keywords/des">Kidnapping and Hostages</category>
      <category domain="http://www.nytimes.com/namespaces/keywords/des">Palestinians</category>
      <category domain="http://www.nytimes.com/namespaces/keywords/nyt_org">Hamas</category>
      <category domain="http://www.nytimes.com/namespaces/keywords/nyt_per">Netanyahu, Benjamin</category>
      <category domain="http://www.nytimes.com/namespaces/keywords/nyt_geo">Gaza Strip</category>
      <category domain="http://www.nytimes.com/namespaces/keywords/nyt_geo">Israel</category>
      <media:content height="1800" medium="image" url="https://static01.nyt.com/images/2025/03/02/multimedia/02israel-gaza-aid-wwk-photo-zbpk/02israel-gaza-aid-wwk-photo-zbpk-mediumSquareAt3X.jpg" width="1800"></media:content>
      <media:credit>Agence France-Presse — Getty Images</media:credit>
      <media:description>Trucks carrying aid destined for Gaza lined up on the Egyptian side of the Rafah border crossing on Sunday after Israel’s decision to stop aid from entering the enclave.</media:description>
    </item>
    <item>
      <title>Syrian Forces Deployed in Druse Town After Deadly Gunfight</title>
      <link>https://www.nytimes.com/2025/03/02/world/middleeast/syria-druse-clash.html</link>
      <guid isPermaLink="true">https://www.nytimes.com/2025/03/02/world/middleeast/syria-druse-clash.html</guid>
      <atom:link href="https://www.nytimes.com/2025/03/02/world/middleeast/syria-druse-clash.html" rel="standout"></atom:link>
      <description>An uneasy calm prevailed in the town on the outskirts of Damascus on Sunday, two days after a gunfight between local men and security forces.</description>
      <dc:creator>Raja Abdulrahim</dc:creator>
      <pubDate>Sun, 02 Mar 2025 15:22:44 +0000</pubDate>
      <category domain="http://www.nytimes.com/namespaces/keywords/des">War and Armed Conflicts</category>
      <category domain="http://www.nytimes.com/namespaces/keywords/des">Druse (Sect)</category>
      <category domain="http://www.nytimes.com/namespaces/keywords/des">Politics and Government</category>
      <category domain="http://www.nytimes.com/namespaces/keywords/des">International Relations</category>
      <category domain="http://www.nytimes.com/namespaces/keywords/nyt_per">al-Shara, Ahmed (Abu Mohammad al-Jolani) (1982- )</category>
      <category domain="http://www.nytimes.com/namespaces/keywords/nyt_per">Netanyahu, Benjamin</category>
      <category domain="http://www.nytimes.com/namespaces/keywords/nyt_geo">Syria</category>
      <media:content height="1800" medium="image" url="https://static01.nyt.com/images/2025/03/02/multimedia/02syria-druse-gfjt/02syria-druse-gfjt-mediumSquareAt3X.jpg" width="1800"></media:content>
      <media:credit>Atef Safadi/EPA, via Shutterstock</media:credit>
      <media:description>A Druse man watching an Israeli soldier in December in the buffer zone on the border between Israel and Syria in the Israeli-annexed Golan Heights.</media:description>
    </item>
    <item>
      <title>Israel Halts All Aid Into Gaza Immediately as Cease-Fire Expires</title>
      <link>https://www.nytimes.com/2025/03/01/world/middleeast/israel-cease-fire-proposal.html</link>
      <guid isPermaLink="true">https://www.nytimes.com/2025/03/01/world/middleeast/israel-cease-fire-proposal.html</guid>
      <atom:link href="https://www.nytimes.com/2025/03/01/world/middleeast/israel-cease-fire-proposal.html" rel="standout"></atom:link>
      <description>The move came hours after Israel had proposed a temporary extension of the truce, though one with terms that Hamas is unlikely to accept.</description>
      <dc:creator>Eve Sampson and Isabel Kershner</dc:creator>
      <pubDate>Sun, 02 Mar 2025 09:01:00 +0000</pubDate>
      <category domain="http://www.nytimes.com/namespaces/keywords/des">Israel-Gaza War (2023- )</category>
      <category domain="http://www.nytimes.com/namespaces/keywords/des">Peace Process</category>
      <category domain="http://www.nytimes.com/namespaces/keywords/des">Ramadan</category>
      <category domain="http://www.nytimes.com/namespaces/keywords/des">Kidnapping and Hostages</category>
      <category domain="http://www.nytimes.com/namespaces/keywords/nyt_org">Hamas</category>
      <category domain="http://www.nytimes.com/namespaces/keywords/nyt_geo">Gaza Strip</category>
      <category domain="http://www.nytimes.com/namespaces/keywords/des">Humanitarian Aid</category>
      <category domain="http://www.nytimes.com/namespaces/keywords/nyt_per">Netanyahu, Benjamin</category>
      <category domain="http://www.nytimes.com/namespaces/keywords/nyt_per">Witkoff, Steven</category>
      <media:content height="1800" medium="image" url="https://static01.nyt.com/images/2025/03/01/multimedia/01israel-ceasefire-01-qfkp/01israel-ceasefire-01-qfkp-mediumSquareAt3X-v2.jpg" width="1800"></media:content>
      <media:credit>Saher Alghorra for The New York Times</media:credit>
      <media:description>Decorations were hung next to damaged homes in preparation for the holy month of Ramadan in Khan Yunis, southern Gaza Strip, on Friday.</media:description>
    </item>
    <item>
      <title>Lawsuit Against Panama Challenges Detention of Trump Deportees</title>
      <link>https://www.nytimes.com/2025/03/01/world/americas/panama-migrants-us-lawsuit.html</link>
      <guid isPermaLink="true">https://www.nytimes.com/2025/03/01/world/americas/panama-migrants-us-lawsuit.html</guid>
      <atom:link href="https://www.nytimes.com/2025/03/01/world/americas/panama-migrants-us-lawsuit.html" rel="standout"></atom:link>
      <description>A group of lawyers accused Panama of violating the rights of people deported from the United States under the Trump administration’s policy of sending migrants to cooperative Latin American nations.</description>
      <dc:creator>Farnaz Fassihi and Julie Turkewitz</dc:creator>
      <pubDate>Sun, 02 Mar 2025 17:20:20 +0000</pubDate>
      <category domain="http://www.nytimes.com/namespaces/keywords/des">Deportation</category>
      <category domain="http://www.nytimes.com/namespaces/keywords/des">Illegal Immigration</category>
      <category domain="http://www.nytimes.com/namespaces/keywords/des">United States Politics and Government</category>
      <category domain="http://www.nytimes.com/namespaces/keywords/nyt_per">Trump, Donald J</category>
      <category domain="http://www.nytimes.com/namespaces/keywords/nyt_geo">Central America</category>
      <category domain="http://www.nytimes.com/namespaces/keywords/nyt_geo">Panama</category>
      <category domain="http://www.nytimes.com/namespaces/keywords/des">International Relations</category>
      <category domain="http://www.nytimes.com/namespaces/keywords/des">Immigration Detention</category>
      <category domain="http://www.nytimes.com/namespaces/keywords/des">Human Rights and Human Rights Violations</category>
      <media:content height="1801" medium="image" url="https://static01.nyt.com/images/2025/03/01/multimedia/01panama-lawsuit-01-hgzq/01panama-lawsuit-01-hgzq-mediumSquareAt3X.jpg" width="1800"></media:content>
      <media:credit>Federico Rios for The New York Times</media:credit>
      <media:description>Artemis Ghasemzadeh, a Christian Iranian migrant deported from the United States to Panama, at her hotel window in Panama City with other Iranian Christian converts deported.</media:description>
    </item>
    <item>
      <title>Gazans Mark a Somber Ramadan Amid the Rubble</title>
      <link>https://www.nytimes.com/2025/03/01/world/middleeast/ramadan-gaza-war.html</link>
      <guid isPermaLink="true">https://www.nytimes.com/2025/03/01/world/middleeast/ramadan-gaza-war.html</guid>
      <atom:link href="https://www.nytimes.com/2025/03/01/world/middleeast/ramadan-gaza-war.html" rel="standout"></atom:link>
      <description>“This Ramadan is nothing like the ones before,” said one resident as the holy fasting month for Muslims began. “The war has drained it of meaning.”</description>
      <dc:creator>Bilal Shbair, Abu Bakr Bashir and Aaron Boxerman</dc:creator>
      <pubDate>Sat, 01 Mar 2025 23:25:37 +0000</pubDate>
      <category domain="http://www.nytimes.com/namespaces/keywords/des">Israel-Gaza War (2023- )</category>
      <category domain="http://www.nytimes.com/namespaces/keywords/des">Ramadan</category>
      <category domain="http://www.nytimes.com/namespaces/keywords/des">Palestinians</category>
      <category domain="http://www.nytimes.com/namespaces/keywords/des">Muslims and Islam</category>
      <category domain="http://www.nytimes.com/namespaces/keywords/nyt_org">Hamas</category>
      <category domain="http://www.nytimes.com/namespaces/keywords/nyt_geo">Gaza Strip</category>
      <category domain="http://www.nytimes.com/namespaces/keywords/nyt_geo">Israel</category>
      <media:content height="1800" medium="image" url="https://static01.nyt.com/images/2025/03/01/multimedia/01gaza-ramadan-mvcl/01gaza-ramadan-mvcl-mediumSquareAt3X.jpg" width="1800"></media:content>
      <media:credit>Saher Alghorra for The New York Times</media:credit>
      <media:description>Decorations in Khan Younis, Gaza, on Friday, in preparation for Ramadan.</media:description>
    </item>
    <item>
      <title>A New Age of Iranian Cinema Is on Display at the Oscars</title>
      <link>https://www.nytimes.com/2025/03/01/world/middleeast/iran-oscars-new-era.html</link>
      <guid isPermaLink="true">https://www.nytimes.com/2025/03/01/world/middleeast/iran-oscars-new-era.html</guid>
      <atom:link href="https://www.nytimes.com/2025/03/01/world/middleeast/iran-oscars-new-era.html" rel="standout"></atom:link>
      <description>“The Seed of the Sacred Fig,” an Oscar-nominated movie filmed in secret in Iran, highlights the Iranian film world’s groundbreaking new work, inspired by the women-led protests in 2022.</description>
      <dc:creator>Farnaz Fassihi</dc:creator>
      <pubDate>Sun, 02 Mar 2025 16:28:52 +0000</pubDate>
      <category domain="http://www.nytimes.com/namespaces/keywords/des">Movies</category>
      <category domain="http://www.nytimes.com/namespaces/keywords/des">Academy Awards (Oscars)</category>
      <category domain="http://www.nytimes.com/namespaces/keywords/des">Muslim Veiling</category>
      <category domain="http://www.nytimes.com/namespaces/keywords/des">Women&#39;s Rights</category>
      <category domain="http://www.nytimes.com/namespaces/keywords/des">Freedom of Speech and Expression</category>
      <category domain="http://www.nytimes.com/namespaces/keywords/des">Censorship</category>
      <category domain="http://www.nytimes.com/namespaces/keywords/nyt_per">Rasoulof, Mohammad</category>
      <category domain="http://www.nytimes.com/namespaces/keywords/nyt_geo">Iran</category>
      <category domain="http://www.nytimes.com/namespaces/keywords/des">Demonstrations, Protests and Riots</category>
      <media:content height="1800" medium="image" url="https://static01.nyt.com/images/2025/03/01/multimedia/01iran-oscar-qhtg/01iran-oscar-qhtg-mediumSquareAt3X.jpg" width="1800"></media:content>
      <media:credit>Arash Khamooshi for The New York Times</media:credit>
      <media:description>Maryam Moghadam and Behtash Sanaeeha, directors of the movie “My Favorite Cake” in a cafe in Tehran. They are being tried on charges of disobeying censorship laws.</media:description>
    </item>
    <item>
      <title>Kurdish Insurgent Group Declares Cease-Fire in Conflict With Turkey</title>
      <link>https://www.nytimes.com/2025/03/01/world/middleeast/pkk-kurdish-cease-fire-turkey.html</link>
      <guid isPermaLink="true">https://www.nytimes.com/2025/03/01/world/middleeast/pkk-kurdish-cease-fire-turkey.html</guid>
      <atom:link href="https://www.nytimes.com/2025/03/01/world/middleeast/pkk-kurdish-cease-fire-turkey.html" rel="standout"></atom:link>
      <description>The group, the P.K.K., made its declaration days after its long-imprisoned leader urged the movement to disarm and disband, but there are still many questions about the prospects for ending 40 years of deadly conflict.</description>
      <dc:creator>Safak Timur and Carlotta Gall</dc:creator>
      <pubDate>Sun, 02 Mar 2025 16:39:42 +0000</pubDate>
      <category domain="http://www.nytimes.com/namespaces/keywords/des">Secession and Independence Movements</category>
      <category domain="http://www.nytimes.com/namespaces/keywords/des">War and Armed Conflicts</category>
      <category domain="http://www.nytimes.com/namespaces/keywords/des">Kurds</category>
      <category domain="http://www.nytimes.com/namespaces/keywords/des">Peace Process</category>
      <category domain="http://www.nytimes.com/namespaces/keywords/des">Politics and Government</category>
      <category domain="http://www.nytimes.com/namespaces/keywords/nyt_org">Kurdistan Workers&#39; Party</category>
      <category domain="http://www.nytimes.com/namespaces/keywords/nyt_per">Ocalan, Abdullah</category>
      <category domain="http://www.nytimes.com/namespaces/keywords/nyt_per">Erdogan, Recep Tayyip</category>
      <category domain="http://www.nytimes.com/namespaces/keywords/nyt_geo">Kurdistan</category>
      <category domain="http://www.nytimes.com/namespaces/keywords/nyt_geo">Syria</category>
      <category domain="http://www.nytimes.com/namespaces/keywords/nyt_geo">Turkey</category>
      <media:content height="1800" medium="image" url="https://static01.nyt.com/images/2025/03/01/multimedia/01pkk-ceasefire-zghw/01pkk-ceasefire-zghw-mediumSquareAt3X.jpg" width="1800"></media:content>
      <media:credit>Orhan Qereman/Reuters</media:credit>
      <media:description>Syrian Kurds gathered on Thursday after Turkey’s jailed Kurdish militant leader, Abdullah Ocalan, called on his group, the P.K.K., to lay down its arms.</media:description>
    </item>
    <item>
      <title>Turkey-PKK Deal May Benefit Erdogan at Home and Abroad</title>
      <link>https://www.nytimes.com/2025/02/28/world/middleeast/turkey-pkk-peace-deal-ocalan-erdogan.html</link>
      <guid isPermaLink="true">https://www.nytimes.com/2025/02/28/world/middleeast/turkey-pkk-peace-deal-ocalan-erdogan.html</guid>
      <atom:link href="https://www.nytimes.com/2025/02/28/world/middleeast/turkey-pkk-peace-deal-ocalan-erdogan.html" rel="standout"></atom:link>
      <description>The gambit could give the Turkish president a chance to extend his power, while also calming a conflict that threatens to undermine the new Syrian government.</description>
      <dc:creator>Carlotta Gall</dc:creator>
      <pubDate>Fri, 28 Feb 2025 17:23:28 +0000</pubDate>
      <category domain="http://www.nytimes.com/namespaces/keywords/des">Kurds</category>
      <category domain="http://www.nytimes.com/namespaces/keywords/nyt_org">Kurdistan Workers&#39; Party</category>
      <category domain="http://www.nytimes.com/namespaces/keywords/nyt_per">Erdogan, Recep Tayyip</category>
      <category domain="http://www.nytimes.com/namespaces/keywords/nyt_per">Ocalan, Abdullah</category>
      <category domain="http://www.nytimes.com/namespaces/keywords/nyt_geo">Ankara (Turkey)</category>
      <category domain="http://www.nytimes.com/namespaces/keywords/des">International Relations</category>
      <media:content height="1800" medium="image" url="https://static01.nyt.com/images/2025/02/28/multimedia/28turkey-erdogan-01-zwvg/28turkey-erdogan-01-zwvg-mediumSquareAt3X.jpg" width="1800"></media:content>
      <media:credit>Cagla Gurdogan/Reuters</media:credit>
      <media:description>President Recep Tayyip Erdogan of Turkey in Ankara, the country’s capital, on Sunday.</media:description>
    </item>
    <item>
      <title>As Phase One of the Israel-Gaza Truce Winds Down, What’s Next?</title>
      <link>https://www.nytimes.com/2025/02/28/world/middleeast/gaza-truce-philadelphi-corridor.html</link>
      <guid isPermaLink="true">https://www.nytimes.com/2025/02/28/world/middleeast/gaza-truce-philadelphi-corridor.html</guid>
      <atom:link href="https://www.nytimes.com/2025/02/28/world/middleeast/gaza-truce-philadelphi-corridor.html" rel="standout"></atom:link>
      <description>Israeli forces are supposed to begin withdrawing from the Philadelphi Corridor, a sensitive border zone between Gaza and Egypt, this weekend.</description>
      <dc:creator>Aaron Boxerman</dc:creator>
      <pubDate>Fri, 28 Feb 2025 20:57:17 +0000</pubDate>
      <category domain="http://www.nytimes.com/namespaces/keywords/nyt_geo">Gaza Strip</category>
      <category domain="http://www.nytimes.com/namespaces/keywords/nyt_geo">Egypt</category>
      <category domain="http://www.nytimes.com/namespaces/keywords/nyt_geo">Israel</category>
      <category domain="http://www.nytimes.com/namespaces/keywords/nyt_org">Hamas</category>
      <category domain="http://www.nytimes.com/namespaces/keywords/des">Israel-Gaza War (2023- )</category>
      <category domain="http://www.nytimes.com/namespaces/keywords/des">Peace Process</category>
      <category domain="http://www.nytimes.com/namespaces/keywords/des">International Relations</category>
      <media:content height="1800" medium="image" url="https://static01.nyt.com/images/2025/02/28/multimedia/28Mideast-Ceasefire-bwql/28Mideast-Ceasefire-bwql-mediumSquareAt3X.jpg" width="1800"></media:content>
      <media:credit>Haitham Imad/EPA, via Shutterstock</media:credit>
      <media:description>The Philadelphi Corridor, in January.</media:description>
    </item>
    <item>
      <title>West Bank Operation Tests Palestinian Leaders’ Ability to Root Out Militants</title>
      <link>https://www.nytimes.com/2025/02/28/world/middleeast/west-bank-jenin-palestinian-authority-israel.html</link>
      <guid isPermaLink="true">https://www.nytimes.com/2025/02/28/world/middleeast/west-bank-jenin-palestinian-authority-israel.html</guid>
      <atom:link href="https://www.nytimes.com/2025/02/28/world/middleeast/west-bank-jenin-palestinian-authority-israel.html" rel="standout"></atom:link>
      <description>The Palestinian Authority wants to prove it can handle security in Gaza, even if it means working in parallel with a destructive Israeli campaign that has displaced tens of thousands.</description>
      <dc:creator>Adam Rasgon and Fatima AbdulKarim</dc:creator>
      <pubDate>Fri, 28 Feb 2025 10:32:41 +0000</pubDate>
      <category domain="http://www.nytimes.com/namespaces/keywords/nyt_org">Palestinian Authority</category>
      <category domain="http://www.nytimes.com/namespaces/keywords/nyt_geo">Jenin (West Bank)</category>
      <category domain="http://www.nytimes.com/namespaces/keywords/des">Palestinians</category>
      <category domain="http://www.nytimes.com/namespaces/keywords/nyt_geo">Israel</category>
      <category domain="http://www.nytimes.com/namespaces/keywords/nyt_org">Hamas</category>
      <category domain="http://www.nytimes.com/namespaces/keywords/nyt_org">Palestinian Islamic Jihad</category>
      <category domain="http://www.nytimes.com/namespaces/keywords/des">Israel-Gaza War (2023- )</category>
      <media:content height="1800" medium="image" url="https://static01.nyt.com/images/2025/02/06/multimedia/00jenin-01-gkcf/00jenin-01-gkcf-mediumSquareAt3X.jpg" width="1800"></media:content>
      <media:credit>Jaafar Ashtiyeh/Agence France-Presse — Getty Images</media:credit>
      <media:description>Security forces from the Palestinian Authority deploying in the Jenin camp neighborhood of the West Bank in January. </media:description>
    </item>
    <item>
      <title>Who Is the P.K.K. Leader Abdullah Ocalan?</title>
      <link>https://www.nytimes.com/2025/02/28/world/middleeast/pkk-leader-abdullah-ocalan.html</link>
      <guid isPermaLink="true">https://www.nytimes.com/2025/02/28/world/middleeast/pkk-leader-abdullah-ocalan.html</guid>
      <atom:link href="https://www.nytimes.com/2025/02/28/world/middleeast/pkk-leader-abdullah-ocalan.html" rel="standout"></atom:link>
      <description>The founder of the P.K.K., a guerrilla organization that has been fighting an insurgency against Turkey for decades, has called for his group to disarm and disband.</description>
      <dc:creator>Ben Hubbard</dc:creator>
      <pubDate>Sat, 01 Mar 2025 02:16:42 +0000</pubDate>
      <category domain="http://www.nytimes.com/namespaces/keywords/des">Secession and Independence Movements</category>
      <category domain="http://www.nytimes.com/namespaces/keywords/des">Terrorism</category>
      <category domain="http://www.nytimes.com/namespaces/keywords/des">Politics and Government</category>
      <category domain="http://www.nytimes.com/namespaces/keywords/des">War and Armed Conflicts</category>
      <category domain="http://www.nytimes.com/namespaces/keywords/des">Political Prisoners</category>
      <category domain="http://www.nytimes.com/namespaces/keywords/nyt_org">Kurdistan Workers&#39; Party</category>
      <category domain="http://www.nytimes.com/namespaces/keywords/nyt_per">Ocalan, Abdullah</category>
      <category domain="http://www.nytimes.com/namespaces/keywords/nyt_per">Erdogan, Recep Tayyip</category>
      <category domain="http://www.nytimes.com/namespaces/keywords/nyt_geo">Turkey</category>
      <media:content height="1800" medium="image" url="https://static01.nyt.com/images/2025/02/26/multimedia/00ocalan-explainer-mjtw/00ocalan-explainer-mjtw-mediumSquareAt3X.jpg" width="1800"></media:content>
      <media:credit>Diego Ibarra Sanchez for The New York Times</media:credit>
      <media:description>A poster of Abdullah Ocalan, the imprisoned leader of the P.K.K., in Qamishli, Syria, in 2022.</media:description>
    </item>
    <item>
      <title>As Ramadan Nears, Syrians Feel the Pinch of a Cash Shortage</title>
      <link>https://www.nytimes.com/2025/02/28/world/middleeast/syria-ramadan-economy-cash-shortage.html</link>
      <guid isPermaLink="true">https://www.nytimes.com/2025/02/28/world/middleeast/syria-ramadan-economy-cash-shortage.html</guid>
      <atom:link href="https://www.nytimes.com/2025/02/28/world/middleeast/syria-ramadan-economy-cash-shortage.html" rel="standout"></atom:link>
      <description>The Assad dictatorship is out, but Syria’s economy is in chaos after a civil war and recent policy shifts. The situation is putting a damper on a typically festive season.</description>
      <dc:creator>Raja Abdulrahim and Kiana Hayeri</dc:creator>
      <pubDate>Fri, 28 Feb 2025 10:03:52 +0000</pubDate>
      <category domain="http://www.nytimes.com/namespaces/keywords/des">Ramadan</category>
      <category domain="http://www.nytimes.com/namespaces/keywords/nyt_geo">Syria</category>
      <category domain="http://www.nytimes.com/namespaces/keywords/des">Prices (Fares, Fees and Rates)</category>
      <category domain="http://www.nytimes.com/namespaces/keywords/des">Economic Conditions and Trends</category>
      <category domain="http://www.nytimes.com/namespaces/keywords/des">Banking and Financial Institutions</category>
      <category domain="http://www.nytimes.com/namespaces/keywords/des">Currency</category>
      <media:content height="1800" medium="image" url="https://static01.nyt.com/images/2025/03/27/multimedia/27syria-ramadan-01-lhpc-promo/27syria-ramadan-01-lhpc-mediumSquareAt3X.jpg" width="1800"></media:content>
      <media:credit>Kiana Hayeri for The New York Times</media:credit>
    </item>
    <item>
      <title>How Einav Zangauker Became Netanyahu’s Fiercest Foe</title>
      <link>https://www.nytimes.com/2025/02/28/magazine/einav-zangauker-hamas-hostages-netanyahu.html</link>
      <guid isPermaLink="true">https://www.nytimes.com/2025/02/28/magazine/einav-zangauker-hamas-hostages-netanyahu.html</guid>
      <atom:link href="https://www.nytimes.com/2025/02/28/magazine/einav-zangauker-hamas-hostages-netanyahu.html" rel="standout"></atom:link>
      <description>Einav Zangauker, whose son is captive in Gaza, has made herself an unlikely enemy of the Israeli government.</description>
      <dc:creator>Ruth Margalit</dc:creator>
      <pubDate>Mon, 03 Mar 2025 19:59:30 +0000</pubDate>
      <category domain="http://www.nytimes.com/namespaces/keywords/nyt_per">Zangauker, Einav</category>
      <category domain="http://www.nytimes.com/namespaces/keywords/des">Israel-Gaza War (2023- )</category>
      <category domain="http://www.nytimes.com/namespaces/keywords/nyt_org">Hamas</category>
      <category domain="http://www.nytimes.com/namespaces/keywords/des">Kidnapping and Hostages</category>
      <category domain="http://www.nytimes.com/namespaces/keywords/des">Terrorism</category>
      <category domain="http://www.nytimes.com/namespaces/keywords/nyt_per">Ben-Gvir, Itamar</category>
      <category domain="http://www.nytimes.com/namespaces/keywords/nyt_per">Netanyahu, Benjamin</category>
      <category domain="http://www.nytimes.com/namespaces/keywords/nyt_per">Smotrich, Bezalel (1980- )</category>
      <category domain="http://www.nytimes.com/namespaces/keywords/nyt_geo">Israel</category>
      <category domain="http://www.nytimes.com/namespaces/keywords/nyt_geo">Gaza Strip</category>
      <category domain="http://www.nytimes.com/namespaces/keywords/des">Content Type: Personal Profile</category>
      <media:content height="1800" medium="image" url="https://static01.nyt.com/images/2025/03/09/magazine/09mag-einav-michal/09mag-einav-michal-mediumSquareAt3X.jpg" width="1800"></media:content>
      <media:credit>Michal Chelbin for The New York Times</media:credit>
      <media:description>Einav Zangauker in Tel Aviv.</media:description>
    </item>
    <item>
      <title>Israel’s Military Lays Out Its Oct. 7 Hamas Attack Failures</title>
      <link>https://www.nytimes.com/2025/02/27/world/middleeast/israel-military-hamas-oct-7.html</link>
      <guid isPermaLink="true">https://www.nytimes.com/2025/02/27/world/middleeast/israel-military-hamas-oct-7.html</guid>
      <atom:link href="https://www.nytimes.com/2025/02/27/world/middleeast/israel-military-hamas-oct-7.html" rel="standout"></atom:link>
      <description>The highly anticipated public findings, the first from its internal inquiries into the devastating Hamas-led attack, do not apportion individual responsibility, though officials said that may come later.</description>
      <dc:creator>Isabel Kershner</dc:creator>
      <pubDate>Thu, 27 Feb 2025 20:12:43 +0000</pubDate>
      <category domain="http://www.nytimes.com/namespaces/keywords/des">Israel-Gaza War (2023- )</category>
      <category domain="http://www.nytimes.com/namespaces/keywords/nyt_org">Hamas</category>
      <category domain="http://www.nytimes.com/namespaces/keywords/nyt_geo">Israel</category>
      <category domain="http://www.nytimes.com/namespaces/keywords/des">Terrorism</category>
      <category domain="http://www.nytimes.com/namespaces/keywords/nyt_geo">Gaza Strip</category>
      <category domain="http://www.nytimes.com/namespaces/keywords/des">Defense and Military Forces</category>
      <category domain="http://www.nytimes.com/namespaces/keywords/nyt_per">Halevi, Herzl</category>
      <media:content height="1800" medium="image" url="https://static01.nyt.com/images/2025/02/27/multimedia/27-israel-idf-inquiries-01-pljw/27-israel-idf-inquiries-01-pljw-mediumSquareAt3X.jpg" width="1800"></media:content>
      <media:credit>Tamir Kalifa for The New York Times</media:credit>
      <media:description>Israeli soldiers on patrol in Sderot, Israel, the day after the Hamas attack in 2023.</media:description>
    </item>
    <item>
      <title>What to Know About Abdullah Ocalan and the Turkey-P.K.K. Conflict</title>
      <link>https://www.nytimes.com/2025/02/27/world/middleeast/turkey-kurds-pkk.html</link>
      <guid isPermaLink="true">https://www.nytimes.com/2025/02/27/world/middleeast/turkey-kurds-pkk.html</guid>
      <atom:link href="https://www.nytimes.com/2025/02/27/world/middleeast/turkey-kurds-pkk.html" rel="standout"></atom:link>
      <description>After decades of fighting an insurgency, the Kurdish group declared a cease-fire. Two days earlier, the P.K.K.’s imprisoned leader called on his fighters to lay down their arms.</description>
      <dc:creator>Ben Hubbard</dc:creator>
      <pubDate>Sat, 01 Mar 2025 12:17:45 +0000</pubDate>
      <category domain="http://www.nytimes.com/namespaces/keywords/nyt_geo">Turkey</category>
      <category domain="http://www.nytimes.com/namespaces/keywords/nyt_org">Kurdistan Workers&#39; Party</category>
      <category domain="http://www.nytimes.com/namespaces/keywords/des">Kurds</category>
      <category domain="http://www.nytimes.com/namespaces/keywords/des">Secession and Independence Movements</category>
      <category domain="http://www.nytimes.com/namespaces/keywords/des">War and Armed Conflicts</category>
      <media:content height="1800" medium="image" url="https://static01.nyt.com/images/2025/02/26/multimedia/00wwk-turkey-pkk-01-kcqw/00wwk-turkey-pkk-01-kcqw-mediumSquareAt3X.jpg" width="1800"></media:content>
      <media:credit>Delil Souleiman/Agence France-Presse — Getty Images</media:credit>
      <media:description>Protesters in Syria calling for Turkey to release Abdullah Ocalan, the imprisoned Kurdistan Worker’s Party leader.</media:description>
    </item>
    <item>
      <title>Ocalan Says PKK Fighters Should Disarm</title>
      <link>https://www.nytimes.com/2025/02/27/world/middleeast/turkey-pkk-abdullah-ocalan.html</link>
      <guid isPermaLink="true">https://www.nytimes.com/2025/02/27/world/middleeast/turkey-pkk-abdullah-ocalan.html</guid>
      <atom:link href="https://www.nytimes.com/2025/02/27/world/middleeast/turkey-pkk-abdullah-ocalan.html" rel="standout"></atom:link>
      <description>Abdullah Ocalan, the leader of the Kurdish insurgent group P.K.K., called on his fighters to lay down their arms after decades of battling the Turkish state.</description>
      <dc:creator>Safak Timur and Ben Hubbard</dc:creator>
      <pubDate>Thu, 27 Feb 2025 19:58:00 +0000</pubDate>
      <category domain="http://www.nytimes.com/namespaces/keywords/nyt_org">Kurdistan Workers&#39; Party</category>
      <category domain="http://www.nytimes.com/namespaces/keywords/nyt_geo">Turkey</category>
      <category domain="http://www.nytimes.com/namespaces/keywords/des">Kurds</category>
      <category domain="http://www.nytimes.com/namespaces/keywords/des">Secession and Independence Movements</category>
      <category domain="http://www.nytimes.com/namespaces/keywords/nyt_per">Ocalan, Abdullah</category>
      <category domain="http://www.nytimes.com/namespaces/keywords/nyt_geo">Syria</category>
      <media:content height="1801" medium="image" url="https://static01.nyt.com/images/2025/02/27/multimedia/27turkey-kurds-02-htvk/27turkey-kurds-02-htvk-mediumSquareAt3X.jpg" width="1800"></media:content>
      <media:credit>Murad Sezar/Reuters</media:credit>
      <media:description>A supporter holding a flag with a picture of Mr. Ocalan at a spring celebration in Istanbul in 2018.</media:description>
    </item>
    <item>
      <title>Anxiety in Gaza and Israel as Cease-Fire Nears End of First Phase</title>
      <link>https://www.nytimes.com/2025/02/27/world/middleeast/gaza-israel-cease-fire-first-phase.html</link>
      <guid isPermaLink="true">https://www.nytimes.com/2025/02/27/world/middleeast/gaza-israel-cease-fire-first-phase.html</guid>
      <atom:link href="https://www.nytimes.com/2025/02/27/world/middleeast/gaza-israel-cease-fire-first-phase.html" rel="standout"></atom:link>
      <description>A series of hostage-for-prisoner swaps agreed under the first phase of the cease-fire is complete, and no one knows how long the uneasy calm will last.</description>
      <dc:creator>Aaron Boxerman</dc:creator>
      <pubDate>Thu, 27 Feb 2025 23:41:09 +0000</pubDate>
      <category domain="http://www.nytimes.com/namespaces/keywords/des">Israel-Gaza War (2023- )</category>
      <category domain="http://www.nytimes.com/namespaces/keywords/des">Kidnapping and Hostages</category>
      <category domain="http://www.nytimes.com/namespaces/keywords/des">Politics and Government</category>
      <category domain="http://www.nytimes.com/namespaces/keywords/des">Palestinians</category>
      <category domain="http://www.nytimes.com/namespaces/keywords/nyt_org">Hamas</category>
      <category domain="http://www.nytimes.com/namespaces/keywords/nyt_geo">Gaza Strip</category>
      <category domain="http://www.nytimes.com/namespaces/keywords/nyt_geo">Israel</category>
      <category domain="http://www.nytimes.com/namespaces/keywords/nyt_geo">Middle East</category>
      <media:content height="1800" medium="image" url="https://static01.nyt.com/images/2025/02/27/multimedia/27mideast-ceasefire-01-qfmt/27mideast-ceasefire-01-qfmt-mediumSquareAt3X.jpg" width="1800"></media:content>
      <media:credit>Saher Alghorra for The New York Times</media:credit>
      <media:description>The Jabaliya area of northern Gaza was devastated during the war.</media:description>
    </item>
    <item>
      <title>Al-Assad Becomes a Punchline in Syria’s Comedy Scene</title>
      <link>https://www.nytimes.com/2025/02/27/world/middleeast/syria-comedy-assad-new-government.html</link>
      <guid isPermaLink="true">https://www.nytimes.com/2025/02/27/world/middleeast/syria-comedy-assad-new-government.html</guid>
      <atom:link href="https://www.nytimes.com/2025/02/27/world/middleeast/syria-comedy-assad-new-government.html" rel="standout"></atom:link>
      <description>Comics had already been trying to foster stand-up in Syria before Bashar al-Assad’s fall. Now, they are telling jokes in a liberated country, while warily eyeing the new government.</description>
      <dc:creator>Raja Abdulrahim</dc:creator>
      <pubDate>Thu, 27 Feb 2025 10:18:47 +0000</pubDate>
      <category domain="http://www.nytimes.com/namespaces/keywords/des">Comedy and Humor</category>
      <category domain="http://www.nytimes.com/namespaces/keywords/des">War and Armed Conflicts</category>
      <category domain="http://www.nytimes.com/namespaces/keywords/des">Politics and Government</category>
      <category domain="http://www.nytimes.com/namespaces/keywords/des">Freedom of Speech and Expression</category>
      <category domain="http://www.nytimes.com/namespaces/keywords/nyt_org">Hayat Tahrir al-Sham</category>
      <category domain="http://www.nytimes.com/namespaces/keywords/nyt_per">Assad, Bashar al-</category>
      <category domain="http://www.nytimes.com/namespaces/keywords/nyt_per">al-Shara, Ahmed (Abu Mohammad al-Jolani) (1982- )</category>
      <category domain="http://www.nytimes.com/namespaces/keywords/nyt_geo">Syria</category>
      <category domain="http://www.nytimes.com/namespaces/keywords/nyt_per">Sharief al-Homsi</category>
      <category domain="http://www.nytimes.com/namespaces/keywords/nyt_per">Mary Obaid,</category>
      <category domain="http://www.nytimes.com/namespaces/keywords/nyt_org">Styria</category>
      <media:content height="1800" medium="image" url="https://static01.nyt.com/images/2025/02/10/multimedia/00syria-comedy-01-tpch/00syria-comedy-01-tpch-mediumSquareAt3X.jpg" width="1800"></media:content>
      <media:credit>Laura Boushnak for The New York Times</media:credit>
      <media:description>Sharief al-Homsi, at a show in an art gallery in Damascus in December, shivered to suggest withdrawal from the Assad government. </media:description>
    </item>
    <item>
      <title>How Yehonatan Indursky Fled His Ultra-Orthodox Life — and Returned</title>
      <link>https://www.nytimes.com/2025/02/27/magazine/yehonatan-indursky-shtisel-kugel-orthodox.html</link>
      <guid isPermaLink="true">https://www.nytimes.com/2025/02/27/magazine/yehonatan-indursky-shtisel-kugel-orthodox.html</guid>
      <atom:link href="https://www.nytimes.com/2025/02/27/magazine/yehonatan-indursky-shtisel-kugel-orthodox.html" rel="standout"></atom:link>
      <description>Despite the strictures of his faith, Yehonatan Indursky continues to make TV.</description>
      <dc:creator>Daniel Bergner</dc:creator>
      <pubDate>Thu, 27 Feb 2025 17:20:04 +0000</pubDate>
      <category domain="http://www.nytimes.com/namespaces/keywords/des">Hasidism</category>
      <category domain="http://www.nytimes.com/namespaces/keywords/des">Orthodox Judaism</category>
      <category domain="http://www.nytimes.com/namespaces/keywords/des">Television</category>
      <category domain="http://www.nytimes.com/namespaces/keywords/nyt_geo">Israel</category>
      <category domain="http://www.nytimes.com/namespaces/keywords/nyt_ttl">Shtisel (TV Program)</category>
      <category domain="http://www.nytimes.com/namespaces/keywords/nyt_per">Indursky, Yehonatan</category>
      <media:content height="1638" medium="image" url="https://static01.nyt.com/images/2025/03/02/magazine/02mag-Indursky-02/02mag-Indursky-02-mediumSquareAt3X.jpg" width="1638"></media:content>
      <media:credit>Amit Elkayam for The New York Times</media:credit>
      <media:description>The Israeli screenwriter Yehonatan Indursky at a restaurant in Bnei Brak. </media:description>
    </item>
    <item>
      <title>Who Are the Deceased Hostages Hamas Said It Handed Over to Israel?</title>
      <link>https://www.nytimes.com/2025/02/26/world/middleeast/who-are-the-israeli-hostages-hamas.html</link>
      <guid isPermaLink="true">https://www.nytimes.com/2025/02/26/world/middleeast/who-are-the-israeli-hostages-hamas.html</guid>
      <atom:link href="https://www.nytimes.com/2025/02/26/world/middleeast/who-are-the-israeli-hostages-hamas.html" rel="standout"></atom:link>
      <description>The release came after several days of negotiations following Israel’s refusal on Saturday to exchange some Palestinian prisoners it had pledged to free.</description>
      <dc:creator>Ephrat Livni and Natan Odenheimer</dc:creator>
      <pubDate>Wed, 26 Feb 2025 23:07:31 +0000</pubDate>
      <category domain="http://www.nytimes.com/namespaces/keywords/des">Israel-Gaza War (2023- )</category>
      <category domain="http://www.nytimes.com/namespaces/keywords/des">Kidnapping and Hostages</category>
      <category domain="http://www.nytimes.com/namespaces/keywords/nyt_org">Hamas</category>
      <category domain="http://www.nytimes.com/namespaces/keywords/nyt_geo">Gaza Strip</category>
      <category domain="http://www.nytimes.com/namespaces/keywords/nyt_geo">Israel</category>
      <media:content height="1800" medium="image" url="https://static01.nyt.com/images/2025/02/26/multimedia/26hostage-bios-wqkh/26hostage-bios-wqkh-mediumSquareAt3X.jpg" width="1800"></media:content>
      <media:credit>Amir Levy/Getty Images</media:credit>
      <media:description>Israeli flags are arranged in the public plaza now known as Hostages Square, in Tel Aviv.</media:description>
    </item>
    <item>
      <title>How Trump and Biden Pursued Critical Minerals in Ukraine, Greenland and Other Countries</title>
      <link>https://www.nytimes.com/2025/02/26/us/politics/trump-biden-minerals-ukraine.html</link>
      <guid isPermaLink="true">https://www.nytimes.com/2025/02/26/us/politics/trump-biden-minerals-ukraine.html</guid>
      <atom:link href="https://www.nytimes.com/2025/02/26/us/politics/trump-biden-minerals-ukraine.html" rel="standout"></atom:link>
      <description>China dominates in critical minerals, and President Trump has turned to high-pressure tactics to acquire them.</description>
      <dc:creator>Edward Wong</dc:creator>
      <pubDate>Wed, 26 Feb 2025 23:49:39 +0000</pubDate>
      <category domain="http://www.nytimes.com/namespaces/keywords/des">United States Politics and Government</category>
      <category domain="http://www.nytimes.com/namespaces/keywords/des">United States International Relations</category>
      <category domain="http://www.nytimes.com/namespaces/keywords/des">Metals and Minerals</category>
      <category domain="http://www.nytimes.com/namespaces/keywords/des">Foreign Aid</category>
      <category domain="http://www.nytimes.com/namespaces/keywords/des">Russian Invasion of Ukraine (2022)</category>
      <category domain="http://www.nytimes.com/namespaces/keywords/des">Supply Chain</category>
      <category domain="http://www.nytimes.com/namespaces/keywords/des">Rare Earths</category>
      <category domain="http://www.nytimes.com/namespaces/keywords/nyt_per">Biden, Joseph R Jr</category>
      <category domain="http://www.nytimes.com/namespaces/keywords/nyt_per">Zelensky, Volodymyr</category>
      <category domain="http://www.nytimes.com/namespaces/keywords/nyt_per">Trump, Donald J</category>
      <category domain="http://www.nytimes.com/namespaces/keywords/nyt_geo">Ukraine</category>
      <category domain="http://www.nytimes.com/namespaces/keywords/nyt_geo">Russia</category>
      <category domain="http://www.nytimes.com/namespaces/keywords/nyt_geo">Greenland</category>
      <category domain="http://www.nytimes.com/namespaces/keywords/nyt_geo">China</category>
      <media:content height="1798" medium="image" url="https://static01.nyt.com/images/2025/02/26/multimedia/DC-MINERALS-01-gzjh/DC-MINERALS-01-gzjh-mediumSquareAt3X.jpg" width="1800"></media:content>
      <media:credit>Qilai Shen for The New York Times</media:credit>
      <media:description>Floating barges on the brine ponds of the Chaerhan Salt Lake in Golmud, China, an area rich in lithium and other minerals, seen in 2021.</media:description>
    </item>
    <item>
      <title>Trump Shares AI Video of Gaza as Luxury Resort, Drawing Scorn</title>
      <link>https://www.nytimes.com/2025/02/26/world/middleeast/trump-gaza-ai-video.html</link>
      <guid isPermaLink="true">https://www.nytimes.com/2025/02/26/world/middleeast/trump-gaza-ai-video.html</guid>
      <atom:link href="https://www.nytimes.com/2025/02/26/world/middleeast/trump-gaza-ai-video.html" rel="standout"></atom:link>
      <description>One scene from the video, whose origins are unclear, shows President Trump and Prime Minister Benjamin Netanyahu sitting shirtless at a pool with drinks. Hamas condemned it as “disgraceful.”</description>
      <dc:creator>Natan Odenheimer and Alan Yuhas</dc:creator>
      <pubDate>Thu, 27 Feb 2025 01:18:44 +0000</pubDate>
      <category domain="http://www.nytimes.com/namespaces/keywords/nyt_per">Trump, Donald J</category>
      <category domain="http://www.nytimes.com/namespaces/keywords/des">Artificial Intelligence</category>
      <category domain="http://www.nytimes.com/namespaces/keywords/nyt_geo">Gaza Strip</category>
      <category domain="http://www.nytimes.com/namespaces/keywords/des">Israel-Gaza War (2023- )</category>
      <category domain="http://www.nytimes.com/namespaces/keywords/des">Video Recordings, Downloads and Streaming</category>
      <category domain="http://www.nytimes.com/namespaces/keywords/nyt_per">Musk, Elon</category>
      <category domain="http://www.nytimes.com/namespaces/keywords/nyt_per">Netanyahu, Benjamin</category>
      <category domain="http://www.nytimes.com/namespaces/keywords/nyt_org">Hamas</category>
      <category domain="http://www.nytimes.com/namespaces/keywords/nyt_org">Rumble Inc</category>
      <category domain="http://www.nytimes.com/namespaces/keywords/nyt_geo">Israel</category>
      <media:content height="1800" medium="image" url="https://static01.nyt.com/images/2025/02/26/multimedia/26trump-ai-tgpw/26trump-ai-tgpw-mediumSquareAt3X.jpg" width="1800"></media:content>
      <media:credit>Doug Mills/The New York Times</media:credit>
    </item>
    <item>
      <title>At Funeral for Shiri Bibas and Children, an Israeli Outpouring of Grief</title>
      <link>https://www.nytimes.com/2025/02/26/world/middleeast/israel-bibas-funeral.html</link>
      <guid isPermaLink="true">https://www.nytimes.com/2025/02/26/world/middleeast/israel-bibas-funeral.html</guid>
      <atom:link href="https://www.nytimes.com/2025/02/26/world/middleeast/israel-bibas-funeral.html" rel="standout"></atom:link>
      <description>Thousands of Israelis lined the streets to mourn the Bibases, who were taken hostage in the Hamas-led attack on Oct. 7, 2023, and had become a symbol of the country’s trauma.</description>
      <dc:creator>Isabel Kershner</dc:creator>
      <pubDate>Wed, 26 Feb 2025 21:54:43 +0000</pubDate>
      <category domain="http://www.nytimes.com/namespaces/keywords/des">Israel-Gaza War (2023- )</category>
      <category domain="http://www.nytimes.com/namespaces/keywords/des">Kidnapping and Hostages</category>
      <category domain="http://www.nytimes.com/namespaces/keywords/des">Funerals and Memorials</category>
      <category domain="http://www.nytimes.com/namespaces/keywords/nyt_per">Bibas, Shiri</category>
      <category domain="http://www.nytimes.com/namespaces/keywords/nyt_geo">Israel</category>
      <category domain="http://www.nytimes.com/namespaces/keywords/nyt_geo">Gaza Strip</category>
      <category domain="http://www.nytimes.com/namespaces/keywords/nyt_geo">Tel Aviv (Israel)</category>
      <category domain="http://www.nytimes.com/namespaces/keywords/nyt_org">Hamas</category>
      <media:content height="1800" medium="image" url="https://static01.nyt.com/images/2025/02/26/multimedia/26bibas-funeral-02-tflq/26bibas-funeral-02-tflq-mediumSquareAt3X.jpg" width="1800"></media:content>
      <media:credit>Ariel Schalit/Associated Press</media:credit>
      <media:description>Mourners gathered around the funeral convoy for Shiri Bibas and her children.</media:description>
    </item>
    <item>
      <title>Israel and Hamas Exchange Prisoners and Hostage Remains</title>
      <link>https://www.nytimes.com/2025/02/26/world/middleeast/hamas-israel-hostages-prisoner-release.html</link>
      <guid isPermaLink="true">https://www.nytimes.com/2025/02/26/world/middleeast/hamas-israel-hostages-prisoner-release.html</guid>
      <atom:link href="https://www.nytimes.com/2025/02/26/world/middleeast/hamas-israel-hostages-prisoner-release.html" rel="standout"></atom:link>
      <description>The militant group turned over four coffins it said contained the bodies of Israeli captives, and Israel began releasing Palestinian prisoners.</description>
      <dc:creator>Aaron Boxerman, Adam Rasgon, Natan Odenheimer and Ephrat Livni</dc:creator>
      <pubDate>Thu, 27 Feb 2025 23:38:19 +0000</pubDate>
      <category domain="http://www.nytimes.com/namespaces/keywords/des">Israel-Gaza War (2023- )</category>
      <category domain="http://www.nytimes.com/namespaces/keywords/des">Peace Process</category>
      <category domain="http://www.nytimes.com/namespaces/keywords/des">Kidnapping and Hostages</category>
      <category domain="http://www.nytimes.com/namespaces/keywords/des">Prisons and Prisoners</category>
      <category domain="http://www.nytimes.com/namespaces/keywords/nyt_org">Hamas</category>
      <category domain="http://www.nytimes.com/namespaces/keywords/nyt_geo">Israel</category>
      <category domain="http://www.nytimes.com/namespaces/keywords/nyt_geo">Gaza Strip</category>
      <media:content height="1800" medium="image" url="https://static01.nyt.com/images/2025/02/26/multimedia/26mideast-israel-01-vpgk/26mideast-israel-01-vpgk-mediumSquareAt3X.jpg" width="1800"></media:content>
      <media:credit>Ariel Schalit/Associated Press</media:credit>
      <media:description>A crowd gathered in Tel Aviv on Wednesday to watch a live broadcast of the funeral of Shiri Bibias and her children, hostages whose bodies were handed over last week. Some mourners wore orange in memory of the children, who were redheads.</media:description>
    </item>
    <item>
      <title>Talks on Syria’s Future Fall Short of Promises, Participants Say</title>
      <link>https://www.nytimes.com/2025/02/26/world/middleeast/syria-national-dialogue-conference.html</link>
      <guid isPermaLink="true">https://www.nytimes.com/2025/02/26/world/middleeast/syria-national-dialogue-conference.html</guid>
      <atom:link href="https://www.nytimes.com/2025/02/26/world/middleeast/syria-national-dialogue-conference.html" rel="standout"></atom:link>
      <description>The country’s new leaders had billed a two-day “national dialogue” in Damascus as the start of a process to build an inclusive government. But some who attended came away disappointed.</description>
      <dc:creator>Christina Goldbaum</dc:creator>
      <pubDate>Wed, 26 Feb 2025 10:25:07 +0000</pubDate>
      <category domain="http://www.nytimes.com/namespaces/keywords/des">Politics and Government</category>
      <category domain="http://www.nytimes.com/namespaces/keywords/des">War and Armed Conflicts</category>
      <category domain="http://www.nytimes.com/namespaces/keywords/des">Constitutions</category>
      <category domain="http://www.nytimes.com/namespaces/keywords/nyt_org">Hayat Tahrir al-Sham</category>
      <category domain="http://www.nytimes.com/namespaces/keywords/nyt_org">Syrian Army</category>
      <category domain="http://www.nytimes.com/namespaces/keywords/nyt_per">al-Shara, Ahmed (Abu Mohammad al-Jolani) (1982- )</category>
      <category domain="http://www.nytimes.com/namespaces/keywords/nyt_geo">Syria</category>
      <media:content height="1800" medium="image" url="https://static01.nyt.com/images/2025/02/26/multimedia/26syria-assess-01-ctkm/26syria-assess-01-ctkm-mediumSquareAt3X.jpg" width="1800"></media:content>
      <media:credit>Mohammed Al Rifai/EPA, via Shutterstock</media:credit>
      <media:description>Syria’s interim president, Ahmed al-Shara, speaking at the National Dialogue Conference in the capital, Damascus, on Tuesday.</media:description>
    </item>
  </channel>
</rss>