{
  "Introduction": {
    "Background": {
      "text": "<p>In 1816, the United Provinces of the Río de la Plata declared their independence from Spain. After Bolivia, Paraguay, and Uruguay went their separate ways, the area that remained became Argentina. European immigrants heavily shaped the country's population and culture, with Italy and Spain providing the largest percentage of newcomers from 1860 to 1930. Until about the mid-20th century, much of Argentina's history was dominated by periods of internal political unrest and conflict between civilian and military factions.</p> <p>After World War II, former President Juan Domingo PERÓN -- the founder of the Peronist political movement -- introduced an era of populism, serving three non-consecutive terms in office until his death in 1974. Direct and indirect military interference in government throughout the PERÓN years led to a military junta taking power in 1976. In 1982, the junta failed in its bid to seize the Falkland Islands (Islas Malvinas) by force from the United Kingdom. Democracy was reinstated in 1983 and has persisted despite numerous challenges, the most formidable of which was a severe economic crisis in 2001-02 that led to violent public protests and the successive resignations of several presidents. The years 2003-15 saw Peronist rule by Néstor KIRCHNER (2003-07) and his spouse Cristina FERNÁNDEZ DE KIRCHNER (2007-15), who oversaw several years of strong economic growth (2003-11) followed by a gradual deterioration in the government’s fiscal situation and eventual economic stagnation and isolation. Argentina underwent a brief period of economic reform and international reintegration under Mauricio MACRI (2015-19), but a recession in 2018-19 and frustration with MACRI’s economic policies ushered in a new Peronist government in 2019 led by President Alberto FERNÁNDEZ and Vice President Cristina FERNÁNDEZ DE KIRCHNER. Argentina's high public debts, its pandemic-related inflationary pressures, and systemic monetary woes served as the catalyst for the 2023 elections, culminating with President Javier MILEI's electoral success. Argentina has since eliminated half of its government agencies and is seeking shock therapy to amend taxation and monetary policies.</p>"
    }
  },
  "Geography": {
    "Location": {
      "text": "Southern South America, bordering the South Atlantic Ocean, between Chile and Uruguay"
    },
    "Geographic coordinates": {
      "text": "34 00 S, 64 00 W"
    },
    "Map references": {
      "text": "South America"
    },
    "Area": {
      "total ": {
        "text": "2,780,400 sq km"
      },
      "land": {
        "text": "2,736,690 sq km"
      },
      "water": {
        "text": "43,710 sq km"
      }
    },
    "Area - comparative": {
      "text": "slightly less than three-tenths the size of the US"
    },
    "Land boundaries": {
      "total": {
        "text": "11,968 km"
      },
      "border countries": {
        "text": "Bolivia 942 km; Brazil 1,263 km; Chile 6,691 km; Paraguay 2,531 km; Uruguay 541 km"
      }
    },
    "Coastline": {
      "text": "4,989 km"
    },
    "Maritime claims": {
      "territorial sea": {
        "text": "12 nm"
      },
      "contiguous zone": {
        "text": "24 nm"
      },
      "exclusive economic zone": {
        "text": "200 nm"
      },
      "continental shelf": {
        "text": "200 nm or to the edge of the continental margin"
      }
    },
    "Climate": {
      "text": "mostly temperate; arid in southeast; subantarctic in southwest"
    },
    "Terrain": {
      "text": "rich plains of the Pampas in northern half, flat to rolling plateau of Patagonia in south, rugged Andes along western border"
    },
    "Elevation": {
      "highest point": {
        "text": "Cerro Aconcagua (located in the northwestern corner of the province of Mendoza; highest point in South America) 6,962 m"
      },
      "lowest point": {
        "text": "Laguna del Carb&oacute;n (located between Puerto San Juli&aacute;n and Comandante Luis Piedra Buena in the province of Santa Cruz) -105 m"
      },
      "mean elevation": {
        "text": "595 m"
      }
    },
    "Natural resources": {
      "text": "fertile plains of the pampas, lead, zinc, tin, copper, iron ore, manganese, petroleum, uranium, arable land"
    },
    "Land use": {
      "agricultural land": {
        "text": "53.9% (2018 est.)"
      },
      "agricultural land: arable land": {
        "text": "arable land: 13.9% (2018 est.)"
      },
      "agricultural land: permanent crops": {
        "text": "permanent crops: 0.4% (2018 est.)"
      },
      "agricultural land: permanent pasture": {
        "text": "permanent pasture: 39.6% (2018 est.)"
      },
      "forest": {
        "text": "10.7% (2018 est.)"
      },
      "other": {
        "text": "35.4% (2018 est.)"
      }
    },
    "Irrigated land": {
      "text": "23,600 sq km (2012)"
    },
    "Major lakes (area sq km)": {
      "fresh water lake(s)": {
        "text": "Lago Buenos Aires (shared with Chile) - 2,240 sq km; Lago Argentino - 1,410 sq km; Lago Viedma - 1,090 sq km; Lago San Mart&iacute;n (shared with Chile) - 1,010 sq km; Lago Colhu&eacute; Huapi - 800 sq km; Lago Fagnano (shared with Chile) - 590 sq km; Lago Nahuel Huapi - 550 sq km"
      },
      "salt water lake(s)": {
        "text": "Laguna Mar Chiquita - 1,850 sq km;"
      }
    },
    "Major rivers (by length in km)": {
      "text": "Río de la Plata/Paraná river mouth (shared with Brazil [s], Paraguay, and Uruguay) - 4,880 km; Paraguay (shared with Brazil [s], and Paraguay [m]) - 2,549 km; Uruguay (shared with Brazil [s] and Uruguay [m]) - 1,610 km<br><strong>note</strong> – [s] after country name indicates river source; [m] after country name indicates river mouth"
    },
    "Major watersheds (area sq km)": {
      "text": "Atlantic Ocean drainage: Paran&aacute; (2,582,704 sq km)"
    },
    "Major aquifers": {
      "text": "Guaran&iacute; Aquifer System"
    },
    "Population distribution": {
      "text": "one-third of the population lives in Buenos Aires; pockets of agglomeration occur throughout the northern and central parts of the country; Patagonia to the south remains sparsely populated"
    },
    "Natural hazards": {
      "text": "<p>San Miguel de Tucumán and Mendoza areas in the Andes subject to earthquakes; pamperos are violent windstorms that can strike the pampas and northeast; heavy flooding in some areas</p> <p><strong>volcanism:</strong> volcanic activity in the Andes Mountains along the Chilean border; Copahue (2,997 m) last erupted in 2000; other historically active volcanoes include Llullaillaco, Maipo, Planchón-Peteroa, San José, Tromen, Tupungatito, and Viedma</p>"
    },
    "Geography - note": {
      "text": "<strong>note 1:</strong> second-largest country in South America (after Brazil); strategic location relative to sea lanes between the South Atlantic and the South Pacific Oceans (Strait of Magellan, Beagle Channel, Drake Passage); diverse geophysical landscapes range from tropical climates in the north to tundra in the far south; Cerro Aconcagua is the Western Hemisphere's tallest mountain, while Laguna del Carbón is the lowest point in the Western Hemisphere; shares Iguazú Falls, the world's largest waterfalls system, with Brazil<br><br><strong>note 2: </strong>southeast Bolivia and northwest Argentina seem to be the original development site for peanuts"
    }
  },
  "People and Society": {
    "Population": {
      "total": {
        "text": "46,994,384"
      },
      "male": {
        "text": "23,274,794"
      },
      "female": {
        "text": "23,719,590 (2024 est.)"
      }
    },
    "Nationality": {
      "noun": {
        "text": "Argentine(s)"
      },
      "adjective": {
        "text": "Argentine"
      }
    },
    "Ethnic groups": {
      "text": "European (mostly Spanish and Italian descent) and Mestizo (mixed European and Indigenous ancestry) 97.2%, Indigenous 2.4%, African descent 0.4% (2010 est.)"
    },
    "Languages": {
      "Languages": {
        "text": "Spanish (official), Italian, English, German, French, indigenous (Quechua, Guarani, Mapudungun)"
      },
      "major-language sample(s)": {
        "text": "<br>La Libreta Informativa del Mundo, la fuente indispensable de información básica. (Spanish)<br><br>The World Factbook, the indispensable source for basic information."
      }
    },
    "Religions": {
      "text": "Roman Catholic 62.9%, Evangelical 15.3% (Pentecostal 13%, other Evangelical 2.3%), Jehovah's Witness and Church of Jesus Christ 1.4%, other 1.2% (includes Muslim, Jewish), none 18.9% (includes agnostic and atheist), unspecified 0.3% (2019 est.)"
    },
    "Demographic profile": {
      "text": "<p>Argentina’s population continues to grow but at a slower rate because of its steadily declining birth rate. Argentina’s fertility decline began earlier than in the rest of Latin America, occurring most rapidly between the early 20th century and the 1950s and then becoming more gradual in the 1990s.  Life expectancy has been improving, most notably among the young and the poor. While the population under age 15 is shrinking, the youth cohort – ages 15 – 24 – is the largest in Argentina’s history and will continue to bolster the working-age population. If this large working-age population is well-educated and gainfully employed, Argentina is likely to experience an economic boost and possibly higher per capita savings and investment. Although literacy and primary school enrollment are nearly universal, grade repetition is problematic and secondary school completion is low. Both of these issues vary widely by region and socioeconomic group. Only 24% of Argentinians complete tertiary education.  With wages failing to keep pace with soaring inflation – one of the highest in the world – the poverty rate has climbed to over 4]0% in the first half of 2023.</p> <p>Argentina has been primarily a country of immigration for most of its history, welcoming European immigrants (often providing needed low-skilled labor) after its independence in the 19th century and attracting especially large numbers from Spain and Italy. More than 7 million European immigrants are estimated to have arrived in Argentina between 1880 and 1930 (composing 30% of the total population by 1914), when it adopted a more restrictive immigration policy.  European immigration also began to wane in the 1930s because of the global depression.  The inflow rebounded temporarily following WWII and resumed its decline in the 1950s when Argentina’s military dictators tightened immigration rules and European economies rebounded. Regional migration increased, however, supplying low-skilled workers escaping economic and political instability in their home countries. As of 2022, immigrants make up 3.1% of the population, with over half coming from Paraguay and Bolivia.  Despite runaway inflation, hundreds of thousands immigrants arrive each year.</p> <p>The first waves of highly skilled Argentine emigrant workers headed mainly to the United States and Spain in the 1960s and 1970s, driven by economic decline and repressive military dictatorships. The 2008 European economic crisis drove the return migration of some Argentinean and other Latin American nationals, as well as the immigration of Europeans to South America, where Argentina was a key recipient. </p>"
    },
    "Age structure": {
      "0-14 years": {
        "text": "23.3% (male 5,632,983/female 5,301,778)"
      },
      "15-64 years": {
        "text": "63.9% (male 15,071,215/female 14,956,069)"
      },
      "65 years and over": {
        "text": "12.8% (2024 est.) (male 2,570,596/female 3,461,743)"
      }
    },
    "Dependency ratios": {
      "total dependency ratio": {
        "text": "54.3"
      },
      "youth dependency ratio": {
        "text": "36"
      },
      "elderly dependency ratio": {
        "text": "18.2"
      },
      "potential support ratio": {
        "text": "5.5 (2021 est.)"
      }
    },
    "Median age": {
      "total": {
        "text": "33.3 years (2024 est.)"
      },
      "male": {
        "text": "32.1 years"
      },
      "female": {
        "text": "34.6 years"
      }
    },
    "Population growth rate": {
      "text": "0.79% (2024 est.)"
    },
    "Birth rate": {
      "text": "15.2 births/1,000 population (2024 est.)"
    },
    "Death rate": {
      "text": "7.3 deaths/1,000 population (2024 est.)"
    },
    "Net migration rate": {
      "text": "-0.1 migrant(s)/1,000 population (2024 est.)"
    },
    "Population distribution": {
      "text": "one-third of the population lives in Buenos Aires; pockets of agglomeration occur throughout the northern and central parts of the country; Patagonia to the south remains sparsely populated"
    },
    "Urbanization": {
      "urban population": {
        "text": "92.5% of total population (2023)"
      },
      "rate of urbanization": {
        "text": "0.97% annual rate of change (2020-25 est.)"
      }
    },
    "Major urban areas - population": {
      "text": "15.490 million BUENOS AIRES (capital), 1.612 million C&oacute;rdoba, 1.594 million Rosario, 1.226 million Mendoza, 1.027 million San Miguel de Tucum&aacute;n, 914,000 La Plata (2023)"
    },
    "Sex ratio": {
      "at birth": {
        "text": "1.07 male(s)/female"
      },
      "0-14 years": {
        "text": "1.06 male(s)/female"
      },
      "15-64 years": {
        "text": "1.01 male(s)/female"
      },
      "65 years and over": {
        "text": "0.74 male(s)/female"
      },
      "total population": {
        "text": "0.98 male(s)/female (2024 est.)"
      }
    },
    "Maternal mortality ratio": {
      "text": "45 deaths/100,000 live births (2020 est.)"
    },
    "Infant mortality rate": {
      "total": {
        "text": "9 deaths/1,000 live births (2024 est.)"
      },
      "male": {
        "text": "9.9 deaths/1,000 live births"
      },
      "female": {
        "text": "7.9 deaths/1,000 live births"
      }
    },
    "Life expectancy at birth": {
      "total population": {
        "text": "78.8 years (2024 est.)"
      },
      "male": {
        "text": "75.8 years"
      },
      "female": {
        "text": "82 years"
      }
    },
    "Total fertility rate": {
      "text": "2.15 children born/woman (2024 est.)"
    },
    "Gross reproduction rate": {
      "text": "1.04 (2024 est.)"
    },
    "Contraceptive prevalence rate": {
      "text": "70.1% (2019/20)"
    },
    "Drinking water source": {
      "improved: urban": {
        "text": "urban: 99.8% of population"
      },
      "improved: rural": {
        "text": "rural: NA"
      },
      "improved: total": {
        "text": "total: NA"
      },
      "unimproved: urban": {
        "text": "urban: 0.2% of population"
      },
      "unimproved: rural": {
        "text": "rural: NA"
      },
      "unimproved: total": {
        "text": "total: (2020 est.) NA"
      }
    },
    "Current health expenditure": {
      "text": "10% of GDP (2020)"
    },
    "Physician density": {
      "text": "4.06 physicians/1,000 population (2020)"
    },
    "Hospital bed density": {
      "text": "5 beds/1,000 population (2017)"
    },
    "Sanitation facility access": {
      "improved: urban": {
        "text": "urban: 100% of population"
      },
      "improved: rural": {
        "text": "rural: NA"
      },
      "improved: total": {
        "text": "total: NA"
      },
      "unimproved: rural": {
        "text": "rural: NA"
      },
      "unimproved: total": {
        "text": "total: (2020 est.) NA"
      }
    },
    "Obesity - adult prevalence rate": {
      "text": "28.3% (2016)"
    },
    "Alcohol consumption per capita": {
      "total": {
        "text": "7.95 liters of pure alcohol (2019 est.)"
      },
      "beer": {
        "text": "3.62 liters of pure alcohol (2019 est.)"
      },
      "wine": {
        "text": "2.88 liters of pure alcohol (2019 est.)"
      },
      "spirits": {
        "text": "0.72 liters of pure alcohol (2019 est.)"
      },
      "other alcohols": {
        "text": "0.72 liters of pure alcohol (2019 est.)"
      }
    },
    "Tobacco use": {
      "total": {
        "text": "24.5% (2020 est.)"
      },
      "male": {
        "text": "29.4% (2020 est.)"
      },
      "female": {
        "text": "19.6% (2020 est.)"
      }
    },
    "Children under the age of 5 years underweight": {
      "text": "1.7% (2018/19)"
    },
    "Currently married women (ages 15-49)": {
      "text": "48.9% (2023 est.)"
    },
    "Child marriage": {
      "women married by age 15": {
        "text": "2.4%"
      },
      "women married by age 18": {
        "text": "15.5% (2020 est.)"
      }
    },
    "Education expenditures": {
      "text": "5% of GDP (2020 est.)"
    },
    "Literacy": {
      "definition": {
        "text": "age 15 and over can read and write"
      },
      "total population": {
        "text": "99%"
      },
      "male": {
        "text": "98.9%"
      },
      "female": {
        "text": "99.1% (2018)"
      }
    },
    "School life expectancy (primary to tertiary education)": {
      "total": {
        "text": "18 years"
      },
      "male": {
        "text": "17 years"
      },
      "female": {
        "text": "20 years (2020)"
      }
    }
  },
  "Environment": {
    "Environment - current issues": {
      "text": "environmental problems (urban and rural) typical of an industrializing economy such as deforestation, soil degradation (erosion, salinization), desertification, air pollution, and water pollution"
    },
    "Environment - international agreements": {
      "party to": {
        "text": "Antarctic-Environmental Protection, Antarctic-Marine Living Resources, Antarctic Seals, Antarctic Treaty, Biodiversity, Climate Change, Climate Change-Kyoto Protocol, Climate Change-Paris Agreement, Comprehensive Nuclear Test Ban, Desertification, Endangered Species, Environmental Modification, Hazardous Wastes, Law of the Sea, Marine Dumping-London Convention, Nuclear Test Ban, Ozone Layer Protection, Ship Pollution, Wetlands, Whaling"
      },
      "signed, but not ratified": {
        "text": "Marine Dumping-London Protocol, Marine Life Conservation"
      }
    },
    "Climate": {
      "text": "mostly temperate; arid in southeast; subantarctic in southwest"
    },
    "Land use": {
      "agricultural land": {
        "text": "53.9% (2018 est.)"
      },
      "agricultural land: arable land": {
        "text": "arable land: 13.9% (2018 est.)"
      },
      "agricultural land: permanent crops": {
        "text": "permanent crops: 0.4% (2018 est.)"
      },
      "agricultural land: permanent pasture": {
        "text": "permanent pasture: 39.6% (2018 est.)"
      },
      "forest": {
        "text": "10.7% (2018 est.)"
      },
      "other": {
        "text": "35.4% (2018 est.)"
      }
    },
    "Urbanization": {
      "urban population": {
        "text": "92.5% of total population (2023)"
      },
      "rate of urbanization": {
        "text": "0.97% annual rate of change (2020-25 est.)"
      }
    },
    "Revenue from forest resources": {
      "text": "0.09% of GDP (2018 est.)"
    },
    "Revenue from coal": {
      "text": "0% of GDP (2018 est.)"
    },
    "Air pollutants": {
      "particulate matter emissions": {
        "text": "12.04 micrograms per cubic meter (2019 est.)"
      },
      "carbon dioxide emissions": {
        "text": "201.35 megatons (2016 est.)"
      },
      "methane emissions": {
        "text": "120.66 megatons (2020 est.)"
      }
    },
    "Waste and recycling": {
      "municipal solid waste generated annually": {
        "text": "17,910,550 tons (2014 est.)"
      },
      "municipal solid waste recycled annually": {
        "text": "1,074,633 tons (2010 est.)"
      },
      "percent of municipal solid waste recycled": {
        "text": "6% (2010 est.)"
      }
    },
    "Major lakes (area sq km)": {
      "fresh water lake(s)": {
        "text": "Lago Buenos Aires (shared with Chile) - 2,240 sq km; Lago Argentino - 1,410 sq km; Lago Viedma - 1,090 sq km; Lago San Mart&iacute;n (shared with Chile) - 1,010 sq km; Lago Colhu&eacute; Huapi - 800 sq km; Lago Fagnano (shared with Chile) - 590 sq km; Lago Nahuel Huapi - 550 sq km"
      },
      "salt water lake(s)": {
        "text": "Laguna Mar Chiquita - 1,850 sq km;"
      }
    },
    "Major rivers (by length in km)": {
      "text": "Río de la Plata/Paraná river mouth (shared with Brazil [s], Paraguay, and Uruguay) - 4,880 km; Paraguay (shared with Brazil [s], and Paraguay [m]) - 2,549 km; Uruguay (shared with Brazil [s] and Uruguay [m]) - 1,610 km<br><strong>note</strong> – [s] after country name indicates river source; [m] after country name indicates river mouth"
    },
    "Major watersheds (area sq km)": {
      "text": "Atlantic Ocean drainage: Paran&aacute; (2,582,704 sq km)"
    },
    "Major aquifers": {
      "text": "Guaran&iacute; Aquifer System"
    },
    "Total water withdrawal": {
      "municipal": {
        "text": "5.85 billion cubic meters (2020 est.)"
      },
      "industrial": {
        "text": "4 billion cubic meters (2020 est.)"
      },
      "agricultural": {
        "text": "27.93 billion cubic meters (2020 est.)"
      }
    },
    "Total renewable water resources": {
      "text": "876.24 billion cubic meters (2020 est.)"
    }
  },
  "Government": {
    "Country name": {
      "conventional long form": {
        "text": "Argentine Republic"
      },
      "conventional short form": {
        "text": "Argentina"
      },
      "local long form": {
        "text": "Rep&uacute;blica Argentina"
      },
      "local short form": {
        "text": "Argentina"
      },
      "etymology": {
        "text": "originally the area was referred to as Tierra Argentina, i.e., \"Land beside the Silvery River\" or \"silvery land,\" which referred to the massive estuary in the east of the country, the R&iacute;o de la Plata (River of Silver); over time the name shortened to simply Argentina or \"silvery\""
      }
    },
    "Government type": {
      "text": "presidential republic"
    },
    "Capital": {
      "name": {
        "text": "Buenos Aires"
      },
      "geographic coordinates": {
        "text": "34 36 S, 58 22 W"
      },
      "time difference": {
        "text": "UTC-3 (2 hours ahead of Washington, DC, during Standard Time)"
      },
      "etymology": {
        "text": "the name translates as \"fair winds\" in Spanish and derives from the original designation of the settlement that would become the present-day city, \"Santa Maria del Buen Aire\" (Saint Mary of the Fair Winds)"
      }
    },
    "Administrative divisions": {
      "text": "23 provinces (provincias, singular - provincia) and 1 autonomous city*; Buenos Aires, Catamarca, Chaco, Chubut, Ciudad Autonoma de Buenos Aires*, Cordoba, Corrientes, Entre Rios, Formosa, Jujuy, La Pampa, La Rioja, Mendoza, Misiones, Neuquen, Rio Negro, Salta, San Juan, San Luis, Santa Cruz, Santa Fe, Santiago del Estero, Tierra del Fuego - Antartida e Islas del Atlantico Sur (Tierra del Fuego - Antarctica and the South Atlantic Islands), Tucuman",
      "note": "<strong>note:</strong> the US does not recognize any claims to Antarctica"
    },
    "Independence": {
      "text": "9 July 1816 (from Spain)"
    },
    "National holiday": {
      "text": "Revolution Day (May Revolution Day), 25 May (1810)"
    },
    "Legal system": {
      "text": "civil law system based on West European legal systems; note - in mid-2015, Argentina adopted a new civil code, replacing the old one in force since 1871"
    },
    "Constitution": {
      "history": {
        "text": "several previous; latest effective 11 May 1853"
      },
      "amendments": {
        "text": "a declaration of proposed amendments requires two-thirds majority vote by both houses of the National Congress followed by approval by an ad hoc, multi-member constitutional convention; amended several times, last significant amendment in 1994"
      }
    },
    "International law organization participation": {
      "text": "has not submitted an ICJ jurisdiction declaration; accepts ICCt jurisdiction"
    },
    "Citizenship": {
      "citizenship by birth": {
        "text": "yes"
      },
      "citizenship by descent only": {
        "text": "yes"
      },
      "dual citizenship recognized": {
        "text": "yes"
      },
      "residency requirement for naturalization": {
        "text": "2 years"
      }
    },
    "Suffrage": {
      "text": "18-70 years of age; universal and compulsory; 16-17 years of age - optional for national elections"
    },
    "Executive branch": {
      "chief of state": {
        "text": "President Javier Gerardo MILEI (since 10 December 2023)"
      },
      "head of government": {
        "text": "President Javier Gerardo MILEI (since 10 December 2023)"
      },
      "cabinet": {
        "text": "Cabinet appointed by the president"
      },
      "elections/appointments": {
        "text": "president and vice president directly elected on the same ballot by qualified majority vote (to win, a candidate must receive at least 45% of votes or 40% of votes and a 10-point lead over the second place candidate; if neither occurs, a second round is held ); the president serves a 4-year term (eligible for a second consecutive term); election last held on 22 October 2023 with a runoff held 19 November 2023 (next to be held in October 2027)"
      },
      "election results": {
        "text": "<br>2023: Javier Gerardo MILEI elected president in second round; percent vote in first round - Sergio Tomás MASSA (FR) 36.7%, Javier Gerardo MILEI (PL) 30%, Patricia BULLRICH 23.8% (JxC/PRO), Juan SCHIARETTI (PJ) 6.8%, Myriam BREGMAN (PTS)<em> </em>2.7%; percent of vote in second round - Javier Gerardo MILEI 55.7%, Sergio Tomás MASSA 44.3%<em><br><br>2019:</em> Alberto Ángel FERNÁNDEZ elected president; percent of vote - Alberto Angel FERNÁNDEZ (TODOS) 48.1%, Mauricio MACRI (PRO) 40.4%, Roberto LAVAGNA (independent) 6.2%, other 5.3%"
      }
    },
    "Legislative branch": {
      "legislature name": {
        "text": "National Congress (Congreso de la nación)"
      },
      "legislative structure": {
        "text": "bicameral"
      }
    },
    "Legislative branch - lower chamber": {
      "chamber name": {
        "text": "Chamber of Deputies (Cámara de Diputados)"
      },
      "number of seats": {
        "text": "257 (all directly elected)"
      },
      "electoral system": {
        "text": "proportional representation"
      },
      "scope of elections": {
        "text": "partial renewal"
      },
      "term in office": {
        "text": "4 years"
      },
      "most recent election date": {
        "text": "10/22/2023"
      },
      "parties elected and seats per party": {
        "text": "Union for the Homeland (UP) (48); Freedom Advances (LLA) (28); Together for Change (JxC/Juntos) (27); Other (27)"
      },
      "percentage of women in chamber": {
        "text": "42.4%"
      },
      "expected date of next election": {
        "text": "October 2025"
      }
    },
    "Legislative branch - upper chamber": {
      "chamber name": {
        "text": "Senate (Senado)"
      },
      "number of seats": {
        "text": "72 (all directly elected)"
      },
      "electoral system": {
        "text": "proportional representation"
      },
      "scope of elections": {
        "text": "partial renewal"
      },
      "term in office": {
        "text": "6 years"
      },
      "most recent election date": {
        "text": "10/22/2023"
      },
      "parties elected and seats per party": {
        "text": "Union for the Homeland (UP) (9); Freedom Advances (LLA) (6); Together for Change (JxC/Juntos) (2); Front for the Renewal of Social Concord – Federal Innovation (2); Federal Renewal (2); For Santa Cruz (2); Other (1)"
      },
      "percentage of women in chamber": {
        "text": "45.8%"
      },
      "expected date of next election": {
        "text": "October 2025"
      }
    },
    "Judicial branch": {
      "highest court(s)": {
        "text": "Supreme Court or Corte Suprema (consists of the court president, vice president, 2 judges, 1 vacancy)"
      },
      "judge selection and term of office": {
        "text": "judges nominated by the president and approved by the Senate; ministers can serve until mandatory retirement at age 75; extensions beyond 75 require renomination by the president and approval by the Senate"
      },
      "subordinate courts": {
        "text": "federal level appellate, district, and territorial courts; provincial level supreme, appellate, and first instance courts"
      }
    },
    "Political parties": {
      "text": "<p>Avanza Libertad or AL<br>Civic Coalition ARI or CC-ARI<br>Consenso Federal (Federal Consensus) or CF<br>Frente Cívico por Santiago (Civic Front for Santiago)<br>Frente de Izquierda y de los Trabajadores – Unidad (Workers' Left Front) or FIT-U (coalition of leftist parties in lower house; includes PTS, PO, and MST) <br>Frente de la Concordia Misionero (Front for the Renewal of Social Concord) or FRCS<br>Frente Renovador (Renewal Front) or FR<br>Generación por un Encuentro Nacional (Generation for a National Encounter) or GEN<br>Hacemos por Córdoba (We do for Cordoba) or HC<br>Hacemos por Nuestro Pais (We Do For Our Country) or NHP<br>Juntos por el Cambio (Together for Change) or JxC (includes CC-ARI, PRO, and UCR); note - primary opposition coalition since 2019<br>Juntos Somos Río Negro (Together We Are Rio Negro) or JSRN  <br>Partido Justicialista (Justicialist Party) or PJ<br>La Cámpora<br>La Libertad Avanza (The Liberty Advances) or LLA<br>Movimiento Popular Neuquino (Neuquén People's Movement) or MPN<br>Movimiento Socialista de los Trabajadores (Workers' Socialist Movement) or MST <br>Partido de los Trabajadores Socialistas (Socialist Workers' Party) or PTS<br>Partido Demócrata (Democratic Party) or PDN<br>Partido Libertario (Libertarian Party) or PL; note - party is also a founding member of the coalition La Libertad Avanza<br>Partido Obrero (Workers' Party) or PO<br>Partido Socialista or PS<br>Propuesta Republicana (Republican Proposal) or PRO<br>Unidad Federal (coalition of provencial parties in the lower house; includes FRCS and JSRN)<br>Unión Cívica Radical (Radical Civic Union) or UCR<br>Unión por la Patria (Union for the Homeland) or UP <em>(formerly Frente de Todos (Everyone's Front) or FdT) </em>(includes FR, La Cámpora, and PJ); note - ruling coalition since 2019; includes several national and provincial Peronist political parties<br>Vamos con Vos (Let's Go with You) or VcV </p>"
    },
    "International organization participation": {
      "text": "AfDB (nonregional member), Australia Group, BCIE, BIS, CAN (associate), CD, CABEI, CELAC, FAO, FATF, G-15, G-20, G-24, G-77, IADB, IAEA, IBRD, ICAO, ICC (national committees), ICCt, ICRM, IDA, IFAD, IFC, IFRCS, IHO, ILO, IMF, IMO, IMSO, Interpol, IOC, IOM, IPU, ISO, ITSO, ITU, ITUC (NGOs), LAES, LAIA, Mercosur, MIGA, MINURSO, MINUSTAH, NAM (observer), NSG, OAS, OPANAL, OPCW, Paris Club (associate), PCA, PROSUR, SICA (observer), UN, UNASUR, UNCTAD, UNDOF, UNESCO, UNFICYP, UNHCR, UNHRC, UNIDO, Union Latina (observer), UNOOSA, UNTSO, UNWTO, UPU, Wassenaar Arrangement, WCO, WFTU (NGOs), WHO, WIPO, WMO, WTO, ZC"
    },
    "Diplomatic representation in the US": {
      "chief of mission": {
        "text": "Ambassador (vacant); Charg&eacute; d'Affaires Juan Manuel CORTELLETTI (since 1 November 2024)"
      },
      "chancery": {
        "text": "1600 New Hampshire Avenue NW, Washington, DC 20009"
      },
      "telephone": {
        "text": "[1] (202) 238-6400"
      },
      "FAX": {
        "text": "[1] (202) 332-3171"
      },
      "email address and website": {
        "text": "<br>eeeuu@mrecic.gov.ar<br><br>https://eeeuu.cancilleria.gob.ar/en"
      },
      "consulate(s) general": {
        "text": "Atlanta, Chicago, Houston, Los Angeles, Miami, New York"
      }
    },
    "Diplomatic representation from the US": {
      "chief of mission": {
        "text": "Ambassador (vacant); Charg&eacute; d'Affaires Abigail L. DRESSEL (since 17 January 2025)"
      },
      "embassy": {
        "text": "<br>Avenida Colombia 4300, (C1425GMN) Buenos Aires"
      },
      "mailing address": {
        "text": "3130 Buenos Aires Place, Washington DC&nbsp; 20521-3130"
      },
      "telephone": {
        "text": "[54] (11) 5777-4533"
      },
      "FAX": {
        "text": "[54] (11) 5777-4240"
      },
      "email address and website": {
        "text": "<br>Buenosairespublicaffairs@state.gov<br><br>https://ar.usembassy.gov/"
      }
    },
    "Flag description": {
      "text": "three equal horizontal bands of sky blue (top), white, and sky blue; centered in the white band is a radiant yellow sun with a human face (delineated in brown) known as the Sun of May; the colors represent the clear skies and snow of the Andes; the sun symbol commemorates the appearance of the sun through cloudy skies on 25 May 1810 during the first mass demonstration in favor of independence; the sun features are those of Inti, the Inca god of the sun"
    },
    "National symbol(s)": {
      "text": "Sun of May (a sun-with-face symbol); national colors: sky blue, white"
    },
    "National anthem": {
      "name": {
        "text": "\"Himno Nacional Argentino\" (Argentine National Anthem)"
      },
      "lyrics/music": {
        "text": "Vicente LOPEZ y PLANES/Jose Blas PARERA"
      },
      "note": "<strong>note:</strong> adopted 1813; Vicente LOPEZ was inspired to write the anthem after watching a play about the 1810 May Revolution against Spain"
    },
    "National heritage": {
      "total World Heritage Sites": {
        "text": "12 (7 cultural, 5 natural)"
      },
      "selected World Heritage Site locales": {
        "text": "Los Glaciares National Park (n); Jesuit Missions of the Guaranis (c); Iguazú National Park (n); Cueva de las Manos (c); Valdés Península (n); Ischigualasto/Talampaya National Parks (n); Jesuit Block and Estancias of Córdoba (c); Quebrada de Humahuaca (c); Qhapaq Ñan/Andean Road System (c)"
      }
    }
  },
  "Economy": {
    "Economic overview": {
      "text": "large diversified economy; financial risks from debt obligations, rapid inflation, and reduced investor appetites; resource-rich, export-led growth model; increasing trade relations with China; G20 and OAS leader; tendency to nationalize businesses and under-report inflation"
    },
    "Real GDP (purchasing power parity)": {
      "Real GDP (purchasing power parity) 2023": {
        "text": "$1.234 trillion (2023 est.)"
      },
      "Real GDP (purchasing power parity) 2022": {
        "text": "$1.255 trillion (2022 est.)"
      },
      "Real GDP (purchasing power parity) 2021": {
        "text": "$1.192 trillion (2021 est.)"
      },
      "note": "<b>note:</b> data in 2021 dollars"
    },
    "Real GDP growth rate": {
      "Real GDP growth rate 2023": {
        "text": "-1.61% (2023 est.)"
      },
      "Real GDP growth rate 2022": {
        "text": "5.27% (2022 est.)"
      },
      "Real GDP growth rate 2021": {
        "text": "10.72% (2021 est.)"
      },
      "note": "<b>note:</b> annual GDP % growth based on constant local currency"
    },
    "Real GDP per capita": {
      "Real GDP per capita 2023": {
        "text": "$27,100 (2023 est.)"
      },
      "Real GDP per capita 2022": {
        "text": "$27,600 (2022 est.)"
      },
      "Real GDP per capita 2021": {
        "text": "$26,300 (2021 est.)"
      },
      "note": "<b>note:</b> data in 2021 dollars"
    },
    "GDP (official exchange rate)": {
      "text": "$646.075 billion (2023 est.)",
      "note": "<b>note:</b> data in current dollars at official exchange rate"
    },
    "Inflation rate (consumer prices)": {
      "Inflation rate (consumer prices) 2017": {
        "text": "25.7% (2017 est.)"
      },
      "Inflation rate (consumer prices) 2016": {
        "text": "26.5% (2016 est.)"
      },
      "note": "note: data are derived from private estimates"
    },
    "Credit ratings": {
      "Fitch rating": {
        "text": "CCC (2020)"
      },
      "Moody's rating": {
        "text": "Ca (2020)"
      },
      "Standard & Poors rating": {
        "text": "CCC+ (2020)"
      },
      "note": "<strong>note: </strong>The year refers to the year in which the current credit rating was first obtained."
    },
    "GDP - composition, by sector of origin": {
      "agriculture": {
        "text": "5.9% (2023 est.)"
      },
      "industry": {
        "text": "25.1% (2023 est.)"
      },
      "services": {
        "text": "53.1% (2023 est.)"
      },
      "note": "<b>note:</b> figures may not total 100% due to non-allocated consumption not captured in sector-reported data"
    },
    "GDP - composition, by end use": {
      "household consumption": {
        "text": "65.9% (2023 est.)"
      },
      "government consumption": {
        "text": "16.4% (2023 est.)"
      },
      "investment in fixed capital": {
        "text": "18.6% (2023 est.)"
      },
      "investment in inventories": {
        "text": "0.8% (2023 est.)"
      },
      "exports of goods and services": {
        "text": "12.7% (2023 est.)"
      },
      "imports of goods and services": {
        "text": "-13.9% (2023 est.)"
      },
      "note": "<b>note:</b> figures may not total 100% due to rounding or gaps in data collection"
    },
    "Agricultural products": {
      "text": "maize, soybeans, wheat, sugarcane, milk, barley, sunflower seeds, beef, sorghum, chicken (2022)",
      "note": "<b>note:</b> top ten agricultural products based on tonnage"
    },
    "Industries": {
      "text": "food processing, motor vehicles, consumer durables, textiles, chemicals and petrochemicals, printing, metallurgy, steel"
    },
    "Industrial production growth rate": {
      "text": "-0.23% (2023 est.)",
      "note": "<b>note:</b> annual % change in industrial value added based on constant local currency"
    },
    "Labor force": {
      "text": "21.533 million (2023 est.)",
      "note": "<b>note:</b> number of people ages 15 or older who are employed or seeking work"
    },
    "Unemployment rate": {
      "Unemployment rate 2023": {
        "text": "6.18% (2023 est.)"
      },
      "Unemployment rate 2022": {
        "text": "6.81% (2022 est.)"
      },
      "Unemployment rate 2021": {
        "text": "8.74% (2021 est.)"
      },
      "note": "<b>note:</b> % of labor force seeking employment"
    },
    "Youth unemployment rate (ages 15-24)": {
      "total": {
        "text": "18% (2023 est.)"
      },
      "male": {
        "text": "16.9% (2023 est.)"
      },
      "female": {
        "text": "19.5% (2023 est.)"
      },
      "note": "<b>note:</b> % of labor force ages 15-24 seeking employment"
    },
    "Population below poverty line": {
      "text": "39.2% (2022 est.)",
      "note": "<b>note:</b> % of population with income below national poverty line"
    },
    "Gini Index coefficient - distribution of family income": {
      "Gini Index coefficient - distribution of family income 2022": {
        "text": "40.7 (2022 est.)"
      },
      "note": "<b>note:</b> index (0-100) of income distribution; higher values represent greater inequality"
    },
    "Average household expenditures": {
      "on food": {
        "text": "23.1% of household expenditures (2023 est.)"
      },
      "on alcohol and tobacco": {
        "text": "1.9% of household expenditures (2023 est.)"
      }
    },
    "Household income or consumption by percentage share": {
      "lowest 10%": {
        "text": "2% (2022 est.)"
      },
      "highest 10%": {
        "text": "29.8% (2022 est.)"
      },
      "note": "<b>note:</b> % share of income accruing to lowest and highest 10% of population"
    },
    "Remittances": {
      "Remittances 2023": {
        "text": "0.16% of GDP (2023 est.)"
      },
      "Remittances 2022": {
        "text": "0.17% of GDP (2022 est.)"
      },
      "Remittances 2021": {
        "text": "0.19% of GDP (2021 est.)"
      },
      "note": "<b>note:</b> personal transfers and compensation between resident and non-resident individuals/households/entities"
    },
    "Budget": {
      "revenues": {
        "text": "$113.553 billion (2022 est.)"
      },
      "expenditures": {
        "text": "$138.622 billion (2022 est.)"
      },
      "note": "<b>note:</b> central government revenues (excluding grants) and expenses converted to US dollars at average official exchange rate for year indicated"
    },
    "Public debt": {
      "Public debt 2017": {
        "text": "57.6% of GDP (2017 est.)"
      }
    },
    "Taxes and other revenues": {
      "text": "11.12% (of GDP) (2022 est.)",
      "note": "<b>note:</b> central government tax revenue as a % of GDP"
    },
    "Current account balance": {
      "Current account balance 2023": {
        "text": "-$20.956 billion (2023 est.)"
      },
      "Current account balance 2022": {
        "text": "-$4.055 billion (2022 est.)"
      },
      "Current account balance 2021": {
        "text": "$6.625 billion (2021 est.)"
      },
      "note": "<b>note:</b> balance of payments - net trade and primary/secondary income in current dollars"
    },
    "Exports": {
      "Exports 2023": {
        "text": "$82.947 billion (2023 est.)"
      },
      "Exports 2022": {
        "text": "$102.928 billion (2022 est.)"
      },
      "Exports 2021": {
        "text": "$87.575 billion (2021 est.)"
      },
      "note": "<b>note:</b> balance of payments - exports of goods and services in current dollars"
    },
    "Exports - partners": {
      "text": "Brazil 15%, China 9%, US 8%, Chile 6%, India 5% (2022)",
      "note": "<b>note:</b> top five export partners based on percentage share of exports"
    },
    "Exports - commodities": {
      "text": "soybean meal, corn, soybean oil, wheat, trucks (2022)",
      "note": "<b>note:</b> top five export commodities based on value in dollars"
    },
    "Imports": {
      "Imports 2023": {
        "text": "$92.3 billion (2023 est.)"
      },
      "Imports 2022": {
        "text": "$97.399 billion (2022 est.)"
      },
      "Imports 2021": {
        "text": "$72.58 billion (2021 est.)"
      },
      "note": "<b>note:</b> balance of payments - imports of goods and services in current dollars"
    },
    "Imports - partners": {
      "text": "China 21%, Brazil 20%, US 14%, Germany 3%, Paraguay 2% (2022)",
      "note": "<b>note:</b> top five import partners based on percentage share of imports"
    },
    "Imports - commodities": {
      "text": "refined petroleum, vehicle parts/accessories, natural gas, fertilizers, cars (2022)",
      "note": "<b>note:</b> top five import commodities based on value in dollars"
    },
    "Reserves of foreign exchange and gold": {
      "Reserves of foreign exchange and gold 2023": {
        "text": "$23.081 billion (2023 est.)"
      },
      "Reserves of foreign exchange and gold 2022": {
        "text": "$44.795 billion (2022 est.)"
      },
      "Reserves of foreign exchange and gold 2021": {
        "text": "$39.653 billion (2021 est.)"
      },
      "note": "<b>note:</b> holdings of gold (year-end prices)/foreign exchange/special drawing rights in current dollars"
    },
    "Debt - external": {
      "Debt - external 2023": {
        "text": "$83.279 billion (2023 est.)"
      },
      "note": "<b>note:</b> present value of external debt in current US dollars"
    },
    "Exchange rates": {
      "Currency": {
        "text": "Argentine pesos (ARS) per US dollar -"
      },
      "Exchange rates 2023": {
        "text": "296.258 (2023 est.)"
      },
      "Exchange rates 2022": {
        "text": "130.617 (2022 est.)"
      },
      "Exchange rates 2021": {
        "text": "94.991 (2021 est.)"
      },
      "Exchange rates 2020": {
        "text": "70.539 (2020 est.)"
      },
      "Exchange rates 2019": {
        "text": "48.148 (2019 est.)"
      }
    }
  },
  "Energy": {
    "Electricity access": {
      "electrification - total population": {
        "text": "100% (2022 est.)"
      }
    },
    "Electricity": {
      "installed generating capacity": {
        "text": "46.82 million kW (2022 est.)"
      },
      "consumption": {
        "text": "127.98 billion kWh (2022 est.)"
      },
      "exports": {
        "text": "31 million kWh (2022 est.)"
      },
      "imports": {
        "text": "12.909 billion kWh (2022 est.)"
      },
      "transmission/distribution losses": {
        "text": "29.877 billion kWh (2022 est.)"
      }
    },
    "Electricity generation sources": {
      "fossil fuels": {
        "text": "65.3% of total installed capacity (2022 est.)"
      },
      "nuclear": {
        "text": "5.2% of total installed capacity (2022 est.)"
      },
      "solar": {
        "text": "2% of total installed capacity (2022 est.)"
      },
      "wind": {
        "text": "9.7% of total installed capacity (2022 est.)"
      },
      "hydroelectricity": {
        "text": "16.4% of total installed capacity (2022 est.)"
      },
      "biomass and waste": {
        "text": "1.5% of total installed capacity (2022 est.)"
      }
    },
    "Nuclear energy": {
      "Number of operational nuclear reactors": {
        "text": "3 (2023)"
      },
      "Number of nuclear reactors under construction": {
        "text": "1 (2023)"
      },
      "Net capacity of operational nuclear reactors": {
        "text": "1.64GW (2023 est.)"
      },
      "Percent of total electricity production": {
        "text": "6.3% (2023 est.)"
      }
    },
    "Coal": {
      "production": {
        "text": "1.318 million metric tons (2022 est.)"
      },
      "consumption": {
        "text": "3.391 million metric tons (2022 est.)"
      },
      "exports": {
        "text": "8,000 metric tons (2022 est.)"
      },
      "imports": {
        "text": "2.196 million metric tons (2022 est.)"
      },
      "proven reserves": {
        "text": "799.999 million metric tons (2022 est.)"
      }
    },
    "Petroleum": {
      "total petroleum production": {
        "text": "807,000 bbl/day (2023 est.)"
      },
      "refined petroleum consumption": {
        "text": "706,000 bbl/day (2022 est.)"
      },
      "crude oil estimated reserves": {
        "text": "2.483 billion barrels (2021 est.)"
      }
    },
    "Natural gas": {
      "production": {
        "text": "43.28 billion cubic meters (2022 est.)"
      },
      "consumption": {
        "text": "46.228 billion cubic meters (2022 est.)"
      },
      "exports": {
        "text": "3.422 billion cubic meters (2022 est.)"
      },
      "imports": {
        "text": "6.229 billion cubic meters (2022 est.)"
      },
      "proven reserves": {
        "text": "396.464 billion cubic meters (2021 est.)"
      }
    },
    "Carbon dioxide emissions": {
      "total emissions": {
        "text": "185.37 million metric tonnes of CO2 (2022 est.)"
      },
      "from coal and metallurgical coke": {
        "text": "5.392 million metric tonnes of CO2 (2022 est.)"
      },
      "from petroleum and other liquids": {
        "text": "89.464 million metric tonnes of CO2 (2022 est.)"
      },
      "from consumed natural gas": {
        "text": "90.515 million metric tonnes of CO2 (2022 est.)"
      }
    },
    "Energy consumption per capita": {
      "Total energy consumption per capita 2022": {
        "text": "75.735 million Btu/person (2022 est.)"
      }
    }
  },
  "Communications": {
    "Telephones - fixed lines": {
      "total subscriptions": {
        "text": "7.034 million (2023 est.)"
      },
      "subscriptions per 100 inhabitants": {
        "text": "15 (2023 est.)"
      }
    },
    "Telephones - mobile cellular": {
      "total subscriptions": {
        "text": "62.7 million (2023 est.)"
      },
      "subscriptions per 100 inhabitants": {
        "text": "132 (2022 est.)"
      }
    },
    "Telecommunication systems": {
      "general assessment": {
        "text": "Argentina&rsquo;s ongoing problem with hyperinflation continues to distort the telecom market&rsquo;s performance, which shows strong growth in revenue but only modest gains in subscriber numbers each year; the fixed broadband segment has penetration levels only slightly higher than the fixed-line teledensity; nearly a quarter of the country&rsquo;s broadband connections are via DSL, although fiber is starting claim an increasing share of that market as networks expand across most of the main cities; mobile broadband continues to be the preferred platform for internet access, supported by high mobile penetration levels and nationwide LTE coverage; the first 5G service was launched in February 2021 using refarmed LTE frequencies; the anticipated 5G spectrum auctions should drive even stronger uptake in mobile broadband services; while the various fixed, mobile, and cable operators push to expand and enhance their services, the government is also making an active contribution towards boosting broadband connectivity around the country; its national connectivity plan &lsquo;Plan Conectar&rsquo;, launched in September 2020, provides funding for a range of programs to increase coverage; in August 2021, the telecom regulator announced the release funding to help operators accelerate the rollout of their broadband infrastructure and services (2021)"
      },
      "domestic": {
        "text": "roughly 15 per 100 fixed-line and 130 per 100 mobile-cellular; microwave radio relay, fiber-optic cable, and a domestic satellite system with 40 earth stations serve the trunk network (2021)"
      },
      "international": {
        "text": "country code - 54; landing points for the UNISUR, Bicentenario,&nbsp;Atlantis-2, SAm-1, and&nbsp;SAC, Tannat, Malbec and ARBR&nbsp;submarine cable systems that provide links to Europe, Africa, South and Central America, and US; satellite earth stations - 112 (2019)"
      }
    },
    "Broadcast media": {
      "text": "Argentina is one of South America's biggest media markets, there are dozens of TV networks, hundreds of radio stations and more than 150 daily newspapers (2023)"
    },
    "Internet country code": {
      "text": ".ar"
    },
    "Internet users": {
      "percent of population": {
        "text": "89% (2023 est.)"
      }
    },
    "Broadband - fixed subscriptions": {
      "total": {
        "text": "11.5 million (2023 est.)"
      },
      "subscriptions per 100 inhabitants": {
        "text": "25 (2023 est.)"
      }
    }
  },
  "Transportation": {
    "National air transport system": {
      "number of registered air carriers": {
        "text": "6 (2020)"
      },
      "inventory of registered aircraft operated by air carriers": {
        "text": "107"
      },
      "annual passenger traffic on registered air carriers": {
        "text": "18,081,937 (2018)"
      },
      "annual freight traffic on registered air carriers": {
        "text": "311.57 million (2018) mt-km"
      }
    },
    "Civil aircraft registration country code prefix": {
      "text": "LV"
    },
    "Airports": {
      "text": "756 (2024)"
    },
    "Heliports": {
      "text": "144 (2024)"
    },
    "Pipelines": {
      "text": "29,930 km gas, 41 km liquid petroleum gas, 6,248 km oil, 3,631 km refined products (2013)"
    },
    "Railways": {
      "total": {
        "text": "17,866 km (2018)"
      }
    },
    "Roadways": {
      "total": {
        "text": "240,000 km"
      },
      "paved": {
        "text": "81,355 km"
      },
      "unpaved": {
        "text": "158,645 km (2017)"
      }
    },
    "Waterways": {
      "text": "11,000 km (2012)"
    },
    "Merchant marine": {
      "total": {
        "text": "201 (2023)"
      },
      "by type": {
        "text": "container ship 1, bulk carrier 1 general cargo 8, oil tanker 33, other 158"
      }
    },
    "Ports": {
      "total ports": {
        "text": "37 (2024)"
      },
      "large": {
        "text": "1"
      },
      "medium": {
        "text": "2"
      },
      "small": {
        "text": "10"
      },
      "very small": {
        "text": "24"
      },
      "ports with oil terminals": {
        "text": "19"
      },
      "key ports": {
        "text": "Buenos Aires, Campana, Concepcion del Uruguay, La Plata, Mar del Plata, Puerto Belgrano, Puerto Ingeniero White, Puerto Madryn, Rosario, San Sebastian Bay, Santa Fe, Ushuaia, Zarate"
      }
    }
  },
  "Military and Security": {
    "Military and security forces": {
      "text": "Armed Forces of the Argentine Republic (Fuerzas Armadas de la República Argentina): Argentine Army (Ejercito Argentino, EA), Navy of the Argentine Republic (Armada Republica, ARA; includes naval aviation and naval infantry), Argentine Air Force (Fuerza Aerea Argentina, FAA)<br><br>Ministry of Security: Gendarmería Nacional Argentina (National Gendarmerie), Coast Guard (Prefectura Naval) (2024)",
      "note": "<strong>note: </strong>all federal police forces are under the Ministry of Security"
    },
    "Military expenditures": {
      "Military Expenditures 2024": {
        "text": "0.8% of GDP (2024 est.)"
      },
      "Military Expenditures 2023": {
        "text": "0.5% of GDP (2023 est.)"
      },
      "Military Expenditures 2022": {
        "text": "0.6% of GDP (2022 est.)"
      },
      "Military Expenditures 2021": {
        "text": "0.8% of GDP (2021 est.)"
      },
      "Military Expenditures 2020": {
        "text": "0.8% of GDP (2020 est.)"
      }
    },
    "Military and security service personnel strengths": {
      "text": "approximately 75,000 active-duty personnel (46,000 Army; 16,000 Navy, including about 3,500 marines); 13,000 Air Force); estimated 20,000 Gendarmerie (2024)"
    },
    "Military equipment inventories and acquisitions": {
      "text": "the inventory of Argentina's armed forces is a mix of domestically-produced and mostly older imported weapons, largely from Europe and the US; in recent years, France and the US have been the leading suppliers of equipment; Argentina has an indigenous defense industry that produces air, land, and naval systems (2024)"
    },
    "Military service age and obligation": {
      "text": "18-24 years of age for voluntary military service for men and women; conscription suspended in 1995; citizens can still be drafted in times of crisis, national emergency, or war, or if the Defense Ministry is unable to fill all vacancies to keep the military functional (2024)",
      "note": "<strong>note: </strong>as of 2023, women comprised nearly 20% of the active duty military"
    },
    "Military deployments": {
      "text": "325 Cyprus (UNFICYP) (2024)"
    },
    "Military - note": {
      "text": "the Argentine military’s primary responsibilities are territorial defense and protecting the country’s sovereignty; other duties include border security, countering narcotics trafficking, and other internal missions, such as disaster response and infrastructure development; it also conducts support operations in Antarctica to promote an active presence in areas of national territory that are sparsely populated; the military participates in both bilateral and multinational training exercises and supports UN peacekeeping operations<br><br>Argentina participates in the Tripartite Command, an interagency security mechanism created by Argentina, Brazil, and Paraguay to exchange information and combat transnational threats, including terrorism, in the Tri-Border Area; in addition, Argentina and Chile have a joint peacekeeping force known as the Combined Southern Cross Peacekeeping Force (FPC), designed to be made available to the UN; the FPC is made up of infantry, command and control, air, naval, and logistics support elements; Argentina has Major Non-NATO Ally (MNNA) status with the US, a designation under US law that provides foreign partners with certain benefits in the areas of defense trade and security cooperation<br><br>the Army and Navy were both created in 1810 during the Argentine War of Independence, while the Air Force was established in 1945; the military conducted coups d'état in 1930, 1943, 1955, 1962, 1966, and 1976; the 1976 coup, aka the \"National Reorganization Process,\" marked the beginning of the so-called \"Dirty War,\" a period of state-sponsored terrorism that saw the deaths or disappearances of thousands of Argentinians; the defeat in the 1983 Falklands War led to the downfall of the military junta (2024)"
    }
  },
  "Space": {
    "Space agency/agencies": {
      "text": "Argentina National Space Activities Commission (Comision Nacional de Actividades Espaciales, CONAE; formed in 1991); CONAE&rsquo;s predecessor was the National Commission for Space Research (Comisi&oacute;n Nacional de Investigaciones Espaciales, CNIE; formed in 1960) (2024)"
    },
    "Space launch site(s)": {
      "text": "Manuel Belgrano Space Center (Buenos Aires province): planned launch platform of the Tronador SLV (see Appendix S); Punta Indio Space Center (Buenos Aires province): test facility; Teofilo Tabanera Space Center (CETT; Cordoba Province): testing, mission control site (2024)"
    },
    "Space program overview": {
      "text": "has a long history of involvement in the development of space-related capabilities, including rockets and satellites; develops, builds, and operates communications, remote sensing (RS), and scientific satellites, often in partnership with other countries; developing additional satellites with more advanced payloads; has a national space plan; contracts with commercial and other government space agencies for launches but has a domestic rocket program and is developing space launch vehicle (SLV) capabilities; cooperates with a broad range of space agencies and industries, including those of Brazil, China, the European Space Agency and its member states (particularly France, Italy), and the US; also has a commercial space industry, which includes efforts to design, build, and launch reusable small SLVs (2024)",
      "note": "<strong>note:</strong> further details about the key activities, programs, and milestones of the country’s space program, as well as government spending estimates on the space sector, appear in the Space Programs reference guide"
    }
  },
  "Terrorism": {
    "Terrorist group(s)": {
      "text": "Hizballah",
      "note": "<strong>note:</strong> details about the history, aims, leadership, organization, areas of operation, tactics, targets, weapons, size, and sources of support of the group(s) appear(s) in the Terrorism reference guide"
    }
  },
  "Transnational Issues": {
    "Refugees and internally displaced persons": {
      "refugees (country of origin)": {
        "text": "217,742 (Venezuela) (economic and political crisis; includes Venezuelans who have claimed asylum, are recognized as refugees, or have received alternative legal stay) (2023)"
      }
    },
    "Illicit drugs": {
      "text": "<p>counterfeiting, drug trafficking, and other smuggling offenses in the Tri-Border area; some money laundering organizations in the TBA have may have links to the terrorist organization Hizballah; a large producer of chemical precursors</p>"
    }
  }
}