{
  "Introduction": {
    "Background": {
      "text": "<p>Bolivia, named after independence fighter Simón BOLÍVAR, broke away from Spanish rule in 1825. Much of its subsequent history has consisted of a series of coups and countercoups, with the last coup occurring in 1980. Democratic civilian rule was established in 1982, but leaders have faced problems of deep-seated poverty, social unrest, and illegal drug production.</p> <p>In 2005, Bolivians elected Movement Toward Socialism leader Evo MORALES as president -- by the widest margin of any leader since 1982 -- after he ran on a promise to change the country's traditional political class and empower the poor and indigenous majority. In 2009 and 2014, MORALES easily won reelection, and his party maintained control of the legislative branch. In 2016, MORALES narrowly lost a referendum to approve a constitutional amendment that would have allowed him to compete in the 2019 presidential election. A subsequent Supreme Court ruling stating that term limits violate human rights provided the justification for MORALES to run despite the referendum, but rising violence, pressure from the military, and widespread allegations of electoral fraud ultimately forced him to flee the country. An interim government, led by President Jeanine AÑEZ Chávez, held new elections in 2020, and Luis Alberto ARCE Catacora was elected president.</p>"
    }
  },
  "Geography": {
    "Location": {
      "text": "Central South America, southwest of Brazil"
    },
    "Geographic coordinates": {
      "text": "17 00 S, 65 00 W"
    },
    "Map references": {
      "text": "South America"
    },
    "Area": {
      "total ": {
        "text": "1,098,581 sq km"
      },
      "land": {
        "text": "1,083,301 sq km"
      },
      "water": {
        "text": "15,280 sq km"
      }
    },
    "Area - comparative": {
      "text": "slightly less than three times the size of Montana"
    },
    "Land boundaries": {
      "total": {
        "text": "7,252 km"
      },
      "border countries": {
        "text": "Argentina 942 km; Brazil 3,403 km; Chile 942 km; Paraguay 753 km; Peru 1,212 km"
      }
    },
    "Coastline": {
      "text": "0 km (landlocked)"
    },
    "Maritime claims": {
      "text": "none (landlocked)"
    },
    "Climate": {
      "text": "varies with altitude; humid and tropical to cold and semiarid"
    },
    "Terrain": {
      "text": "rugged Andes Mountains with a highland plateau (Altiplano), hills, lowland plains of the Amazon Basin"
    },
    "Elevation": {
      "highest point": {
        "text": "Nevado Sajama 6,542 m"
      },
      "lowest point": {
        "text": "Rio Paraguay 90 m"
      },
      "mean elevation": {
        "text": "1,192 m"
      }
    },
    "Natural resources": {
      "text": "lithium, tin, natural gas, petroleum, zinc, tungsten, antimony, silver, iron, lead, gold, timber, hydropower"
    },
    "Land use": {
      "agricultural land": {
        "text": "34.3% (2018 est.)"
      },
      "agricultural land: arable land": {
        "text": "arable land: 3.6% (2018 est.)"
      },
      "agricultural land: permanent crops": {
        "text": "permanent crops: 0.2% (2018 est.)"
      },
      "agricultural land: permanent pasture": {
        "text": "permanent pasture: 30.5% (2018 est.)"
      },
      "forest": {
        "text": "52.5% (2018 est.)"
      },
      "other": {
        "text": "13.2% (2018 est.)"
      }
    },
    "Irrigated land": {
      "text": "2,972 sq km (2017)"
    },
    "Major lakes (area sq km)": {
      "fresh water lake(s)": {
        "text": "Lago Titicaca (shared with Peru) - 8,030 sq km"
      },
      "salt water lake(s)": {
        "text": "Lago Poopo - 1,340 sq km"
      }
    },
    "Major watersheds (area sq km)": {
      "text": "Atlantic Ocean drainage: Amazon (6,145,186 sq km), Paran&aacute; (2,582,704 sq km)"
    },
    "Major aquifers": {
      "text": "Amazon Basin"
    },
    "Population distribution": {
      "text": "a high altitude plain in the west between two cordillera of the Andes, known as the Altiplano, is the focal area for most of the population; a dense settlement pattern is also found in and around the city of Santa Cruz, located on the eastern side of the Andes"
    },
    "Natural hazards": {
      "text": "<p>flooding in the northeast (March to April)</p><p><strong>volcanism:</strong> volcanic activity in Andes Mountains on the border with Chile; historically active volcanoes in this region are Irruputuncu (5,163 m), which last erupted in 1995, and the Olca-Paruma volcanic complex (5,762 m to 5,167 m)</p>"
    },
    "Geography - note": {
      "text": "<strong>note 1:</strong> landlocked; shares control of Lago Titicaca, world's highest navigable lake (elevation 3,805 m), with Peru<br><br><strong>note 2:</strong> the southern regions of Peru and the extreme northwestern part of Bolivia are considered to be the place of origin for the common potato, while southeast Bolivia and northwest Argentina seem to be the original development site for peanuts"
    }
  },
  "People and Society": {
    "Population": {
      "total": {
        "text": "12,311,974"
      },
      "male": {
        "text": "6,192,774"
      },
      "female": {
        "text": "6,119,200 (2024 est.)"
      }
    },
    "Nationality": {
      "noun": {
        "text": "Bolivian(s)"
      },
      "adjective": {
        "text": "Bolivian"
      }
    },
    "Ethnic groups": {
      "text": "Mestizo (mixed White and Indigenous ancestry) 68%, Indigenous 20%, White 5%, Cholo/Chola 2%, African descent 1%, other 1%, unspecified 3%; 44% other Indigenous group, predominantly Quechua or Aymara (2009 est.)",
      "note": "<strong>note:</strong> results among surveys vary based on the wording of the ethnicity question and the available response choices; the 2001 national census did not provide \"Mestizo\" as a response choice, resulting in a much higher proportion of respondents identifying themselves as belonging to one of the available indigenous ethnicity choices; the use of \"Mestizo\" and \"Cholo\" varies among response choices in surveys, with surveys using the terms interchangeably, providing one or the other as a response choice, or providing the two as separate response choices"
    },
    "Languages": {
      "Languages": {
        "text": "Spanish (official) 68.1%, Quechua (official) 17.2%, Aymara (official) 10.5%, Guarani (official) 0.6%, other 1.5%, unspecified 2.1%; note - Spanish and all Indigenous languages are official (2012 est.)"
      },
      "major-language sample(s)": {
        "text": "<br>La Libreta Informativa del Mundo, la fuente indispensable de información básica. (Spanish)<br><br>The World Factbook, the indispensable source for basic information."
      }
    },
    "Religions": {
      "text": "Roman Catholic 65%, Protestant 19.6% (Evangelical (non-specific) 11.9%, Evangelical Baptist 2.1%, Evangelical Pentecostal 1.8%, Evangelical Methodist 0.7%, Adventist 2.8%, Protestant (non-specific) 0.3%), Believer (not belonging to the church) 0.9%, other 4.8%, atheist 1.7%, agnostic 0.6%, none 6.1%, unspecified 1.3% (2023 est.)"
    },
    "Demographic profile": {
      "text": "<p>Bolivia ranks at or near the bottom among Latin American countries in several areas of health and development, including poverty, education, fertility, malnutrition, mortality, and life expectancy. On the positive side, more children are being vaccinated and more pregnant women are getting prenatal care and having skilled health practitioners attend their births.</p><p>Bolivia’s income inequality is the highest in Latin America and one of the highest in the world. Public education is of poor quality, and educational opportunities are among the most unevenly distributed in Latin America, with girls and indigenous and rural children less likely to be literate or to complete primary school. The lack of access to education and family planning services helps to sustain Bolivia’s high fertility rate—approximately three children per woman. Bolivia’s lack of clean water and basic sanitation, especially in rural areas, contributes to health problems.</p><p>Between 7% and 16% of Bolivia’s population lives abroad (estimates vary in part because of illegal migration). Emigrants primarily seek jobs and better wages in Argentina (the principal destination), the US, and Spain. In recent years, more restrictive immigration policies in Europe and the US have increased the flow of Bolivian emigrants to neighboring countries. Fewer Bolivians migrated to Brazil in 2015 and 2016 because of its recession; increasing numbers have been going to Chile, mainly to work as miners.</p>"
    },
    "Age structure": {
      "0-14 years": {
        "text": "28.5% (male 1,792,803/female 1,718,081)"
      },
      "15-64 years": {
        "text": "64.5% (male 4,002,587/female 3,937,953)"
      },
      "65 years and over": {
        "text": "7% (2024 est.) (male 397,384/female 463,166)"
      }
    },
    "Dependency ratios": {
      "total dependency ratio": {
        "text": "56.3"
      },
      "youth dependency ratio": {
        "text": "48.7"
      },
      "elderly dependency ratio": {
        "text": "12"
      },
      "potential support ratio": {
        "text": "8.3 (2021 est.)"
      }
    },
    "Median age": {
      "total": {
        "text": "26.6 years (2024 est.)"
      },
      "male": {
        "text": "26.2 years"
      },
      "female": {
        "text": "27 years"
      }
    },
    "Population growth rate": {
      "text": "1% (2024 est.)"
    },
    "Birth rate": {
      "text": "17.6 births/1,000 population (2024 est.)"
    },
    "Death rate": {
      "text": "6.6 deaths/1,000 population (2024 est.)"
    },
    "Net migration rate": {
      "text": "-1 migrant(s)/1,000 population (2024 est.)"
    },
    "Population distribution": {
      "text": "a high altitude plain in the west between two cordillera of the Andes, known as the Altiplano, is the focal area for most of the population; a dense settlement pattern is also found in and around the city of Santa Cruz, located on the eastern side of the Andes"
    },
    "Urbanization": {
      "urban population": {
        "text": "71.2% of total population (2023)"
      },
      "rate of urbanization": {
        "text": "1.87% annual rate of change (2020-25 est.)"
      }
    },
    "Major urban areas - population": {
      "text": "1.936 million LA PAZ (capital), 1.820 million Santa Cruz, 1.400 million Cochabamba (2022); 278,000 Sucre (constitutional capital) (2018)"
    },
    "Sex ratio": {
      "at birth": {
        "text": "1.05 male(s)/female"
      },
      "0-14 years": {
        "text": "1.04 male(s)/female"
      },
      "15-64 years": {
        "text": "1.02 male(s)/female"
      },
      "65 years and over": {
        "text": "0.86 male(s)/female"
      },
      "total population": {
        "text": "1.01 male(s)/female (2024 est.)"
      }
    },
    "Mother's mean age at first birth": {
      "text": "21.1 years (2008 est.)",
      "note": "<strong>note:</strong> data represents median age at first birth among women 25-49"
    },
    "Maternal mortality ratio": {
      "text": "161 deaths/100,000 live births (2020 est.)"
    },
    "Infant mortality rate": {
      "total": {
        "text": "22.3 deaths/1,000 live births (2024 est.)"
      },
      "male": {
        "text": "24.5 deaths/1,000 live births"
      },
      "female": {
        "text": "20 deaths/1,000 live births"
      }
    },
    "Life expectancy at birth": {
      "total population": {
        "text": "72.5 years (2024 est.)"
      },
      "male": {
        "text": "71 years"
      },
      "female": {
        "text": "74 years"
      }
    },
    "Total fertility rate": {
      "text": "2.2 children born/woman (2024 est.)"
    },
    "Gross reproduction rate": {
      "text": "1.07 (2024 est.)"
    },
    "Contraceptive prevalence rate": {
      "text": "66.5% (2016)"
    },
    "Drinking water source": {
      "improved: urban": {
        "text": "urban: 99.2% of population"
      },
      "improved: rural": {
        "text": "rural: 80.2% of population"
      },
      "improved: total": {
        "text": "total: 93.5% of population"
      },
      "unimproved: urban": {
        "text": "urban: 0.8% of population"
      },
      "unimproved: rural": {
        "text": "rural: 19.8% of population"
      },
      "unimproved: total": {
        "text": "total: 6.5% of population (2020 est.)"
      }
    },
    "Current health expenditure": {
      "text": "7.9% of GDP (2020)"
    },
    "Physician density": {
      "text": "1.03 physicians/1,000 population (2017)"
    },
    "Hospital bed density": {
      "text": "1.3 beds/1,000 population (2017)"
    },
    "Sanitation facility access": {
      "improved: urban": {
        "text": "urban: 97.8% of population"
      },
      "improved: rural": {
        "text": "rural: 48.4% of population"
      },
      "improved: total": {
        "text": "total: 83.1% of population"
      },
      "unimproved: urban": {
        "text": "urban: 2.2% of population"
      },
      "unimproved: rural": {
        "text": "rural: 51.6% of population"
      },
      "unimproved: total": {
        "text": "total: 16.9% of population (2020 est.)"
      }
    },
    "Obesity - adult prevalence rate": {
      "text": "20.2% (2016)"
    },
    "Alcohol consumption per capita": {
      "total": {
        "text": "2.98 liters of pure alcohol (2019 est.)"
      },
      "beer": {
        "text": "2.22 liters of pure alcohol (2019 est.)"
      },
      "wine": {
        "text": "0.14 liters of pure alcohol (2019 est.)"
      },
      "spirits": {
        "text": "0.54 liters of pure alcohol (2019 est.)"
      },
      "other alcohols": {
        "text": "0.08 liters of pure alcohol (2019 est.)"
      }
    },
    "Tobacco use": {
      "total": {
        "text": "12.7% (2020 est.)"
      },
      "male": {
        "text": "20.5% (2020 est.)"
      },
      "female": {
        "text": "4.8% (2020 est.)"
      }
    },
    "Children under the age of 5 years underweight": {
      "text": "3.4% (2016)"
    },
    "Currently married women (ages 15-49)": {
      "text": "57.1% (2023 est.)"
    },
    "Child marriage": {
      "women married by age 15": {
        "text": "3.4%"
      },
      "women married by age 18": {
        "text": "19.7%"
      },
      "men married by age 18": {
        "text": "5.2% (2016 est.)"
      }
    },
    "Education expenditures": {
      "text": "9.8% of GDP (2020 est.)"
    },
    "Literacy": {
      "definition": {
        "text": "age 15 and over can read and write"
      },
      "total population": {
        "text": "92.5%"
      },
      "male": {
        "text": "96.5%"
      },
      "female": {
        "text": "88.6% (2015)"
      }
    }
  },
  "Environment": {
    "Environment - current issues": {
      "text": "the clearing of land for agricultural purposes and the international demand for tropical timber are contributing to deforestation; soil erosion from overgrazing and poor cultivation methods (including slash-and-burn agriculture); desertification; loss of biodiversity; industrial pollution of water supplies used for drinking and irrigation"
    },
    "Environment - international agreements": {
      "party to": {
        "text": "Biodiversity, Climate Change, Climate Change-Kyoto Protocol, Climate Change-Paris Agreement, Comprehensive Nuclear Test Ban, Desertification, Endangered Species, Hazardous Wastes, Law of the Sea, Marine Dumping-London Convention, Nuclear Test Ban, Ozone Layer Protection, Ship Pollution, Wetlands,"
      },
      "signed, but not ratified": {
        "text": "Environmental Modification, Marine Life Conservation"
      }
    },
    "Climate": {
      "text": "varies with altitude; humid and tropical to cold and semiarid"
    },
    "Land use": {
      "agricultural land": {
        "text": "34.3% (2018 est.)"
      },
      "agricultural land: arable land": {
        "text": "arable land: 3.6% (2018 est.)"
      },
      "agricultural land: permanent crops": {
        "text": "permanent crops: 0.2% (2018 est.)"
      },
      "agricultural land: permanent pasture": {
        "text": "permanent pasture: 30.5% (2018 est.)"
      },
      "forest": {
        "text": "52.5% (2018 est.)"
      },
      "other": {
        "text": "13.2% (2018 est.)"
      }
    },
    "Urbanization": {
      "urban population": {
        "text": "71.2% of total population (2023)"
      },
      "rate of urbanization": {
        "text": "1.87% annual rate of change (2020-25 est.)"
      }
    },
    "Revenue from forest resources": {
      "text": "0.33% of GDP (2018 est.)"
    },
    "Revenue from coal": {
      "text": "0% of GDP (2018 est.)"
    },
    "Air pollutants": {
      "particulate matter emissions": {
        "text": "25.23 micrograms per cubic meter (2019 est.)"
      },
      "carbon dioxide emissions": {
        "text": "21.61 megatons (2016 est.)"
      },
      "methane emissions": {
        "text": "21.01 megatons (2020 est.)"
      }
    },
    "Waste and recycling": {
      "municipal solid waste generated annually": {
        "text": "2,219,052 tons (2015 est.)"
      },
      "municipal solid waste recycled annually": {
        "text": "268,727 tons (2015 est.)"
      },
      "percent of municipal solid waste recycled": {
        "text": "12.1% (2015 est.)"
      }
    },
    "Major lakes (area sq km)": {
      "fresh water lake(s)": {
        "text": "Lago Titicaca (shared with Peru) - 8,030 sq km"
      },
      "salt water lake(s)": {
        "text": "Lago Poopo - 1,340 sq km"
      }
    },
    "Major watersheds (area sq km)": {
      "text": "Atlantic Ocean drainage: Amazon (6,145,186 sq km), Paran&aacute; (2,582,704 sq km)"
    },
    "Major aquifers": {
      "text": "Amazon Basin"
    },
    "Total water withdrawal": {
      "municipal": {
        "text": "140 million cubic meters (2020 est.)"
      },
      "industrial": {
        "text": "30 million cubic meters (2020 est.)"
      },
      "agricultural": {
        "text": "1.92 billion cubic meters (2020 est.)"
      }
    },
    "Total renewable water resources": {
      "text": "574 billion cubic meters (2020 est.)"
    }
  },
  "Government": {
    "Country name": {
      "conventional long form": {
        "text": "Plurinational State of Bolivia"
      },
      "conventional short form": {
        "text": "Bolivia"
      },
      "local long form": {
        "text": "Estado Plurinacional de Bolivia"
      },
      "local short form": {
        "text": "Bolivia"
      },
      "etymology": {
        "text": "the country is named after Sim&oacute;n BOL&Iacute;VAR, a 19th-century leader in the South American wars for independence"
      }
    },
    "Government type": {
      "text": "presidential republic"
    },
    "Capital": {
      "name": {
        "text": "La Paz (administrative capital); Sucre (constitutional [legislative and judicial] capital)"
      },
      "geographic coordinates": {
        "text": "16 30 S, 68 09 W"
      },
      "time difference": {
        "text": "UTC-4 (1 hour ahead of Washington, DC, during Standard Time)"
      },
      "etymology": {
        "text": "La Paz is a shortening of the original name of the city, Nuestra Señora de La Paz (Our Lady of Peace); Sucre is named after Antonio José de SUCRE (1795-1830), military hero in the independence struggle from Spain and the second president of Bolivia"
      },
      "note": "<strong>note:</strong> at approximately 3,630 m above sea level, La Paz's elevation makes it the highest capital city in the world"
    },
    "Administrative divisions": {
      "text": "9 departments (departamentos, singular - departamento); Beni, Chuquisaca, Cochabamba, La Paz, Oruro, Pando, Potosi, Santa Cruz, Tarija"
    },
    "Independence": {
      "text": "6 August 1825 (from Spain)"
    },
    "National holiday": {
      "text": "Independence Day, 6 August (1825)"
    },
    "Legal system": {
      "text": "civil law system with influences from Roman, Spanish, canon (religious), French, and indigenous law"
    },
    "Constitution": {
      "history": {
        "text": "many previous; latest drafted 6 August 2006 to 9 December 2008, approved by referendum 25 January 2009, effective 7 February 2009"
      },
      "amendments": {
        "text": "proposed through public petition by at least 20% of voters or by the Plurinational Legislative Assembly; passage requires approval by at least two-thirds majority vote of the total membership of the Assembly and approval in a referendum; amended 2013"
      }
    },
    "International law organization participation": {
      "text": "has not submitted an ICJ jurisdiction declaration; accepts ICCt jurisdiction"
    },
    "Citizenship": {
      "citizenship by birth": {
        "text": "yes"
      },
      "citizenship by descent only": {
        "text": "yes"
      },
      "dual citizenship recognized": {
        "text": "yes"
      },
      "residency requirement for naturalization": {
        "text": "3 years"
      }
    },
    "Suffrage": {
      "text": "18 years of age; universal and compulsory"
    },
    "Executive branch": {
      "chief of state": {
        "text": "President Luis Alberto ARCE Catacora (since 8 November 2020)"
      },
      "head of government": {
        "text": "President Luis Alberto ARCE Catacora (since 8 November 2020)"
      },
      "cabinet": {
        "text": "Cabinet appointed by the president"
      },
      "elections/appointments": {
        "text": "president and vice president directly elected on the same ballot one of 3 ways: candidate wins at least 50% of the vote, or at least 40% of the vote and 10% more than the next highest candidate; otherwise a second round is held and the winner determined by simple majority vote; president and vice president are elected by majority vote to serve a 5-year term; no term limits (changed from two-consecutive-term limit by Constitutional Court in late 2017); election last held on 18 October 2020 (next to be held in October 2025)"
      },
      "election results": {
        "text": "<br><em>2020:</em> Luis Alberto ARCE Catacora elected president; percent of vote - Luis Alberto ARCE Catacora (MAS) 55.1%; Carlos Diego MESA Gisbert (CC) 28.8%; Luis Fernando CAMACHO Vaca (Creemos) 14%; other 2.1%<br><br><em>2019:</em> Juan Evo MORALES Ayma reelected president; percent of vote - Juan Evo MORALES Ayma (MAS) 61%; Samuel DORIA MEDINA Arana (UN) 24.5%; Jorge QUIROGA Ramirez (POC) 9.1%; other 5.4%; note - MORALES resigned from office on 10 November 2019 over alleged election rigging; resignations of all his constitutionally designated successors followed, including the Vice President, President of the Senate, President of the Chamber of Deputies, and First Vice President of the Senate, leaving the Second Vice President of the Senate, Jeanine ANEZ Chavez, the highest-ranking official still in office; her appointment to the presidency was endorsed by Bolivia's Constitutional Court, and she served as interim president until the 8 November 2020 inauguration of Luis Alberto ARCE Catacora, who won the 18 October 2020 presidential election"
      },
      "note": "<strong>note:</strong> the president is both chief of state and head of government"
    },
    "Legislative branch": {
      "legislature name": {
        "text": "Plurinational Legislative Assembly (Asamblea Legislativa Plurinacional)"
      },
      "legislative structure": {
        "text": "bicameral"
      }
    },
    "Legislative branch - lower chamber": {
      "chamber name": {
        "text": "Chamber of Deputies (Cámara de Diputados)"
      },
      "number of seats": {
        "text": "130 (all directly elected)"
      },
      "electoral system": {
        "text": "mixed system"
      },
      "scope of elections": {
        "text": "full renewal"
      },
      "term in office": {
        "text": "5 years"
      },
      "most recent election date": {
        "text": "10/18/2020"
      },
      "parties elected and seats per party": {
        "text": "Movement for Socialism (MAS-IPSP) (75); Civic Community (C.C) (39); Creemos (16)"
      },
      "percentage of women in chamber": {
        "text": "46.2%"
      },
      "expected date of next election": {
        "text": "October 2025"
      }
    },
    "Legislative branch - upper chamber": {
      "chamber name": {
        "text": "Chamber of Senators (Cámara de Senadores)"
      },
      "number of seats": {
        "text": "36 (all directly elected)"
      },
      "electoral system": {
        "text": "proportional representation"
      },
      "scope of elections": {
        "text": "full renewal"
      },
      "term in office": {
        "text": "5 years"
      },
      "most recent election date": {
        "text": "10/18/2020"
      },
      "parties elected and seats per party": {
        "text": "Movement for Socialism (MAS-IPSP) (21); Civic Community (C.C) (11); Creemos (4)"
      },
      "percentage of women in chamber": {
        "text": "55.6%"
      },
      "expected date of next election": {
        "text": "October 2025"
      }
    },
    "Judicial branch": {
      "highest court(s)": {
        "text": "Supreme Court or Tribunal Supremo de Justicia (consists of 12 judges or ministros organized into civil, penal, social, and administrative chambers); Plurinational Constitutional Tribunal (consists of 7 primary and 7 alternate magistrates); Plurinational Electoral Organ (consists of 7 members and 6 alternates); National Agro-Environment Court (consists of 5 primary and 5 alternate judges; Council of the Judiciary (consists of 3 primary and 3 alternate judges)"
      },
      "judge selection and term of office": {
        "text": "Supreme Court, Plurinational Constitutional Tribunal, National Agro-Environmental Court, and Council of the Judiciary candidates pre-selected by the Plurinational Legislative Assembly and elected by direct popular vote; judges elected for 6-year terms; Plurinational Electoral Organ judges appointed - 6 by the Legislative Assembly and 1 by the president of the republic; members serve single 6-year terms"
      },
      "subordinate courts": {
        "text": "National Electoral Court; District Courts (in each of the 9 administrative departments); agro-environmental lower courts"
      }
    },
    "Political parties": {
      "text": "Community Citizen Alliance or ACC<br>Front for Victory or FPV<br>Movement Toward Socialism or MAS<br>National Unity or UN<br>Revolutionary Left Front or FRI<br>Revolutionary Nationalist Movement or MNR<br>Social Democrat Movement or MDS<br>Third System Movement or MTS<br>We Believe or Creemos",
      "note": "<strong>note:</strong> We Believe or Creemos [Luis Fernando CAMACHO Vaca] is a coalition comprised of several opposition parties that participated in the 2020 election, which includes the Christian Democratic Party (PDC) and Solidarity Civic Unity (UCS)"
    },
    "International organization participation": {
      "text": "CAN, CD, CELAC, FAO, G-77, IADB, IAEA, IBRD, ICAO, ICC (national committees), ICCt, ICRM, IDA, IFAD, IFC, IFRCS, ILO, IMF, IMO, Interpol, IOC, IOM, IPU, ISO (correspondent), ITSO, ITU, LAES, LAIA, Mercosur (associate), MIGA, MINUSTAH, MONUSCO, NAM, OAS, OPANAL, OPCW, PCA, UN, UN Security Council (temporary), UNAMID, UNASUR, UNCTAD, UNESCO, UNIDO, Union Latina, UNISFA, UNMIL, UNMISS, UNOCI, UNOOSA, UNWTO, UPU, WCO, WFTU (NGOs), WHO, WIPO, WMO, WTO"
    },
    "Diplomatic representation in the US": {
      "chief of mission": {
        "text": "Ambassador (vacant); Charg&eacute; d'Affaires Henry BALDELOMAR CH&Aacute;VEZ (since 11 October 2023)"
      },
      "chancery": {
        "text": "3014 Massachusetts Ave., NW, Washington, DC 20008"
      },
      "telephone": {
        "text": "[1] (202) 483-4410"
      },
      "FAX": {
        "text": "[1] (202) 328-3712"
      },
      "email address and website": {
        "text": "<br>embolivia.wdc@gmail.com<br><br>https://www.boliviawdc.org/en-us/"
      },
      "consulate(s) general": {
        "text": "Houston, Los Angeles, Miami, New York"
      }
    },
    "Diplomatic representation from the US": {
      "chief of mission": {
        "text": "Ambassador (vacant); Chargé d'Affaires Debra HEVIA (since September 2023)"
      },
      "embassy": {
        "text": "Avenida Arce 2780, Casilla 425, La Paz"
      },
      "mailing address": {
        "text": "3220 La Paz Place, Washington DC&nbsp; 20512-3220"
      },
      "telephone": {
        "text": "[591] (2) 216-8000"
      },
      "FAX": {
        "text": "[591] (2) 216-8111"
      },
      "email address and website": {
        "text": "<br>ConsularLaPazACS@state.gov<br><br>https://bo.usembassy.gov/"
      },
      "note": "<strong>note:</strong> in September 2008, the Bolivian Government expelled the US Ambassador to Bolivia, Philip GOLDBERG, and both countries have yet to reinstate their ambassadors"
    },
    "Flag description": {
      "text": "three equal horizontal bands of red (top), yellow, and green with the coat of arms centered on the yellow band; red stands for bravery and the blood of national heroes, yellow for the nation's mineral resources, and green for the fertility of the land",
      "note": "<strong>note:</strong> similar to the flag of Ghana, which has a large black five-pointed star centered in the yellow band; in 2009, a presidential decree made it mandatory for a so-called wiphala - a square, multi-colored flag representing the country's indigenous peoples - to be used alongside the traditional flag"
    },
    "National symbol(s)": {
      "text": "llama, Andean condor, two national flowers: the cantuta and the patuju; national colors: red, yellow, green"
    },
    "National anthem": {
      "name": {
        "text": "\"Cancion Patriotica\" (Patriotic Song)"
      },
      "lyrics/music": {
        "text": "Jose Ignacio de SANJINES/Leopoldo Benedetto VINCENTI"
      },
      "note": "<strong>note:</strong> adopted 1852"
    },
    "National heritage": {
      "total World Heritage Sites": {
        "text": "7 (6 cultural, 1 natural)"
      },
      "selected World Heritage Site locales": {
        "text": "City of Potosi (c); El Fuerte de Samaipata (c); Historic Sucre (c); Jesuit Missions of Chiquitos (c); Noel Kempff Mercado National Park (n); Tiahuanacu (c); Qhapaq &Ntilde;an/Andean Road System (c)"
      }
    }
  },
  "Economy": {
    "Economic overview": {
      "text": "resource-rich economy benefits during commodity booms; has bestowed juridical rights to Mother Earth, impacting extraction industries; increasing Chinese lithium mining trade relations; hard hit by COVID-19; increased fiscal spending amid poverty increases; rampant banking and finance corruption"
    },
    "Real GDP (purchasing power parity)": {
      "Real GDP (purchasing power parity) 2023": {
        "text": "$120.531 billion (2023 est.)"
      },
      "Real GDP (purchasing power parity) 2022": {
        "text": "$116.927 billion (2022 est.)"
      },
      "Real GDP (purchasing power parity) 2021": {
        "text": "$112.858 billion (2021 est.)"
      },
      "note": "<b>note:</b> data in 2021 dollars"
    },
    "Real GDP growth rate": {
      "Real GDP growth rate 2023": {
        "text": "3.08% (2023 est.)"
      },
      "Real GDP growth rate 2022": {
        "text": "3.61% (2022 est.)"
      },
      "Real GDP growth rate 2021": {
        "text": "6.11% (2021 est.)"
      },
      "note": "<b>note:</b> annual GDP % growth based on constant local currency"
    },
    "Real GDP per capita": {
      "Real GDP per capita 2023": {
        "text": "$9,800 (2023 est.)"
      },
      "Real GDP per capita 2022": {
        "text": "$9,700 (2022 est.)"
      },
      "Real GDP per capita 2021": {
        "text": "$9,500 (2021 est.)"
      },
      "note": "<b>note:</b> data in 2021 dollars"
    },
    "GDP (official exchange rate)": {
      "text": "$45.135 billion (2023 est.)",
      "note": "<b>note:</b> data in current dollars at official exchange rate"
    },
    "Inflation rate (consumer prices)": {
      "Inflation rate (consumer prices) 2023": {
        "text": "2.58% (2023 est.)"
      },
      "Inflation rate (consumer prices) 2022": {
        "text": "1.75% (2022 est.)"
      },
      "Inflation rate (consumer prices) 2021": {
        "text": "0.74% (2021 est.)"
      },
      "note": "<b>note:</b> annual % change based on consumer prices"
    },
    "Credit ratings": {
      "Fitch rating": {
        "text": "B (2020)"
      },
      "Moody's rating": {
        "text": "B2 (2020)"
      },
      "Standard & Poors rating": {
        "text": "B+ (2020)"
      },
      "note": "<strong>note: </strong>The year refers to the year in which the current credit rating was first obtained."
    },
    "GDP - composition, by sector of origin": {
      "agriculture": {
        "text": "13.5% (2023 est.)"
      },
      "industry": {
        "text": "24.2% (2023 est.)"
      },
      "services": {
        "text": "51.1% (2023 est.)"
      },
      "note": "<b>note:</b> figures may not total 100% due to non-allocated consumption not captured in sector-reported data"
    },
    "GDP - composition, by end use": {
      "household consumption": {
        "text": "68.5% (2023 est.)"
      },
      "government consumption": {
        "text": "19.3% (2023 est.)"
      },
      "investment in fixed capital": {
        "text": "17.5% (2023 est.)"
      },
      "investment in inventories": {
        "text": "0.2% (2023 est.)"
      },
      "exports of goods and services": {
        "text": "25.5% (2023 est.)"
      },
      "imports of goods and services": {
        "text": "-30.9% (2023 est.)"
      },
      "note": "<b>note:</b> figures may not total 100% due to rounding or gaps in data collection"
    },
    "Agricultural products": {
      "text": "sugarcane, soybeans, potatoes, maize, rice, sorghum, milk, chicken, plantains, wheat (2022)",
      "note": "<b>note:</b> top ten agricultural products based on tonnage"
    },
    "Industries": {
      "text": "mining, smelting, electricity, petroleum, food and beverages, handicrafts, clothing, jewelry"
    },
    "Industrial production growth rate": {
      "text": "1.06% (2023 est.)",
      "note": "<b>note:</b> annual % change in industrial value added based on constant local currency"
    },
    "Labor force": {
      "text": "6.073 million (2023 est.)",
      "note": "<b>note:</b> number of people ages 15 or older who are employed or seeking work"
    },
    "Unemployment rate": {
      "Unemployment rate 2023": {
        "text": "3.08% (2023 est.)"
      },
      "Unemployment rate 2022": {
        "text": "3.55% (2022 est.)"
      },
      "Unemployment rate 2021": {
        "text": "5.09% (2021 est.)"
      },
      "note": "<b>note:</b> % of labor force seeking employment"
    },
    "Youth unemployment rate (ages 15-24)": {
      "total": {
        "text": "5.3% (2023 est.)"
      },
      "male": {
        "text": "4.5% (2023 est.)"
      },
      "female": {
        "text": "6.3% (2023 est.)"
      },
      "note": "<b>note:</b> % of labor force ages 15-24 seeking employment"
    },
    "Population below poverty line": {
      "text": "36.4% (2021 est.)",
      "note": "<b>note:</b> % of population with income below national poverty line"
    },
    "Gini Index coefficient - distribution of family income": {
      "Gini Index coefficient - distribution of family income 2021": {
        "text": "40.9 (2021 est.)"
      },
      "note": "<b>note:</b> index (0-100) of income distribution; higher values represent greater inequality"
    },
    "Average household expenditures": {
      "on food": {
        "text": "29.3% of household expenditures (2023 est.)"
      },
      "on alcohol and tobacco": {
        "text": "2.2% of household expenditures (2023 est.)"
      }
    },
    "Household income or consumption by percentage share": {
      "lowest 10%": {
        "text": "1.8% (2021 est.)"
      },
      "highest 10%": {
        "text": "30.3% (2021 est.)"
      },
      "note": "<b>note:</b> % share of income accruing to lowest and highest 10% of population"
    },
    "Remittances": {
      "Remittances 2023": {
        "text": "3.21% of GDP (2023 est.)"
      },
      "Remittances 2022": {
        "text": "3.32% of GDP (2022 est.)"
      },
      "Remittances 2021": {
        "text": "3.51% of GDP (2021 est.)"
      },
      "note": "<b>note:</b> personal transfers and compensation between resident and non-resident individuals/households/entities"
    },
    "Budget": {
      "revenues": {
        "text": "$11.796 billion (2019 est.)"
      },
      "expenditures": {
        "text": "$14.75 billion (2019 est.)"
      }
    },
    "Public debt": {
      "Public debt 2017": {
        "text": "49% of GDP (2017 est.)"
      },
      "note": "<strong>note:</strong> data cover general government debt and includes debt instruments issued by government entities other than the treasury; the data include treasury debt held by foreign entities; the data include debt issued by subnational entities"
    },
    "Taxes and other revenues": {
      "text": "39.9% (of GDP) (2017 est.)"
    },
    "Current account balance": {
      "Current account balance 2023": {
        "text": "-$1.175 billion (2023 est.)"
      },
      "Current account balance 2022": {
        "text": "$939.084 million (2022 est.)"
      },
      "Current account balance 2021": {
        "text": "$1.581 billion (2021 est.)"
      },
      "note": "<b>note:</b> balance of payments - net trade and primary/secondary income in current dollars"
    },
    "Exports": {
      "Exports 2023": {
        "text": "$11.905 billion (2023 est.)"
      },
      "Exports 2022": {
        "text": "$14.465 billion (2022 est.)"
      },
      "Exports 2021": {
        "text": "$11.594 billion (2021 est.)"
      },
      "note": "<b>note:</b> balance of payments - exports of goods and services in current dollars"
    },
    "Exports - partners": {
      "text": "India 16%, Brazil 14%, Argentina 13%, Colombia 8%, Japan 7% (2022)",
      "note": "<b>note:</b> top five export partners based on percentage share of exports"
    },
    "Exports - commodities": {
      "text": "natural gas, gold, zinc ore, soybean meal, soybean oil (2022)",
      "note": "<b>note:</b> top five export commodities based on value in dollars"
    },
    "Imports": {
      "Imports 2023": {
        "text": "$12.988 billion (2023 est.)"
      },
      "Imports 2022": {
        "text": "$13.462 billion (2022 est.)"
      },
      "Imports 2021": {
        "text": "$10.187 billion (2021 est.)"
      },
      "note": "<b>note:</b> balance of payments - imports of goods and services in current dollars"
    },
    "Imports - partners": {
      "text": "Brazil 20%, China 19%, Chile 13%, Peru 9%, Argentina 6% (2022)",
      "note": "<b>note:</b> top five import partners based on percentage share of imports"
    },
    "Imports - commodities": {
      "text": "refined petroleum, cars, pesticides, plastic products, trucks (2022)",
      "note": "<b>note:</b> top five import commodities based on value in dollars"
    },
    "Reserves of foreign exchange and gold": {
      "Reserves of foreign exchange and gold 2023": {
        "text": "$1.8 billion (2023 est.)"
      },
      "Reserves of foreign exchange and gold 2022": {
        "text": "$3.752 billion (2022 est.)"
      },
      "Reserves of foreign exchange and gold 2021": {
        "text": "$4.73 billion (2021 est.)"
      },
      "note": "<b>note:</b> holdings of gold (year-end prices)/foreign exchange/special drawing rights in current dollars"
    },
    "Debt - external": {
      "Debt - external 2023": {
        "text": "$11.953 billion (2023 est.)"
      },
      "note": "<b>note:</b> present value of external debt in current US dollars"
    },
    "Exchange rates": {
      "Currency": {
        "text": "bolivianos (BOB) per US dollar -"
      },
      "Exchange rates 2023": {
        "text": "6.91 (2023 est.)"
      },
      "Exchange rates 2022": {
        "text": "6.91 (2022 est.)"
      },
      "Exchange rates 2021": {
        "text": "6.91 (2021 est.)"
      },
      "Exchange rates 2020": {
        "text": "6.91 (2020 est.)"
      },
      "Exchange rates 2019": {
        "text": "6.91 (2019 est.)"
      }
    }
  },
  "Energy": {
    "Electricity access": {
      "electrification - total population": {
        "text": "99.9% (2022 est.)"
      },
      "electrification - urban areas": {
        "text": "100%"
      },
      "electrification - rural areas": {
        "text": "95.6%"
      }
    },
    "Electricity": {
      "installed generating capacity": {
        "text": "4.104 million kW (2022 est.)"
      },
      "consumption": {
        "text": "10.565 billion kWh (2022 est.)"
      },
      "transmission/distribution losses": {
        "text": "948.628 million kWh (2022 est.)"
      }
    },
    "Electricity generation sources": {
      "fossil fuels": {
        "text": "65% of total installed capacity (2022 est.)"
      },
      "solar": {
        "text": "3% of total installed capacity (2022 est.)"
      },
      "wind": {
        "text": "3.8% of total installed capacity (2022 est.)"
      },
      "hydroelectricity": {
        "text": "24.8% of total installed capacity (2022 est.)"
      },
      "biomass and waste": {
        "text": "3.4% of total installed capacity (2022 est.)"
      }
    },
    "Coal": {
      "consumption": {
        "text": "9,000 metric tons (2022 est.)"
      },
      "imports": {
        "text": "9,000 metric tons (2022 est.)"
      },
      "proven reserves": {
        "text": "1 million metric tons (2022 est.)"
      }
    },
    "Petroleum": {
      "total petroleum production": {
        "text": "58,000 bbl/day (2023 est.)"
      },
      "refined petroleum consumption": {
        "text": "87,000 bbl/day (2022 est.)"
      },
      "crude oil estimated reserves": {
        "text": "240.9 million barrels (2021 est.)"
      }
    },
    "Natural gas": {
      "production": {
        "text": "13.76 billion cubic meters (2022 est.)"
      },
      "consumption": {
        "text": "3.055 billion cubic meters (2022 est.)"
      },
      "exports": {
        "text": "10.285 billion cubic meters (2022 est.)"
      },
      "proven reserves": {
        "text": "302.99 billion cubic meters (2021 est.)"
      }
    },
    "Carbon dioxide emissions": {
      "total emissions": {
        "text": "17.773 million metric tonnes of CO2 (2022 est.)"
      },
      "from coal and metallurgical coke": {
        "text": "24,000 metric tonnes of CO2 (2022 est.)"
      },
      "from petroleum and other liquids": {
        "text": "11.768 million metric tonnes of CO2 (2022 est.)"
      },
      "from consumed natural gas": {
        "text": "5.981 million metric tonnes of CO2 (2022 est.)"
      }
    },
    "Energy consumption per capita": {
      "Total energy consumption per capita 2022": {
        "text": "24.229 million Btu/person (2022 est.)"
      }
    }
  },
  "Communications": {
    "Telephones - fixed lines": {
      "total subscriptions": {
        "text": "550,000 (2021 est.)"
      },
      "subscriptions per 100 inhabitants": {
        "text": "4 (2022 est.)"
      }
    },
    "Telephones - mobile cellular": {
      "total subscriptions": {
        "text": "12 million (2021 est.)"
      },
      "subscriptions per 100 inhabitants": {
        "text": "100 (2021 est.)"
      }
    },
    "Telecommunication systems": {
      "general assessment": {
        "text": "the structure of Bolivia&rsquo;s fixed telecom market is different from most other countries; local services are primarily provided by 15 telecom cooperatives; these are non-profit-making companies privately owned and controlled by their users; since the market was liberalized, the cooperatives have also provided long-distance telephony, while several also offer broadband and pay TV service; they have invested in network upgrades in a bid to improve services for customers, and to expand their footprints; Bolivia has a multi-carrier system wherein consumers can choose a long-distance carrier for each call by dialing the carrier&rsquo;s prefix; several operators have also adopted fixed-wireless technologies, and some rent fiber-optic capacity; the fixed broadband services remain expensive, though the cost of bandwidth is only a fraction of what it was only a few years ago; services are still unavailable in many rural and remote areas, and even in some of the major urban areas; being a landlocked country, Bolivia had no direct access to submarine cable networks, and relies on satellite services or terrestrial links across neighboring countries; in September 2020 a new cable running via Peru, has increased capacity and contributed to a dramatic fall in end-user prices; fixed broadband services are fast migrating from DSL to fiber, while there are also cable broadband services available in some major cities; in 2007 the focus was on providing telecom services in rural areas under a project known as &lsquo;Territory with Total Coverage&rsquo;; this project aims to increase telecom coverage through mobile rather than through fixed networks; Bolivia has almost twenty times as many mobile phone subscribers as fixed line connections, and the trend towards fixed-mobile substitution continues; all the mobile companies offer 3G and LTE services; due to the poor quality, high cost, and poor reach of DSL, mobile networks have become the principal platform for voice services and data access; by early 2021 companies&rsquo; networks reached more than 95% of the population; about 92% of all internet accesses are via smartphones (2021)"
      },
      "domestic": {
        "text": "4 per 100 fixed-line, mobile-cellular telephone use expanding rapidly and teledensity stands at 100 per 100 persons; most telephones are concentrated in La Paz, Santa Cruz, and other capital cities (2021)"
      },
      "international": {
        "text": "country code - 591; Bolivia has no direct access to submarine cable networks and must therefore connect to the rest of the world either via satellite or through terrestrial links across neighboring countries; satellite earth station - 1 Intelsat (Atlantic Ocean) (2019)"
      }
    },
    "Broadcast media": {
      "text": "large number of radio and TV stations broadcasting with private media outlets dominating; state-owned and private radio and TV stations generally operating freely, although both pro-government and anti-government groups have attacked media outlets in response to their reporting (2019)"
    },
    "Internet country code": {
      "text": ".bo"
    },
    "Internet users": {
      "percent of population": {
        "text": "73% (2022 est.)"
      }
    },
    "Broadband - fixed subscriptions": {
      "total": {
        "text": "1.33 million (2022 est.)"
      },
      "subscriptions per 100 inhabitants": {
        "text": "11 (2022 est.)"
      }
    }
  },
  "Transportation": {
    "National air transport system": {
      "number of registered air carriers": {
        "text": "7 (2020)"
      },
      "inventory of registered aircraft operated by air carriers": {
        "text": "39"
      },
      "annual passenger traffic on registered air carriers": {
        "text": "4,122,113 (2018)"
      },
      "annual freight traffic on registered air carriers": {
        "text": "13.73 million (2018) mt-km"
      }
    },
    "Civil aircraft registration country code prefix": {
      "text": "CP"
    },
    "Airports": {
      "text": "200 (2024)"
    },
    "Heliports": {
      "text": "3 (2024)"
    },
    "Pipelines": {
      "text": "5,457 km gas, 51 km liquid petroleum gas, 2,511 km oil, 1,627 km refined products (2013)"
    },
    "Railways": {
      "total": {
        "text": "3,960 km (2019)"
      },
      "narrow gauge": {
        "text": "3,960 km (2014) 1.000-m gauge"
      }
    },
    "Roadways": {
      "total": {
        "text": "90,568 km"
      },
      "paved": {
        "text": "9,792 km"
      },
      "unpaved": {
        "text": "80,776 km (2017)"
      }
    },
    "Waterways": {
      "text": "10,000 km (2012) (commercially navigable almost exclusively in the northern and eastern parts of the country)"
    },
    "Merchant marine": {
      "total": {
        "text": "50 (2023)"
      },
      "by type": {
        "text": "general cargo 30, oil tanker 2, other 18"
      }
    }
  },
  "Military and Security": {
    "Military and security forces": {
      "text": "Bolivian Armed Forces (Fuerzas Armadas de Bolivia or FAB): Bolivian Army (Ejercito de Boliviano, EB), Bolivian Naval Force (Fuerza Naval Boliviana, FNB), Bolivian Air Force (Fuerza Aerea Boliviana, FAB)<br><br>Ministry of Government: National Police (Policía Nacional de Bolivia, PNB) (2024)",
      "note": "<strong>note:</strong> the PNB includes two paramilitary forces, the Anti-Narcotics Special Forces (Fuerza Especial de Lucha Contra el Narcotráfico, FELCN) and the Anti-Terrorist Group (GAT); the PNB is part of the reserves for the Armed Forces; the police and military share responsibility for border enforcement"
    },
    "Military expenditures": {
      "Military Expenditures 2023": {
        "text": "1.2% of GDP (2023 est.)"
      },
      "Military Expenditures 2022": {
        "text": "1.3% of GDP (2022 est.)"
      },
      "Military Expenditures 2021": {
        "text": "1.4% of GDP (2021 est.)"
      },
      "Military Expenditures 2020": {
        "text": "1.4% of GDP (2020 est.)"
      },
      "Military Expenditures 2019": {
        "text": "1.4% of GDP (2019 est.)"
      }
    },
    "Military and security service personnel strengths": {
      "text": "approximately 40,000 active-duty military personnel; approximately 40,000 National Police (2023)"
    },
    "Military equipment inventories and acquisitions": {
      "text": "the military is equipped with a mix of mostly older Brazilian, Chinese, European, and US equipment (2024)"
    },
    "Military service age and obligation": {
      "text": "compulsory for all men between the ages of 18 and 22; men can volunteer from the age of 16, women from 18; service is for 12 months; Search and Rescue service can be substituted for citizens who have reached the age of compulsory military service; duration of this service is 24 months (2024)",
      "note": "<strong>note 1:</strong> foreign nationals 18-22 residing in Bolivia may join the armed forces; joining speeds the process of acquiring Bolivian citizenship by naturalization<br><br><strong>note 2:</strong> as of 2022, women comprised about 8% of the Bolivian military's personnel"
    },
    "Military - note": {
      "text": "the Bolivian Armed Forces (FAB) are responsible for territorial defense but also have some internal security duties, particularly counternarcotics and border security; the FAB shares responsibility for border enforcement with the National Police (PNB), and it may be called out to assist the PNB with maintaining public order in critical situations<br><br>Bolivia has a small naval force for patrolling some 5,000 miles of navigable rivers to combat narcotics trafficking and smuggling, provide disaster relief, and deliver supplies to remote rural areas, as well as for maintaining a presence on Lake Titicaca; the Navy also exists in part to cultivate a maritime tradition and as a reminder of Bolivia’s defeat at the hands of Chile in the War of the Pacific (1879-1883), and its desire to regain access to the Pacific Ocean; every year on 23 March, the Navy participates in parades and government ceremonies commemorating the Día Del Mar (Day of the Sea) holiday that remembers the loss (2024)"
    }
  },
  "Space": {
    "Space agency/agencies": {
      "text": "Bolivian Space Agency (la Agencia Boliviana Espacial, ABE; established 2010 as a national public company) (2024)"
    },
    "Space program overview": {
      "text": "has a small space program focused on acquiring and operating satellites; operates a telecommunications satellite and two ground stations; has cooperated with China and India and member states of the Latin American and Caribbean Space Agency (ALCE) (2024)",
      "note": "<strong>note:</strong> further details about the key activities, programs, and milestones of the country’s space program, as well as government spending estimates on the space sector, appear in the Space Programs reference guide"
    }
  },
  "Transnational Issues": {
    "Refugees and internally displaced persons": {
      "refugees (country of origin)": {
        "text": "16,350 (Venezuela) (2023)"
      }
    },
    "Illicit drugs": {
      "text": "<p>the third-largest source country of cocaine and a major transit country for Peruvian cocaine; coca cultivation in 2021 totaled 39,700 hectares (ha); most  cocaine is exported to other Latin American countries, especially Brazil, Paraguay, and Argentina, for domestic consumption, or for onward transit from those countries to West Africa and Europe, not the United States.</p> <p> </p>"
    }
  }
}