{
  "Introduction": {
    "Background": {
      "text": "South Georgia and the South Sandwich Islands lie approximately 1,000 km east of the Falkland Islands and have been under British administration since 1908 -- except for a brief period in 1982 when Argentina occupied them. Grytviken, on South Georgia, was a 19th- and early 20th-century whaling station. Famed explorer Ernest SHACKLETON stopped there in 1914 en route to his ill-fated attempt to cross Antarctica on foot. He returned some 20 months later with a few companions in a small boat and arranged a successful rescue for the rest of his crew, which was stranded off the Antarctic Peninsula. He died in 1922 on a subsequent expedition and is buried in Grytviken. Today, the station houses scientists from the British Antarctic Survey. Recognizing the importance of preserving the marine stocks in adjacent waters, the UK extended the exclusive fishing zone in 1993, from 12 nm to 200 nm around each island."
    }
  },
  "Geography": {
    "Location": {
      "text": "Southern South America, islands in the South Atlantic Ocean, east of the tip of South America"
    },
    "Geographic coordinates": {
      "text": "54 30 S, 37 00 W"
    },
    "Map references": {
      "text": "Antarctic Region"
    },
    "Area": {
      "total ": {
        "text": "3,903 sq km"
      },
      "land": {
        "text": "3,903 sq km"
      },
      "water": {
        "text": "0 sq km"
      },
      "note": "<strong>note:</strong> includes Shag Rocks, Black Rock, Clerke Rocks, South Georgia Island, Bird Island, and the South Sandwich Islands, which consist of 11 islands"
    },
    "Area - comparative": {
      "text": "slightly larger than Rhode Island"
    },
    "Land boundaries": {
      "total": {
        "text": "0 km"
      }
    },
    "Coastline": {
      "text": "NA"
    },
    "Maritime claims": {
      "territorial sea": {
        "text": "12 nm"
      },
      "exclusive fishing zone": {
        "text": "200 nm"
      }
    },
    "Climate": {
      "text": "variable, with mostly westerly winds throughout the year interspersed with periods of calm; nearly all precipitation falls as snow"
    },
    "Terrain": {
      "text": "most of the islands are rugged and mountainous rising steeply from the sea; South Georgia is largely barren with steep, glacier-covered mountains; the South Sandwich Islands are of volcanic origin with some active volcanoes"
    },
    "Elevation": {
      "highest point": {
        "text": "Mount Paget (South Georgia) 2,934 m"
      },
      "lowest point": {
        "text": "Atlantic Ocean 0 m"
      }
    },
    "Natural resources": {
      "text": "fish"
    },
    "Land use": {
      "other": {
        "text": "100% (2018 est.)"
      }
    },
    "Irrigated land": {
      "text": "0 sq km (2022)"
    },
    "Natural hazards": {
      "text": "the South Sandwich Islands have prevailing weather conditions that generally make them difficult to approach by ship; they are also subject to active volcanism"
    },
    "Geography - note": {
      "text": "the north coast of South Georgia has several large bays, which provide good anchorage"
    }
  },
  "People and Society": {
    "Population": {
      "total": {
        "text": "(July 2021 est.) no indigenous inhabitants"
      },
      "note": "<strong>note:</strong> the small military garrison on South Georgia withdrew in March 2001 and was replaced by a permanent group of scientists from the British Antarctic Survey, which also has a biological station on Bird Island; the South Sandwich Islands are uninhabited"
    }
  },
  "Environment": {
    "Environment - current issues": {
      "text": "reindeer - introduced to the islands in the 20th century - devastated the native flora and bird species; some reindeer were translocated to the Falkland Islands in 2001, the rest were exterminated (2013-14); a parallel effort (2010-15) eradicated rats and mice that came to the islands as stowaways on ships as early as the late 18th century"
    },
    "Climate": {
      "text": "variable, with mostly westerly winds throughout the year interspersed with periods of calm; nearly all precipitation falls as snow"
    },
    "Land use": {
      "other": {
        "text": "100% (2018 est.)"
      }
    }
  },
  "Government": {
    "Country name": {
      "conventional long form": {
        "text": "South Georgia and the South Sandwich Islands"
      },
      "conventional short form": {
        "text": "South Georgia and South Sandwich Islands"
      },
      "abbreviation": {
        "text": "SGSSI"
      },
      "etymology": {
        "text": "South Georgia was named \"the Isle of Georgia\" in 1775 by Captain James COOK in honor of British King GEORGE III; the explorer also discovered the Sandwich Islands Group that year, which he named \"Sandwich Land\" after John MONTAGU, the Earl of Sandwich and First Lord of the Admiralty; the word \"South\" was later added to distinguish these islands from the other Sandwich Islands, now known as the Hawaiian Islands"
      }
    },
    "Dependency status": {
      "text": "overseas territory of the UK, also claimed by Argentina; administered from the Falkland Islands by a commissioner, who is concurrently governor of the Falkland Islands, representing King CHARLES III"
    },
    "Legal system": {
      "text": "the laws of the UK, where applicable, apply"
    },
    "International organization participation": {
      "text": "UPU"
    },
    "Diplomatic representation in the US": {
      "text": "none (administered by the UK, claimed by Argentina)"
    },
    "Diplomatic representation from the US": {
      "text": "none (administered by the UK, claimed by Argentina)"
    },
    "Flag description": {
      "text": "blue with the flag of the UK in the upper hoist-side quadrant and the South Georgia and South Sandwich Islands coat of arms centered on the outer half of the flag; the coat of arms features a shield with a golden lion rampant, holding a torch; the shield is supported by a fur seal on the left and a Macaroni penguin on the right; a reindeer appears above the crest, and below the shield on a scroll is the motto LEO TERRAM PROPRIAM PROTEGAT (Let the Lion Protect its Own Land); the lion with the torch represents the UK and discovery; the background of the shield, blue and white estoiles, are found in the coat of arms of James Cook, discoverer of the islands; all the outer supporting animals represented are native to the islands"
    }
  },
  "Economy": {
  },
  "Communications": {
  },
  "Transportation": {
    "Heliports": {
      "text": "1 (2024)"
    },
    "Ports": {
      "total ports": {
        "text": "3 (2024)"
      },
      "large": {
        "text": "0"
      },
      "medium": {
        "text": "0"
      },
      "small": {
        "text": "0"
      },
      "very small": {
        "text": "3"
      },
      "ports with oil terminals": {
        "text": "1"
      },
      "key ports": {
        "text": "Grytviken, Prince Olav Harbor, Stromness Harbor"
      }
    }
  },
  "Military and Security": {
    "Military - note": {
      "text": "defense is the responsibility of the UK"
    }
  },
  "Transnational Issues": {
  }
}