{
  "Introduction": {
    "Background": {
      "text": "The first humans settled in New Caledonia around 1600 B.C. The Lapita were skilled navigators, and evidence of their pottery around the Pacific has served as a guide for understanding human expansion in the region. Successive waves of migrants from other islands in Melanesia intermarried with the Lapita, giving rise to the Kanak ethnic group considered indigenous to New Caledonia. British explorer James COOK was the first European to visit New Caledonia in 1774, giving it the Latin name for Scotland. Missionaries first landed in New Caledonia in 1840. In 1853, France annexed New Caledonia to preclude any British attempt to claim the island. France declared it a penal colony in 1864 and sent more than 20,000 prisoners to New Caledonia in the ensuing three decades.<br><br>Nickel was discovered in 1864, and French prisoners were directed to mine it. France brought in indentured servants and enslaved labor from elsewhere in Southeast Asia to work the mines, blocking Kanaks from accessing the most profitable part of the local economy. In 1878, High Chief ATAI led a rebellion against French rule. The Kanaks were relegated to reservations, leading to periodic smaller uprisings and culminating in a large revolt in 1917 that colonial authorities brutally suppressed. During World War II, New Caledonia became an important base for Allied troops, and the US moved its South Pacific headquarters to the island in 1942. Following the war, France made New Caledonia an overseas territory and granted French citizenship to all inhabitants in 1953, thereby permitting the Kanaks to move off the reservations.<br><br>The Kanak nationalist movement began in the 1950s, but most voters chose to remain a territory in an independence referendum in 1958. The European population of New Caledonia boomed in the 1970s with a renewed focus on nickel mining, reigniting Kanak nationalism. Key Kanak leaders were assassinated in the early 1980s, leading to escalating violence and dozens of fatalities. The Matignon Accords of 1988 provided for a 10-year transition period. The Noumea Accord of 1998 transferred increasing governing responsibility from France to New Caledonia over a 20-year period and provided for three independence referenda. In the first held in 2018, voters rejected independence by 57% to 43%; in the second held in 2020, voters rejected independence 53% to 47%. In the third referendum held in 2021, voters rejected independence 96% to 4%; however, a boycott by key Kanak groups spurred challenges about the legitimacy of the vote. Pro-independence parties subsequently won a majority in the New Caledonian Government for the first time. France and New Caledonia officials remain in talks about the status of the territory."
    }
  },
  "Geography": {
    "Location": {
      "text": "Oceania, islands in the South Pacific Ocean, east of Australia"
    },
    "Geographic coordinates": {
      "text": "21 30 S, 165 30 E"
    },
    "Map references": {
      "text": "Oceania"
    },
    "Area": {
      "total ": {
        "text": "18,575 sq km"
      },
      "land": {
        "text": "18,275 sq km"
      },
      "water": {
        "text": "300 sq km"
      }
    },
    "Area - comparative": {
      "text": "slightly smaller than New Jersey"
    },
    "Land boundaries": {
      "total": {
        "text": "0 km"
      }
    },
    "Coastline": {
      "text": "2,254 km"
    },
    "Maritime claims": {
      "territorial sea": {
        "text": "12 nm"
      },
      "exclusive economic zone": {
        "text": "200 nm"
      }
    },
    "Climate": {
      "text": "tropical; modified by southeast trade winds; hot, humid"
    },
    "Terrain": {
      "text": "coastal plains with interior mountains"
    },
    "Elevation": {
      "highest point": {
        "text": "Mont Panie 1,628 m"
      },
      "lowest point": {
        "text": "Pacific Ocean 0 m"
      }
    },
    "Natural resources": {
      "text": "nickel, chrome, iron, cobalt, manganese, silver, gold, lead, copper"
    },
    "Land use": {
      "agricultural land": {
        "text": "10.4% (2018 est.)"
      },
      "agricultural land: arable land": {
        "text": "arable land: 0.4% (2018 est.)"
      },
      "agricultural land: permanent crops": {
        "text": "permanent crops: 0.2% (2018 est.)"
      },
      "agricultural land: permanent pasture": {
        "text": "permanent pasture: 9.8% (2018 est.)"
      },
      "forest": {
        "text": "45.9% (2018 est.)"
      },
      "other": {
        "text": "43.7% (2018 est.)"
      }
    },
    "Irrigated land": {
      "text": "100 sq km (2012)"
    },
    "Population distribution": {
      "text": "most of the populace lives in the southern part of the main island, in and around the capital of Noumea"
    },
    "Natural hazards": {
      "text": "<p>cyclones, most frequent from November to March</p><p><strong>volcanism:</strong> Matthew and Hunter Islands are historically active</p>"
    },
    "Geography - note": {
      "text": "consists of the main island of New Caledonia (one of the largest in the Pacific Ocean), the archipelago of Iles Loyaute, and numerous small, sparsely populated islands and atolls"
    }
  },
  "People and Society": {
    "Population": {
      "total": {
        "text": "304,167"
      },
      "male": {
        "text": "151,389"
      },
      "female": {
        "text": "152,778 (2024 est.)"
      }
    },
    "Nationality": {
      "noun": {
        "text": "New Caledonian(s)"
      },
      "adjective": {
        "text": "New Caledonian"
      }
    },
    "Ethnic groups": {
      "text": "Kanak 39.1%, European 27.1%, Wallisian, Futunian 8.2%, Tahitian 2.1%, Indonesian 1.4%, Ni-Vanuatu 1%, Vietnamese 0.9%, other 17.7%, unspecified 2.5% (2014 est.)"
    },
    "Languages": {
      "Languages": {
        "text": "French (official), 33 Melanesian-Polynesian dialects"
      },
      "major-language sample(s)": {
        "text": "<br>The World Factbook, une source indispensable d'informations de base. (French)<br><br>The World Factbook, the indispensable source for basic information."
      }
    },
    "Religions": {
      "text": "Christian 85.2%, Muslim 2.8%, other 1.6%, unaffiliated 10.4% (2020 est.)"
    },
    "Age structure": {
      "0-14 years": {
        "text": "20.7% (male 32,238/female 30,858)"
      },
      "15-64 years": {
        "text": "68.4% (male 104,825/female 103,349)"
      },
      "65 years and over": {
        "text": "10.8% (2024 est.) (male 14,326/female 18,571)"
      }
    },
    "Dependency ratios": {
      "total dependency ratio": {
        "text": "49.6"
      },
      "youth dependency ratio": {
        "text": "33.6"
      },
      "elderly dependency ratio": {
        "text": "16"
      },
      "potential support ratio": {
        "text": "6.3 (2021 est.)"
      }
    },
    "Median age": {
      "total": {
        "text": "34.3 years (2024 est.)"
      },
      "male": {
        "text": "33.5 years"
      },
      "female": {
        "text": "35.1 years"
      }
    },
    "Population growth rate": {
      "text": "1.14% (2024 est.)"
    },
    "Birth rate": {
      "text": "13.8 births/1,000 population (2024 est.)"
    },
    "Death rate": {
      "text": "6 deaths/1,000 population (2024 est.)"
    },
    "Net migration rate": {
      "text": "3.6 migrant(s)/1,000 population (2024 est.)"
    },
    "Population distribution": {
      "text": "most of the populace lives in the southern part of the main island, in and around the capital of Noumea"
    },
    "Urbanization": {
      "urban population": {
        "text": "72.7% of total population (2023)"
      },
      "rate of urbanization": {
        "text": "1.72% annual rate of change (2020-25 est.)"
      }
    },
    "Major urban areas - population": {
      "text": "198,000 NOUMEA (capital) (2018)"
    },
    "Sex ratio": {
      "at birth": {
        "text": "1.05 male(s)/female"
      },
      "0-14 years": {
        "text": "1.04 male(s)/female"
      },
      "15-64 years": {
        "text": "1.01 male(s)/female"
      },
      "65 years and over": {
        "text": "0.77 male(s)/female"
      },
      "total population": {
        "text": "0.99 male(s)/female (2024 est.)"
      }
    },
    "Infant mortality rate": {
      "total": {
        "text": "4.8 deaths/1,000 live births (2024 est.)"
      },
      "male": {
        "text": "5.8 deaths/1,000 live births"
      },
      "female": {
        "text": "3.9 deaths/1,000 live births"
      }
    },
    "Life expectancy at birth": {
      "total population": {
        "text": "79.3 years (2024 est.)"
      },
      "male": {
        "text": "75.4 years"
      },
      "female": {
        "text": "83.3 years"
      }
    },
    "Total fertility rate": {
      "text": "1.83 children born/woman (2024 est.)"
    },
    "Gross reproduction rate": {
      "text": "0.89 (2024 est.)"
    },
    "Contraceptive prevalence rate": {
      "text": "NA"
    },
    "Drinking water source": {
      "improved: urban": {
        "text": "urban: NA"
      },
      "improved: rural": {
        "text": "rural: NA"
      },
      "improved: total": {
        "text": "total: 99.3% of population"
      },
      "unimproved: urban": {
        "text": "urban: NA"
      },
      "unimproved: rural": {
        "text": "rural: NA"
      },
      "unimproved: total": {
        "text": "total: 0.7% of population (2020 est.)"
      }
    },
    "Current health expenditure": {
      "text": "NA"
    },
    "Physician density": {
      "text": "NA"
    },
    "Sanitation facility access": {
      "improved: urban": {
        "text": "urban: NA"
      },
      "improved: rural": {
        "text": "rural: NA"
      },
      "improved: total": {
        "text": "total: 100% of population"
      },
      "unimproved: urban": {
        "text": "urban: NA"
      },
      "unimproved: rural": {
        "text": "rural: NA"
      },
      "unimproved: total": {
        "text": "total: 0% of population (2020 est.)"
      }
    },
    "Children under the age of 5 years underweight": {
      "text": "NA"
    },
    "Currently married women (ages 15-49)": {
      "text": "22.5% (2023 est.)"
    },
    "Education expenditures": {
      "text": "NA"
    },
    "Literacy": {
      "definition": {
        "text": "age 15 and over can read and write"
      },
      "total population": {
        "text": "96.9%"
      },
      "male": {
        "text": "97.3%"
      },
      "female": {
        "text": "96.5% (2015)"
      }
    }
  },
  "Environment": {
    "Environment - current issues": {
      "text": "preservation of coral reefs; prevention of invasive species; limiting erosion caused by nickel mining and forest fires"
    },
    "Climate": {
      "text": "tropical; modified by southeast trade winds; hot, humid"
    },
    "Land use": {
      "agricultural land": {
        "text": "10.4% (2018 est.)"
      },
      "agricultural land: arable land": {
        "text": "arable land: 0.4% (2018 est.)"
      },
      "agricultural land: permanent crops": {
        "text": "permanent crops: 0.2% (2018 est.)"
      },
      "agricultural land: permanent pasture": {
        "text": "permanent pasture: 9.8% (2018 est.)"
      },
      "forest": {
        "text": "45.9% (2018 est.)"
      },
      "other": {
        "text": "43.7% (2018 est.)"
      }
    },
    "Urbanization": {
      "urban population": {
        "text": "72.7% of total population (2023)"
      },
      "rate of urbanization": {
        "text": "1.72% annual rate of change (2020-25 est.)"
      }
    },
    "Air pollutants": {
      "carbon dioxide emissions": {
        "text": "5.33 megatons (2016 est.)"
      }
    },
    "Waste and recycling": {
      "municipal solid waste generated annually": {
        "text": "108,157 tons (2016 est.)"
      }
    }
  },
  "Government": {
    "Country name": {
      "conventional long form": {
        "text": "Territory of New Caledonia and Dependencies"
      },
      "conventional short form": {
        "text": "New Caledonia"
      },
      "local long form": {
        "text": "Territoire des Nouvelle-Cal&eacute;donie et d&eacute;pendances"
      },
      "local short form": {
        "text": "Nouvelle-Cal&eacute;donie"
      },
      "etymology": {
        "text": "British explorer Captain James COOK discovered and named New Caledonia in 1774; he used the appellation because the northeast of the island reminded him of Scotland (Caledonia is the Latin designation for Scotland)"
      }
    },
    "Government type": {
      "text": "parliamentary democracy (Territorial Congress); an overseas collectivity of France"
    },
    "Dependency status": {
      "text": "special collectivity (or a sui generis collectivity) of France since 1998; note - independence referenda took place on 4 November 2018, 4 October 2020, and 12 December 2021 with a majority voting in each case to reject independence in favor of maintaining the status quo; an 18-month transition period is now in place (ending 30 June 2023), during which a referendum on the new status of New Caledonia within France will take place&nbsp;"
    },
    "Capital": {
      "name": {
        "text": "Noumea"
      },
      "geographic coordinates": {
        "text": "22 16 S, 166 27 E"
      },
      "time difference": {
        "text": "UTC+11 (16 hours ahead of Washington, DC, during Standard Time)"
      },
      "etymology": {
        "text": "established in 1854 as Port-de-France, the settlement was renamed Noumea in 1866, in order to avoid any confusion with Fort-de-France in Martinique; the New Caledonian language of Ndrumbea (also spelled Ndumbea, Dubea, and Drubea) spoken in the area gave its name to the capital city, Noumea, as well as to the neighboring town (suburb) of Dumbea"
      }
    },
    "Administrative divisions": {
      "text": "3 provinces; Province Iles (Islands Province), Province Nord (North Province), and Province Sud (South Province)"
    },
    "Independence": {
      "text": "none (overseas collectivity of France); note - in three independence referenda, on 4 November 2018, 4 October 2020, and 12 December 2021, the majority voted to reject independence in favor of maintaining the status quo; an 18-month transition period is now in place (ending 30 June 2023), during which a referendum on the new status of New Caledonia within France will take place"
    },
    "National holiday": {
      "text": "F&ecirc;te de la F&eacute;d&eacute;ration, 14 July (1790); note - the local holiday is New Caledonia Day, 24 September (1853)"
    },
    "Legal system": {
      "text": "civil law system based on French civil law"
    },
    "Constitution": {
      "history": {
        "text": "4 October 1958 (French Constitution with changes as reflected in the Noumea Accord of 5 May 1998)"
      },
      "amendments": {
        "text": "French constitution amendment procedures apply"
      }
    },
    "Citizenship": {
      "text": "see France"
    },
    "Suffrage": {
      "text": "18 years of age; universal"
    },
    "Executive branch": {
      "chief of state": {
        "text": "President Emmanuel MACRON (since 14 May 2017); represented by High Commissioner Louise LEFRANC (since 6 February 2023)"
      },
      "head of government": {
        "text": "President of the Government Alcide PONGA (since 8 January 2025)"
      },
      "cabinet": {
        "text": "Cabinet elected from and by the Territorial Congress"
      },
      "elections/appointments": {
        "text": "French president directly elected by absolute majority popular vote in 2 rounds if needed for a 5-year term (eligible for a second term); high commissioner appointed by the French president on the advice of the French Ministry of Interior; president of New Caledonia elected by Territorial Congress for a 5-year term (no term limits); election last held on 8 July 2021 (next to be held in 2026)"
      },
      "election results": {
        "text": "<em>2025: </em>Alcide PONGA (The Republicans) elected president by Territorial Congress with 6 of 11 votes<em><br><br>2021:</em> Louis MAPOU (PALIKA) elected president by Territorial Congress with 6 of 11 votes<br><br><em>2019: </em>Thierry SANTA (The Republicans) elected president by Territorial Congress with 6 of 11 votes"
      }
    },
    "Legislative branch": {
      "legislature name": {
        "text": "Territorial Congress (Congr&egrave;s du Territoire)"
      },
      "legislative structure": {
        "text": "unicameral"
      },
      "number of seats": {
        "text": "54 (indirectly elected)"
      },
      "electoral system": {
        "text": "proportional representation"
      },
      "scope of elections": {
        "text": "full renewal"
      },
      "term in office": {
        "text": "5 years"
      },
      "most recent election date": {
        "text": "5/12/2019"
      },
      "parties elected and seats per party": {
        "text": "Future With Confidence 18, UNI 9, UC 9, CE 7, FLNKS 6, Oceanic Awakening 3, PT 1, LKS 1 (Anti-Independence 28, Pro-Independence 26)"
      },
      "expected date of next election": {
        "text": "December 2025"
      },
      "note": "<strong>note 1:</strong> the Customary Senate is the assembly of the various traditional councils of the Kanaks, the indigenous population; it rules on laws affecting Kanaks <br><strong><br>note 2:</strong> New Caledonia indirectly elects 2 members to the French Senate and directly elects 2 members to the French National Assembly (see France entry for electoral details)"
    },
    "Judicial branch": {
      "highest court(s)": {
        "text": "Court of Appeal in Noumea or Cour d'Appel; organized into civil, commercial, social, and pre-trial investigation chambers; court bench normally includes the court president and 2 counselors); Administrative Court (number of judges NA); note - final appeals beyond the Court of Appeal are referred to the Court of Cassation or Cour de Cassation (in Paris); final appeals beyond the Administrative Court are referred to the Administrative Court of Appeal (in Paris)"
      },
      "judge selection and term of office": {
        "text": "judge appointment and tenure based on France's judicial system"
      },
      "subordinate courts": {
        "text": "Courts of First Instance include: civil, juvenile, commercial, labor, police, criminal, assizes, and also a pre-trial investigation chamber; Joint Commerce Tribunal; administrative courts"
      }
    },
    "Political parties": {
      "text": "Caledonia Together or CE <br>Caledonian Union or UC <br>Future With Confidence or AEC <br>Kanak Socialist Front for National Liberation or FLNKS (alliance includes PALIKA, UNI, UC, and UPM) <br>Labor Party or PT <br>National Union for Independence or UNI <br>Oceanian Awakening <br>Party of Kanak Liberation or PALIKA <br>Socialist Kanak Liberation or LKS <br>The Republicans (formerly The Rally or UMP) "
    },
    "International organization participation": {
      "text": "ITUC (NGOs), PIF, SPC, UPU, WFTU (NGOs), WMO"
    },
    "Diplomatic representation in the US": {
      "text": "none (overseas territory of France)"
    },
    "Diplomatic representation from the US": {
      "embassy": {
        "text": "none (overseas territory of France)"
      }
    },
    "Flag description": {
      "text": "New Caledonia has two official flags; alongside the flag of France, the Kanak (indigenous Melanesian) flag has equal status; the latter consists of three equal horizontal bands of blue (top), red, and green; a large yellow disk - diameter two-thirds the height of the flag - shifted slightly to the hoist side is edged in black and displays a black fleche faitiere symbol, a native rooftop adornment"
    },
    "National symbol(s)": {
      "text": "fleche faitiere (native rooftop adornment), kagu bird; national colors: gray, red"
    },
    "National anthem": {
      "name": {
        "text": "\"Soyons unis, devenons freres\" (Let Us Be United, Let Us Become Brothers)"
      },
      "lyrics/music": {
        "text": "Chorale Melodia (a local choir)"
      },
      "note": "<strong>note:</strong> adopted 2008; contains a mixture of lyrics in both French and Nengone (an indigenous language); as a self-governing territory of France, in addition to the local anthem, \"La Marseillaise\" is official (see France)"
    },
    "National heritage": {
      "total World Heritage Sites": {
        "text": "1 (natural); note - excerpted from the France entry"
      },
      "selected World Heritage Site locales": {
        "text": "Lagoons of New Caledonia"
      }
    }
  },
  "Economy": {
    "Economic overview": {
      "text": "upper-middle-income French Pacific territorial economy; enormous nickel reserves; ongoing French independence negotiations; large Chinese nickel exporter; luxury eco-tourism destination; large French aid recipient; high cost-of-living; lingering wealth disparities"
    },
    "Real GDP (purchasing power parity)": {
      "Real GDP (purchasing power parity) 2021": {
        "text": "$10.266 billion (2021 est.)"
      },
      "Real GDP (purchasing power parity) 2017": {
        "text": "$11.11 billion (2017 est.)"
      },
      "Real GDP (purchasing power parity) 2016": {
        "text": "$10.89 billion (2016 est.)"
      },
      "note": "<strong>note:</strong> data are in 2015 dollars"
    },
    "Real GDP growth rate": {
      "Real GDP growth rate 2022": {
        "text": "3.5% (2022 est.)"
      },
      "Real GDP growth rate 2021": {
        "text": "-2.1% (2021 est.)"
      },
      "Real GDP growth rate 2020": {
        "text": "-2.4% (2020 est.)"
      },
      "note": "<b>note:</b> annual GDP % growth based on constant local currency"
    },
    "Real GDP per capita": {
      "Real GDP per capita 2021": {
        "text": "$35,700 (2021 est.)"
      },
      "Real GDP per capita 2015": {
        "text": "$31,100 (2015 est.)"
      },
      "Real GDP per capita 2014": {
        "text": "$32,100 (2014 est.)"
      }
    },
    "GDP (official exchange rate)": {
      "text": "$9.623 billion (2022 est.)",
      "note": "<b>note:</b> data in current dollars at official exchange rate"
    },
    "Inflation rate (consumer prices)": {
      "Inflation rate (consumer prices) 2017": {
        "text": "1.4% (2017 est.)"
      },
      "Inflation rate (consumer prices) 2016": {
        "text": "0.58% (2016 est.)"
      },
      "Inflation rate (consumer prices) 2015": {
        "text": "0.57% (2015 est.)"
      },
      "note": "<b>note:</b> annual % change based on consumer prices"
    },
    "GDP - composition, by sector of origin": {
      "agriculture": {
        "text": "1.8% (2019 est.)"
      },
      "industry": {
        "text": "22.3% (2019 est.)"
      },
      "services": {
        "text": "65.2% (2019 est.)"
      },
      "note": "<b>note:</b> figures may not total 100% due to non-allocated consumption not captured in sector-reported data"
    },
    "GDP - composition, by end use": {
      "household consumption": {
        "text": "65.6% (2017 est.)"
      },
      "government consumption": {
        "text": "23.5% (2017 est.)"
      },
      "investment in fixed capital": {
        "text": "27.9% (2017 est.)"
      },
      "investment in inventories": {
        "text": "-0.1% (2017 est.)"
      },
      "exports of goods and services": {
        "text": "21% (2017 est.)"
      },
      "imports of goods and services": {
        "text": "-37.9% (2017 est.)"
      },
      "note": "<b>note:</b> figures may not total 100% due to rounding or gaps in data collection"
    },
    "Agricultural products": {
      "text": "coconuts, vegetables, fruits, maize, beef, pork, eggs, yams, bananas, mangoes/guavas (2022)",
      "note": "<b>note:</b> top ten agricultural products based on tonnage"
    },
    "Industries": {
      "text": "nickel mining and smelting"
    },
    "Industrial production growth rate": {
      "text": "4.3% (2014 est.)",
      "note": "<b>note:</b> annual % change in industrial value added based on constant local currency"
    },
    "Labor force": {
      "text": "130,000 (2023 est.)",
      "note": "<b>note:</b> number of people ages 15 or older who are employed or seeking work"
    },
    "Unemployment rate": {
      "Unemployment rate 2023": {
        "text": "11.22% (2023 est.)"
      },
      "Unemployment rate 2022": {
        "text": "11.29% (2022 est.)"
      },
      "Unemployment rate 2021": {
        "text": "12.54% (2021 est.)"
      },
      "note": "<b>note:</b> % of labor force seeking employment"
    },
    "Youth unemployment rate (ages 15-24)": {
      "total": {
        "text": "32.6% (2023 est.)"
      },
      "male": {
        "text": "29.8% (2023 est.)"
      },
      "female": {
        "text": "35.7% (2023 est.)"
      },
      "note": "<b>note:</b> % of labor force ages 15-24 seeking employment"
    },
    "Remittances": {
      "Remittances 2022": {
        "text": "6.45% of GDP (2022 est.)"
      },
      "Remittances 2021": {
        "text": "6.17% of GDP (2021 est.)"
      },
      "Remittances 2020": {
        "text": "6.57% of GDP (2020 est.)"
      },
      "note": "<b>note:</b> personal transfers and compensation between resident and non-resident individuals/households/entities"
    },
    "Budget": {
      "revenues": {
        "text": "$1.995 billion (2015 est.)"
      },
      "expenditures": {
        "text": "$1.993 billion (2015 est.)"
      }
    },
    "Public debt": {
      "Public debt 2015": {
        "text": "6.5% of GDP (2015 est.)"
      }
    },
    "Taxes and other revenues": {
      "text": "20.4% (of GDP) (2015 est.)"
    },
    "Current account balance": {
      "Current account balance 2016": {
        "text": "-$654.237 million (2016 est.)"
      },
      "Current account balance 2015": {
        "text": "-$1.119 billion (2015 est.)"
      },
      "Current account balance 2014": {
        "text": "-$1.3 billion (2014 est.)"
      },
      "note": "<b>note:</b> balance of payments - net trade and primary/secondary income in current dollars"
    },
    "Exports": {
      "Exports 2021": {
        "text": "$1.92 billion (2021 est.)"
      },
      "Exports 2020": {
        "text": "$1.8 billion (2020 est.)"
      },
      "Exports 2019": {
        "text": "$1.79 billion (2019 est.)"
      },
      "note": "<b>note:</b> balance of payments - exports of goods and services in current dollars"
    },
    "Exports - partners": {
      "text": "China 62%, South Korea 14%, Japan 12%, Taiwan 2%, Spain 2% (2022)",
      "note": "<b>note:</b> top five export partners based on percentage share of exports"
    },
    "Exports - commodities": {
      "text": "iron alloys, nickel ore, nickel, aircraft, essential oils (2022)",
      "note": "<b>note:</b> top five export commodities based on value in dollars"
    },
    "Imports": {
      "Imports 2021": {
        "text": "$2.26 billion (2021 est.)"
      },
      "Imports 2020": {
        "text": "$2.1 billion (2020 est.)"
      },
      "Imports 2019": {
        "text": "$2.48 billion (2019 est.)"
      },
      "note": "<b>note:</b> balance of payments - imports of goods and services in current dollars"
    },
    "Imports - partners": {
      "text": "France 30%, Australia 22%, Singapore 13%, China 6%, Malaysia 6% (2022)",
      "note": "<b>note:</b> top five import partners based on percentage share of imports"
    },
    "Imports - commodities": {
      "text": "refined petroleum, coal, cars, packaged medicine, trucks (2022)",
      "note": "<b>note:</b> top five import commodities based on value in dollars"
    },
    "Exchange rates": {
      "Currency": {
        "text": "Comptoirs Francais du Pacifique francs (XPF) per US dollar -"
      },
      "Exchange rates 2023": {
        "text": "110.347 (2023 est.)"
      },
      "Exchange rates 2022": {
        "text": "113.474 (2022 est.)"
      },
      "Exchange rates 2021": {
        "text": "100.88 (2021 est.)"
      },
      "Exchange rates 2020": {
        "text": "104.711 (2020 est.)"
      },
      "Exchange rates 2019": {
        "text": "106.589 (2019 est.)"
      }
    }
  },
  "Energy": {
    "Electricity access": {
      "electrification - total population": {
        "text": "100% (2022 est.)"
      }
    },
    "Electricity": {
      "installed generating capacity": {
        "text": "1.069 million kW (2022 est.)"
      },
      "consumption": {
        "text": "2.666 billion kWh (2022 est.)"
      },
      "transmission/distribution losses": {
        "text": "66.3 million kWh (2022 est.)"
      }
    },
    "Electricity generation sources": {
      "fossil fuels": {
        "text": "83.4% of total installed capacity (2022 est.)"
      },
      "solar": {
        "text": "6.5% of total installed capacity (2022 est.)"
      },
      "wind": {
        "text": "2% of total installed capacity (2022 est.)"
      },
      "hydroelectricity": {
        "text": "8.1% of total installed capacity (2022 est.)"
      }
    },
    "Coal": {
      "consumption": {
        "text": "1.039 million metric tons (2022 est.)"
      },
      "imports": {
        "text": "1.039 million metric tons (2022 est.)"
      },
      "proven reserves": {
        "text": "2 million metric tons (2022 est.)"
      }
    },
    "Petroleum": {
      "refined petroleum consumption": {
        "text": "16,000 bbl/day (2022 est.)"
      }
    },
    "Carbon dioxide emissions": {
      "total emissions": {
        "text": "4.806 million metric tonnes of CO2 (2022 est.)"
      },
      "from coal and metallurgical coke": {
        "text": "2.366 million metric tonnes of CO2 (2022 est.)"
      },
      "from petroleum and other liquids": {
        "text": "2.44 million metric tonnes of CO2 (2022 est.)"
      }
    }
  },
  "Communications": {
    "Telephones - fixed lines": {
      "total subscriptions": {
        "text": "46,000 (2021 est.)"
      },
      "subscriptions per 100 inhabitants": {
        "text": "16 (2022 est.)"
      }
    },
    "Telephones - mobile cellular": {
      "total subscriptions": {
        "text": "260,000 (2021 est.)"
      },
      "subscriptions per 100 inhabitants": {
        "text": "90 (2021 est.)"
      }
    },
    "Telecommunication systems": {
      "general assessment": {
        "text": "New Caledonia&rsquo;s telecom sector provides fixed and mobile voice services, mobile internet, fixed broadband access, and wholesale services for other ISPs; the territory is well serviced by extensive 3G and LTE networks, and is considered to have one of the highest smartphone adoption rates in the Pacific region; by 2025, smart phone penetration is expected to reach 71%; while DSL is still the dominant fixed broadband technology, and a nationwide FttP network; the South Pacific region has become a hub for submarine cable system developments in recent years, with further networks scheduled to come online later in 2021 and into 2022; these new cables are expected to increase competition in the region with regards to international capacity; in 2020, the government owned telco commissioned Alcatel Submarine Networks (ASN) to build the Gondwana-2 cable system to provide additional network capacity and complement the Gondwana-1 cable (2022)"
      },
      "domestic": {
        "text": "fixed-line is 16 per 100 and mobile-cellular telephone subscribership 90 per 100 persons (2021)"
      },
      "international": {
        "text": "country code - 687; landing points for the Gondwana-1 and Picot-1 providing connectivity via submarine cables&nbsp;around New&nbsp;Caledonia and&nbsp;to Australia; satellite earth station - 1 Intelsat (Pacific Ocean) (2019)"
      }
    },
    "Broadcast media": {
      "text": "the publicly owned French Overseas Network (RFO), which operates in France's overseas departments and territories, broadcasts over the RFO Nouvelle-Cal&eacute;donie TV and radio stations; a small number of privately owned radio stations also broadcast"
    },
    "Internet country code": {
      "text": ".nc"
    },
    "Internet users": {
      "percent of population": {
        "text": "82% (2017 est.)"
      }
    },
    "Broadband - fixed subscriptions": {
      "total": {
        "text": "56,000 (2022 est.)"
      },
      "subscriptions per 100 inhabitants": {
        "text": "19 (2022 est.)"
      }
    }
  },
  "Transportation": {
    "National air transport system": {
      "number of registered air carriers": {
        "text": "3 (2020) (registered in France)"
      },
      "inventory of registered aircraft operated by air carriers": {
        "text": "15 (registered in France)"
      }
    },
    "Airports": {
      "text": "21 (2024)"
    },
    "Heliports": {
      "text": "2 (2024)"
    },
    "Roadways": {
      "total": {
        "text": "5,622 km (2006)"
      }
    },
    "Merchant marine": {
      "total": {
        "text": "23 (2023)"
      },
      "by type": {
        "text": "general cargo 5, oil tanker 1, other 17"
      }
    },
    "Ports": {
      "total ports": {
        "text": "3 (2024)"
      },
      "large": {
        "text": "0"
      },
      "medium": {
        "text": "0"
      },
      "small": {
        "text": "1"
      },
      "very small": {
        "text": "2"
      },
      "ports with oil terminals": {
        "text": "1"
      },
      "key ports": {
        "text": "Baie de Kouaoua, Baie Ugue, Noumea"
      }
    }
  },
  "Military and Security": {
    "Military and security forces": {
      "text": "no regular military forces; France bases land, air, and naval forces on New Caledonia (Forces Arm&eacute;es de la Nouvelle-Cal&eacute;donie, FANC) (2024)"
    },
    "Military - note": {
      "text": "defense is the responsibility of France"
    }
  },
  "Transnational Issues": {
  }
}