{
  "Introduction": {
    "Background": {
      "text": "<p>Austronesian speakers from the Solomon Islands first settled Vanuatu around 2000 B.C. By around 1000, localized chieftain systems began to develop on the islands. Around 1600, Melanesian Chief ROI MATA united some of the islands of modern-day Vanuatu under his rule. In 1606, a Portuguese explorer was the first European to see Vanuatu's Banks Islands and Espiritu Santo, setting up a short-lived settlement on the latter. The next European explorers arrived in the 1760s, and the islands -- then known as the New Hebrides -- were frequented by whalers in the 1800s. European interest in harvesting the islands’ sandalwood trees caused conflict with the inhabitants. In the 1860s, European planters in Australia, Fiji, New Caledonia, and Samoa needed labor and kidnapped almost half the adult males on the islands to work as indentured servants.<br><br>With growing and overlapping interests in the islands, France and the UK agreed that the New Hebrides would be neutral in 1878 and established a joint naval commission in 1887. In 1906, the two countries created the UK-France condominium to jointly administer the islands, with separate laws, police forces, currencies, and education and health systems. The condominium arrangement was dysfunctional, and the UK used France’s initial defeat in World War II to assert greater control over the islands. During the war, the US stationed up to 50,000 soldiers in Vanuatu. In 1945, they withdrew and sold their equipment, leading to the rise of political and religious movements known as \"cargo cults,\" such as the John Frum movement. <br><br>The UK-France condominium was reestablished after World War II. The UK was interested in moving the condominium toward independence in the 1960s, but France was hesitant. Political parties agitating for independence began to form, largely divided along linguistic lines. France eventually relented, and elections were held in 1974, with independence granted to the newly named Vanuatu in 1980 under English-speaking Prime Minister Walter LINI. The Nagriamel Movement, with support from French-speaking landowners, then declared the island of Espiritu Santo independent from Vanuatu, but the short-lived state was dissolved 12 weeks later. Linguistic divisions have lessened over time, but highly fractious political parties have led to weak coalition governments that require support from both Anglophone and Francophone parties. Since 2008, prime ministers have been ousted more than a dozen times through no-confidence motions or temporary procedural issues.<br></p>"
    }
  },
  "Geography": {
    "Location": {
      "text": "Oceania, group of islands in the South Pacific Ocean, about three-quarters of the way from Hawaii to Australia"
    },
    "Geographic coordinates": {
      "text": "16 00 S, 167 00 E"
    },
    "Map references": {
      "text": "Oceania"
    },
    "Area": {
      "total ": {
        "text": "12,189 sq km"
      },
      "land": {
        "text": "12,189 sq km"
      },
      "water": {
        "text": "0 sq km"
      },
      "note": "<strong>note:</strong> includes more than 80 islands, about 65 of which are inhabited"
    },
    "Area - comparative": {
      "text": "slightly larger than Connecticut"
    },
    "Land boundaries": {
      "total": {
        "text": "0 km"
      }
    },
    "Coastline": {
      "text": "2,528 km"
    },
    "Maritime claims": {
      "territorial sea": {
        "text": "12 nm"
      },
      "contiguous zone": {
        "text": "24 nm"
      },
      "exclusive economic zone": {
        "text": "200 nm"
      },
      "continental shelf": {
        "text": "200 nm or to the edge of the continental margin"
      },
      "note": "measured from claimed archipelagic baselines"
    },
    "Climate": {
      "text": "tropical; moderated by southeast trade winds from May to October; moderate rainfall from November to April; may be affected by cyclones from December to April"
    },
    "Terrain": {
      "text": "mostly mountainous islands of volcanic origin; narrow coastal plains"
    },
    "Elevation": {
      "highest point": {
        "text": "Tabwemasana 1,877 m"
      },
      "lowest point": {
        "text": "Pacific Ocean 0 m"
      }
    },
    "Natural resources": {
      "text": "manganese, hardwood forests, fish"
    },
    "Land use": {
      "agricultural land": {
        "text": "15.3% (2018 est.)"
      },
      "agricultural land: arable land": {
        "text": "arable land: 1.6% (2018 est.)"
      },
      "agricultural land: permanent crops": {
        "text": "permanent crops: 10.3% (2018 est.)"
      },
      "agricultural land: permanent pasture": {
        "text": "permanent pasture: 3.4% (2018 est.)"
      },
      "forest": {
        "text": "36.1% (2018 est.)"
      },
      "other": {
        "text": "48.6% (2018 est.)"
      }
    },
    "Irrigated land": {
      "text": "0 sq km (2022)"
    },
    "Population distribution": {
      "text": "three-quarters of the population lives in rural areas; the urban populace lives primarily in two cities, Port-Vila and Lugenville; three largest islands - Espiritu Santo, Malakula, and Efate - accomodate over half of the populace"
    },
    "Natural hazards": {
      "text": "<p>tropical cyclones (January to April); volcanic eruption on Aoba (Ambae) island began on 27 November 2005, volcanism also causes minor earthquakes; tsunamis</p><p><strong>volcanism:</strong> significant volcanic activity with multiple eruptions in recent years; Yasur (361 m), one of the world's most active volcanoes, has experienced continuous activity in recent centuries; other historically active volcanoes include Aoba, Ambrym, Epi, Gaua, Kuwae, Lopevi, Suretamatai, and Traitor's Head</p>"
    },
    "Geography - note": {
      "text": "a Y-shaped chain of four main islands and 80 smaller islands; several of the islands have active volcanoes and there are several underwater volcanoes as well"
    }
  },
  "People and Society": {
    "Population": {
      "total": {
        "text": "318,007"
      },
      "male": {
        "text": "157,932"
      },
      "female": {
        "text": "160,075 (2024 est.)"
      }
    },
    "Nationality": {
      "noun": {
        "text": "Ni-Vanuatu (singular and plural)"
      },
      "adjective": {
        "text": "Ni-Vanuatu"
      }
    },
    "Ethnic groups": {
      "text": "Ni-Vanuatu 99%, other 1% (European, Asian, other Melanesian, Polynesian, Micronesian, other) (2020 est.)"
    },
    "Languages": {
      "text": "indigenous languages (more than 100) 82.6%, Bislama (official; creole) 14.5%, English (official) 2.1%, French (official) 0.8% (2020 est.)",
      "note": "<strong>note:</strong> data represent first language spoken for population aged 3 years and above"
    },
    "Religions": {
      "text": "Protestant 39.9% (Presbyterian 27.2%, Seventh Day Adventist 14.8%, Anglican 12%, Churches of Christ 5%, Assemblies of God 4.9%, Neil Thomas Ministry/Inner Life Ministry 3.2%), Roman Catholic 12.1%, Apostolic 2.3%, Church of Jesus Christ 1.8%, customary beliefs (including Jon Frum cargo cult) 3.1%, other 12%, none 1.4%, unspecified 0.1% (2020 est.)"
    },
    "Age structure": {
      "0-14 years": {
        "text": "31.1% (male 50,584/female 48,475)"
      },
      "15-64 years": {
        "text": "63.8% (male 99,496/female 103,425)"
      },
      "65 years and over": {
        "text": "5% (2024 est.) (male 7,852/female 8,175)"
      }
    },
    "Dependency ratios": {
      "total dependency ratio": {
        "text": "76.5"
      },
      "youth dependency ratio": {
        "text": "69.9"
      },
      "elderly dependency ratio": {
        "text": "12.3"
      },
      "potential support ratio": {
        "text": "15.2 (2021 est.)"
      }
    },
    "Median age": {
      "total": {
        "text": "24.6 years (2024 est.)"
      },
      "male": {
        "text": "24.1 years"
      },
      "female": {
        "text": "25 years"
      }
    },
    "Population growth rate": {
      "text": "1.55% (2024 est.)"
    },
    "Birth rate": {
      "text": "20.8 births/1,000 population (2024 est.)"
    },
    "Death rate": {
      "text": "4 deaths/1,000 population (2024 est.)"
    },
    "Net migration rate": {
      "text": "-1.3 migrant(s)/1,000 population (2024 est.)"
    },
    "Population distribution": {
      "text": "three-quarters of the population lives in rural areas; the urban populace lives primarily in two cities, Port-Vila and Lugenville; three largest islands - Espiritu Santo, Malakula, and Efate - accomodate over half of the populace"
    },
    "Urbanization": {
      "urban population": {
        "text": "26% of total population (2023)"
      },
      "rate of urbanization": {
        "text": "2.55% annual rate of change (2020-25 est.)"
      }
    },
    "Major urban areas - population": {
      "text": "53,000 PORT-VILA (capital) (2018)"
    },
    "Sex ratio": {
      "at birth": {
        "text": "1.05 male(s)/female"
      },
      "0-14 years": {
        "text": "1.04 male(s)/female"
      },
      "15-64 years": {
        "text": "0.96 male(s)/female"
      },
      "65 years and over": {
        "text": "0.96 male(s)/female"
      },
      "total population": {
        "text": "0.99 male(s)/female (2024 est.)"
      }
    },
    "Maternal mortality ratio": {
      "text": "94 deaths/100,000 live births (2020 est.)"
    },
    "Infant mortality rate": {
      "total": {
        "text": "13.7 deaths/1,000 live births (2024 est.)"
      },
      "male": {
        "text": "15 deaths/1,000 live births"
      },
      "female": {
        "text": "12.3 deaths/1,000 live births"
      }
    },
    "Life expectancy at birth": {
      "total population": {
        "text": "75.7 years (2024 est.)"
      },
      "male": {
        "text": "74 years"
      },
      "female": {
        "text": "77.4 years"
      }
    },
    "Total fertility rate": {
      "text": "2.53 children born/woman (2024 est.)"
    },
    "Gross reproduction rate": {
      "text": "1.23 (2024 est.)"
    },
    "Contraceptive prevalence rate": {
      "text": "49% (2013)"
    },
    "Drinking water source": {
      "improved: urban": {
        "text": "urban: 100% of population"
      },
      "improved: rural": {
        "text": "rural: 89.7% of population"
      },
      "improved: total": {
        "text": "total: 92.3% of population"
      },
      "unimproved: urban": {
        "text": "urban: 0% of population"
      },
      "unimproved: rural": {
        "text": "rural: 10.3% of population"
      },
      "unimproved: total": {
        "text": "total: 7.7% of population (2020 est.)"
      }
    },
    "Current health expenditure": {
      "text": "4% of GDP (2020)"
    },
    "Physician density": {
      "text": "0.17 physicians/1,000 population (2016)"
    },
    "Sanitation facility access": {
      "improved: urban": {
        "text": "urban: 91.1% of population"
      },
      "improved: rural": {
        "text": "rural: 60.4% of population"
      },
      "improved: total": {
        "text": "total: 68.2% of population"
      },
      "unimproved: urban": {
        "text": "urban: 8.9% of population"
      },
      "unimproved: rural": {
        "text": "rural: 39.6% of population"
      },
      "unimproved: total": {
        "text": "total: 31.8% of population (2020 est.)"
      }
    },
    "Obesity - adult prevalence rate": {
      "text": "25.2% (2016)"
    },
    "Alcohol consumption per capita": {
      "total": {
        "text": "1.6 liters of pure alcohol (2019 est.)"
      },
      "beer": {
        "text": "0.34 liters of pure alcohol (2019 est.)"
      },
      "wine": {
        "text": "0.39 liters of pure alcohol (2019 est.)"
      },
      "spirits": {
        "text": "0.87 liters of pure alcohol (2019 est.)"
      },
      "other alcohols": {
        "text": "0 liters of pure alcohol (2019 est.)"
      }
    },
    "Tobacco use": {
      "total": {
        "text": "17.8% (2020 est.)"
      },
      "male": {
        "text": "33% (2020 est.)"
      },
      "female": {
        "text": "2.6% (2020 est.)"
      }
    },
    "Children under the age of 5 years underweight": {
      "text": "11.7% (2013)"
    },
    "Currently married women (ages 15-49)": {
      "text": "69.2% (2023 est.)"
    },
    "Education expenditures": {
      "text": "2.2% of GDP (2020 est.)"
    },
    "Literacy": {
      "definition": {
        "text": "age 15 and over can read and write"
      },
      "total population": {
        "text": "89.1%"
      },
      "male": {
        "text": "89.8%"
      },
      "female": {
        "text": "88.4% (2021)"
      }
    }
  },
  "Environment": {
    "Environment - current issues": {
      "text": "population growth; water pollution, most of the population does not have access to a reliable supply of potable water; inadequate sanitation; deforestation"
    },
    "Environment - international agreements": {
      "party to": {
        "text": "Antarctic-Marine Living Resources, Biodiversity, Climate Change, Climate Change-Kyoto Protocol, Climate Change-Paris Agreement, Comprehensive Nuclear Test Ban, Desertification, Endangered Species, Hazardous Wastes, Law of the Sea, Marine Dumping-London Convention, Marine Dumping-London Protocol, Ozone Layer Protection, Ship Pollution, Wetlands"
      },
      "signed, but not ratified": {
        "text": "none of the selected agreements"
      }
    },
    "Climate": {
      "text": "tropical; moderated by southeast trade winds from May to October; moderate rainfall from November to April; may be affected by cyclones from December to April"
    },
    "Land use": {
      "agricultural land": {
        "text": "15.3% (2018 est.)"
      },
      "agricultural land: arable land": {
        "text": "arable land: 1.6% (2018 est.)"
      },
      "agricultural land: permanent crops": {
        "text": "permanent crops: 10.3% (2018 est.)"
      },
      "agricultural land: permanent pasture": {
        "text": "permanent pasture: 3.4% (2018 est.)"
      },
      "forest": {
        "text": "36.1% (2018 est.)"
      },
      "other": {
        "text": "48.6% (2018 est.)"
      }
    },
    "Urbanization": {
      "urban population": {
        "text": "26% of total population (2023)"
      },
      "rate of urbanization": {
        "text": "2.55% annual rate of change (2020-25 est.)"
      }
    },
    "Revenue from forest resources": {
      "text": "0.54% of GDP (2018 est.)"
    },
    "Revenue from coal": {
      "text": "0% of GDP (2018 est.)"
    },
    "Air pollutants": {
      "particulate matter emissions": {
        "text": "8.42 micrograms per cubic meter (2019 est.)"
      },
      "carbon dioxide emissions": {
        "text": "0.15 megatons (2016 est.)"
      },
      "methane emissions": {
        "text": "0.5 megatons (2020 est.)"
      }
    },
    "Waste and recycling": {
      "municipal solid waste generated annually": {
        "text": "70,225 tons (2012 est.)"
      },
      "municipal solid waste recycled annually": {
        "text": "25,983 tons (2013 est.)"
      },
      "percent of municipal solid waste recycled": {
        "text": "37% (2013 est.)"
      }
    },
    "Total renewable water resources": {
      "text": "10 billion cubic meters (2020 est.)"
    }
  },
  "Government": {
    "Country name": {
      "conventional long form": {
        "text": "Republic of Vanuatu"
      },
      "conventional short form": {
        "text": "Vanuatu"
      },
      "local long form": {
        "text": "Ripablik blong Vanuatu"
      },
      "local short form": {
        "text": "Vanuatu"
      },
      "former": {
        "text": "New Hebrides"
      },
      "etymology": {
        "text": "derived from the words \"vanua\" (home or land) and \"tu\" (stand) that occur in several of the Austonesian languages spoken on the islands and which provide a meaning of \"the land remains\" but which also convey a sense of \"independence\" or \"our land\""
      }
    },
    "Government type": {
      "text": "parliamentary republic"
    },
    "Capital": {
      "name": {
        "text": "Port-Vila (on Efate)"
      },
      "geographic coordinates": {
        "text": "17 44 S, 168 19 E"
      },
      "time difference": {
        "text": "UTC+11 (16 hours ahead of Washington, DC, during Standard Time)"
      },
      "etymology": {
        "text": "there are two possibilities for the origin of the name: early European settlers were Portuguese and \"vila\" means \"village or town\" in Portuguese, hence \"Port-Vila\" would mean \"Port Town\"; alternatively, the site of the capital is referred to as \"Efil\" or \"Ifira\" in native languages, \"Vila\" is a likely corruption of these names"
      }
    },
    "Administrative divisions": {
      "text": "6 provinces; Malampa, Penama, Sanma, Shefa, Tafea, Torba"
    },
    "Independence": {
      "text": "30 July 1980 (from France and the UK)"
    },
    "National holiday": {
      "text": "Independence Day, 30 July (1980)"
    },
    "Legal system": {
      "text": "mixed legal system of English common law, French law, and customary law"
    },
    "Constitution": {
      "history": {
        "text": "draft completed August 1979, finalized by constitution conference 19 September 1979, ratified by French and British Governments 23 October 1979, effective 30 July 1980 at independence"
      },
      "amendments": {
        "text": "proposed by the prime minister or by the Parliament membership; passage requires at least two-thirds majority vote by Parliament in special session with at least three fourths of the membership; passage of amendments affecting the national and official languages, or the electoral and parliamentary system also requires approval in a referendum; amended several times, last in 2013"
      }
    },
    "International law organization participation": {
      "text": "has not submitted an ICJ jurisdiction declaration; accepts ICCt jurisdiction"
    },
    "Citizenship": {
      "citizenship by birth": {
        "text": "no"
      },
      "citizenship by descent only": {
        "text": "both parents must be citizens of Vanuatu; in the case of only one parent, it must be the father who is a citizen"
      },
      "dual citizenship recognized": {
        "text": "no"
      },
      "residency requirement for naturalization": {
        "text": "10 years"
      }
    },
    "Suffrage": {
      "text": "18 years of age; universal"
    },
    "Executive branch": {
      "chief of state": {
        "text": "President Nikenike VUROBARAVU (since 23 July 2022)"
      },
      "head of government": {
        "text": "Prime Minister Charlot SALWAI (since 6 October 2023)"
      },
      "cabinet": {
        "text": "Council of Ministers appointed by the prime minister, responsible to Parliament"
      },
      "elections/appointments": {
        "text": "president indirectly elected by an electoral college consisting of Parliament and presidents of the 6 provinces; Vanuatu president serves a 5-year term; election last held on 23 July 2022 (next to be held in 2027); following legislative elections, the leader of the majority party or majority coalition usually elected prime minister by Parliament from among its members; election for prime minister last held on 20 April 2020 (next to be held following general elections in 2024)"
      },
      "election results": {
        "text": "<em>2022:</em> Nikenike VUROBARAVU elected president in eighth round; electoral college vote - Nikenike VUROBARAVU (VP) 48 votes, Solas MOLISA (VP) 4 votes; note - Charlot SALWAI (RMC) elected prime minister on 6 October 2023, 29 votes for, 0 against; Prime Minister Sato KILMAN lost no-confidence vote on 6 October 2023, requiring a new election"
      },
      "note": "<strong>note:</strong> the National Council of Chiefs (Malvatu Mauri) is a formal advisory body of chiefs recognized by the country's constitution; it advises the government on matters of culture and language"
    },
    "Legislative branch": {
      "legislature name": {
        "text": "Parliament"
      },
      "legislative structure": {
        "text": "unicameral"
      },
      "number of seats": {
        "text": "52 (all directly elected)"
      },
      "electoral system": {
        "text": "proportional representation"
      },
      "scope of elections": {
        "text": "full renewal"
      },
      "term in office": {
        "text": "4 years"
      },
      "most recent election date": {
        "text": "10/13/2022"
      },
      "parties elected and seats per party": {
        "text": "Union of Moderate Parties (UMP) (7); Vanua'aku Pati (VP) (7); Leaders Party of Vanuatu (LPV) (5); Reunification Movement for Change (RMC) (5); Graon mo Jastis Pati (Land and Justice Party, GJP) (4); National United Party (NUP) (4); Rural Development Party (RDP) (4); Iauko Group (IG) (3); Other (13)"
      },
      "percentage of women in chamber": {
        "text": "1.9%"
      },
      "expected date of next election": {
        "text": "January 2025"
      }
    },
    "Judicial branch": {
      "highest court(s)": {
        "text": "Court of Appeal (consists of 2 or more judges of the Supreme Court designated by the chief justice); Supreme Court (consists of the chief justice and 6 puisne judges - 3 local and 3 expatriate)"
      },
      "judge selection and term of office": {
        "text": "Supreme Court chief justice appointed by the president after consultation with the prime minister and the leader of the opposition; other judges appointed by the president on the advice of the Judicial Service Commission, a 4-member advisory body; judges serve until the age of retirement"
      },
      "subordinate courts": {
        "text": "Magistrates Courts; Island Courts"
      }
    },
    "Political parties": {
      "text": "Iauko Group (Eagle Party) or IG <br>Laverwo Movement or LM <br>Land and Justice Party (Graon mo Jastis Pati or GJP) <br>Leaders Party of Vanuatu or LVP <br>Nagriamel Movement or NAG <br>National United Party or NUP <br>Nagwasoanda Custom Movement or NCM <br>People's Progressive Party or PPP <br>People Unity Development Party or PUDP <br>Rural Development Party or RDP <br>Reunification of Movement for Change or RMC <br>Union of Moderate Parties or UMP<br>Unity for Change Movement or UCM <br>Vanua'aku Pati (Our Land Party) or VP <br>Vanuatu Liberal Movement or VLM <br>Vanuatu National Development Party or VNDP <br>Vanuatu Progressive Development Party or VPDP "
    },
    "International organization participation": {
      "text": "ACP, ADB, AOSIS, C, FAO, G-77, IBRD, ICAO, ICRM, IDA, IFC, IFRCS, ILO, IMF, IMO, IMSO, IOC, IOM, ITU, ITUC (NGOs), MIGA, NAM, OAS (observer), OIF, OPCW, PIF, Sparteca, SPC, UN, UNCTAD, UNESCO, UNIDO, UNWTO, UPU, WCO, WFTU (NGOs), WHO, WIPO, WMO, WTO"
    },
    "Diplomatic representation in the US": {
      "chief of mission": {
        "text": "Ambassador Odo TEVI (since 8 September 2017)<br>note - also Permanent Representative to the UN"
      },
      "chancery": {
        "text": "800 Second Avenue, Suite 400B, New York, NY 10017"
      },
      "telephone": {
        "text": "[1] (212) 661-4303"
      },
      "FAX": {
        "text": "[1] (212) 422-3427"
      },
      "email address and website": {
        "text": "<br>vanunmis@aol.com<br><br>https://www.un.int/vanuatu/"
      },
      "note": "note - the Vanuatu Permanent Mission to the UN serves as the embassy"
    },
    "Diplomatic representation from the US": {
      "chief of mission": {
        "text": "Ambassador Ann Marie YASTISHOCK (since 16 April 2024); note - also accredited to the Papua New Guinea and the Solomon Islands, based in Port Moresby, Papua New Guinea"
      },
      "embassy": {
        "text": "Port Vila"
      }
    },
    "Flag description": {
      "text": "two equal horizontal bands of red (top) and green with a black isosceles triangle (based on the hoist side) all separated by a black-edged yellow stripe in the shape of a horizontal Y (the two points of the Y face the hoist side and enclose the triangle); centered in the triangle is a boar's tusk encircling two crossed namele fern fronds, all in yellow; red represents the blood of boars and men, as well as unity, green the richness of the islands, and black the ni-Vanuatu people; the yellow Y-shape - which reflects the pattern of the islands in the Pacific Ocean - symbolizes the light of the Gospel spreading through the islands; the boar's tusk is a symbol of prosperity frequently worn as a pendant on the islands; the fern fronds represent peace",
      "note": "<strong>note:</strong> one of several flags where a prominent component of the design reflects the shape of the country; other such flags are those of Bosnia and Herzegovina, Brazil, and Eritrea"
    },
    "National symbol(s)": {
      "text": "boar's tusk with crossed fern fronds; national colors: red, black, green, yellow"
    },
    "National anthem": {
      "name": {
        "text": "\"Yumi, Yumi, Yumi\" (We, We, We)"
      },
      "lyrics/music": {
        "text": "Francois Vincent AYSSAV"
      },
      "note": "<strong>note:</strong> adopted 1980; the anthem is written in Bislama, a Creole language that mixes Pidgin English and French"
    },
    "National heritage": {
      "total World Heritage Sites": {
        "text": "1 (cultural)"
      },
      "selected World Heritage Site locales": {
        "text": "Chief Roi Mata&rsquo;s Domain"
      }
    }
  },
  "Economy": {
    "Economic overview": {
      "text": "lower-middle income Pacific island economy; extremely reliant on subsistence agriculture and tourism; environmentally fragile; struggling post-pandemic and Tropical Cyclone Harold rebound; sizeable inflation; road infrastructure aid from Australia"
    },
    "Real GDP (purchasing power parity)": {
      "Real GDP (purchasing power parity) 2023": {
        "text": "$999.162 million (2023 est.)"
      },
      "Real GDP (purchasing power parity) 2022": {
        "text": "$977.53 million (2022 est.)"
      },
      "Real GDP (purchasing power parity) 2021": {
        "text": "$959.152 million (2021 est.)"
      },
      "note": "<b>note:</b> data in 2021 dollars"
    },
    "Real GDP growth rate": {
      "Real GDP growth rate 2023": {
        "text": "2.21% (2023 est.)"
      },
      "Real GDP growth rate 2022": {
        "text": "1.92% (2022 est.)"
      },
      "Real GDP growth rate 2021": {
        "text": "-1.55% (2021 est.)"
      },
      "note": "<b>note:</b> annual GDP % growth based on constant local currency"
    },
    "Real GDP per capita": {
      "Real GDP per capita 2023": {
        "text": "$3,100 (2023 est.)"
      },
      "Real GDP per capita 2022": {
        "text": "$3,100 (2022 est.)"
      },
      "Real GDP per capita 2021": {
        "text": "$3,100 (2021 est.)"
      },
      "note": "<b>note:</b> data in 2021 dollars"
    },
    "GDP (official exchange rate)": {
      "text": "$1.126 billion (2023 est.)",
      "note": "<b>note:</b> data in current dollars at official exchange rate"
    },
    "Inflation rate (consumer prices)": {
      "Inflation rate (consumer prices) 2022": {
        "text": "6.68% (2022 est.)"
      },
      "Inflation rate (consumer prices) 2021": {
        "text": "2.34% (2021 est.)"
      },
      "Inflation rate (consumer prices) 2020": {
        "text": "5.33% (2020 est.)"
      },
      "note": "<b>note:</b> annual % change based on consumer prices"
    },
    "GDP - composition, by sector of origin": {
      "agriculture": {
        "text": "21.2% (2018 est.)"
      },
      "industry": {
        "text": "10% (2018 est.)"
      },
      "services": {
        "text": "59.8% (2018 est.)"
      },
      "note": "<b>note:</b> figures may not total 100% due to non-allocated consumption not captured in sector-reported data"
    },
    "GDP - composition, by end use": {
      "household consumption": {
        "text": "55.5% (2019 est.)"
      },
      "government consumption": {
        "text": "20.6% (2019 est.)"
      },
      "investment in fixed capital": {
        "text": "55.5% (2022 est.)"
      },
      "investment in inventories": {
        "text": "0.6% (2022 est.)"
      },
      "exports of goods and services": {
        "text": "15.3% (2022 est.)"
      },
      "imports of goods and services": {
        "text": "-55.5% (2022 est.)"
      },
      "note": "<b>note:</b> figures may not total 100% due to rounding or gaps in data collection"
    },
    "Agricultural products": {
      "text": "coconuts, root vegetables, bananas, vegetables, fruits, pork, groundnuts, milk, beef, tropical fruits (2022)",
      "note": "<b>note:</b> top ten agricultural products based on tonnage"
    },
    "Industries": {
      "text": "food and fish freezing, wood processing, meat canning"
    },
    "Industrial production growth rate": {
      "text": "4.92% (2018 est.)",
      "note": "<b>note:</b> annual % change in industrial value added based on constant local currency"
    },
    "Labor force": {
      "text": "137,000 (2023 est.)",
      "note": "<b>note:</b> number of people ages 15 or older who are employed or seeking work"
    },
    "Unemployment rate": {
      "Unemployment rate 2023": {
        "text": "5.1% (2023 est.)"
      },
      "Unemployment rate 2022": {
        "text": "5.17% (2022 est.)"
      },
      "Unemployment rate 2021": {
        "text": "4.73% (2021 est.)"
      },
      "note": "<b>note:</b> % of labor force seeking employment"
    },
    "Youth unemployment rate (ages 15-24)": {
      "total": {
        "text": "10.7% (2023 est.)"
      },
      "male": {
        "text": "8.9% (2023 est.)"
      },
      "female": {
        "text": "13% (2023 est.)"
      },
      "note": "<b>note:</b> % of labor force ages 15-24 seeking employment"
    },
    "Population below poverty line": {
      "text": "15.9% (2019 est.)",
      "note": "<b>note:</b> % of population with income below national poverty line"
    },
    "Gini Index coefficient - distribution of family income": {
      "Gini Index coefficient - distribution of family income 2019": {
        "text": "32.3 (2019 est.)"
      },
      "note": "<b>note:</b> index (0-100) of income distribution; higher values represent greater inequality"
    },
    "Household income or consumption by percentage share": {
      "lowest 10%": {
        "text": "3% (2019 est.)"
      },
      "highest 10%": {
        "text": "24.7% (2019 est.)"
      },
      "note": "<b>note:</b> % share of income accruing to lowest and highest 10% of population"
    },
    "Remittances": {
      "Remittances 2023": {
        "text": "12.87% of GDP (2023 est.)"
      },
      "Remittances 2022": {
        "text": "19.35% of GDP (2022 est.)"
      },
      "Remittances 2021": {
        "text": "21.03% of GDP (2021 est.)"
      },
      "note": "<b>note:</b> personal transfers and compensation between resident and non-resident individuals/households/entities"
    },
    "Budget": {
      "revenues": {
        "text": "$415.063 million (2021 est.)"
      },
      "expenditures": {
        "text": "$325.587 million (2021 est.)"
      },
      "note": "<b>note:</b> central government revenues and expenses (excluding grants/extrabudgetary units/social security funds) converted to US dollars at average official exchange rate for year indicated"
    },
    "Public debt": {
      "Public debt 2021": {
        "text": "87.07% of GDP (2021 est.)"
      }
    },
    "Taxes and other revenues": {
      "text": "15.88% (of GDP) (2021 est.)",
      "note": "<b>note:</b> central government tax revenue as a % of GDP"
    },
    "Current account balance": {
      "Current account balance 2022": {
        "text": "-$127.432 million (2022 est.)"
      },
      "Current account balance 2021": {
        "text": "-$75.451 million (2021 est.)"
      },
      "Current account balance 2020": {
        "text": "-$57.858 million (2020 est.)"
      },
      "note": "<b>note:</b> balance of payments - net trade and primary/secondary income in current dollars"
    },
    "Exports": {
      "Exports 2022": {
        "text": "$152.087 million (2022 est.)"
      },
      "Exports 2021": {
        "text": "$82.08 million (2021 est.)"
      },
      "Exports 2020": {
        "text": "$132.943 million (2020 est.)"
      },
      "note": "<b>note:</b> balance of payments - exports of goods and services in current dollars"
    },
    "Exports - partners": {
      "text": "Thailand 42%, Japan 27%, South Korea 7%, Philippines 6%, China 5% (2022)",
      "note": "<b>note:</b> top five export partners based on percentage share of exports"
    },
    "Exports - commodities": {
      "text": "fish, perfume plants, copra, shellfish, cocoa beans (2022)",
      "note": "<b>note:</b> top five export commodities based on value in dollars"
    },
    "Imports": {
      "Imports 2022": {
        "text": "$579.347 million (2022 est.)"
      },
      "Imports 2021": {
        "text": "$520.391 million (2021 est.)"
      },
      "Imports 2020": {
        "text": "$438.373 million (2020 est.)"
      },
      "note": "<b>note:</b> balance of payments - imports of goods and services in current dollars"
    },
    "Imports - partners": {
      "text": "China 24%, Australia 15%, Malaysia 12%, NZ 9%, Fiji 8% (2022)",
      "note": "<b>note:</b> top five import partners based on percentage share of imports"
    },
    "Imports - commodities": {
      "text": "refined petroleum, ships, plastic products, poultry, broadcasting equipment (2022)",
      "note": "<b>note:</b> top five import commodities based on value in dollars"
    },
    "Reserves of foreign exchange and gold": {
      "Reserves of foreign exchange and gold 2023": {
        "text": "$643.768 million (2023 est.)"
      },
      "Reserves of foreign exchange and gold 2022": {
        "text": "$638.537 million (2022 est.)"
      },
      "Reserves of foreign exchange and gold 2021": {
        "text": "$664.751 million (2021 est.)"
      },
      "note": "<b>note:</b> holdings of gold (year-end prices)/foreign exchange/special drawing rights in current dollars"
    },
    "Debt - external": {
      "Debt - external 2023": {
        "text": "$329.915 million (2023 est.)"
      },
      "note": "<b>note:</b> present value of external debt in current US dollars"
    },
    "Exchange rates": {
      "Currency": {
        "text": "vatu (VUV) per US dollar -"
      },
      "Exchange rates 2023": {
        "text": "119.113 (2023 est.)"
      },
      "Exchange rates 2022": {
        "text": "115.354 (2022 est.)"
      },
      "Exchange rates 2021": {
        "text": "109.453 (2021 est.)"
      },
      "Exchange rates 2020": {
        "text": "115.38 (2020 est.)"
      },
      "Exchange rates 2019": {
        "text": "114.733 (2019 est.)"
      }
    }
  },
  "Energy": {
    "Electricity access": {
      "electrification - total population": {
        "text": "70% (2022 est.)"
      },
      "electrification - urban areas": {
        "text": "97%"
      },
      "electrification - rural areas": {
        "text": "60.7%"
      }
    },
    "Electricity": {
      "installed generating capacity": {
        "text": "38,000 kW (2022 est.)"
      },
      "consumption": {
        "text": "68.092 million kWh (2022 est.)"
      },
      "transmission/distribution losses": {
        "text": "5.198 million kWh (2022 est.)"
      }
    },
    "Electricity generation sources": {
      "fossil fuels": {
        "text": "81.8% of total installed capacity (2022 est.)"
      },
      "solar": {
        "text": "11.5% of total installed capacity (2022 est.)"
      },
      "wind": {
        "text": "6.5% of total installed capacity (2022 est.)"
      },
      "biomass and waste": {
        "text": "0.1% of total installed capacity (2022 est.)"
      }
    },
    "Petroleum": {
      "refined petroleum consumption": {
        "text": "2,000 bbl/day (2022 est.)"
      }
    },
    "Carbon dioxide emissions": {
      "total emissions": {
        "text": "248,000 metric tonnes of CO2 (2022 est.)"
      },
      "from petroleum and other liquids": {
        "text": "248,000 metric tonnes of CO2 (2022 est.)"
      }
    },
    "Energy consumption per capita": {
      "Total energy consumption per capita 2022": {
        "text": "10.775 million Btu/person (2022 est.)"
      }
    }
  },
  "Communications": {
    "Telephones - fixed lines": {
      "total subscriptions": {
        "text": "3,000 (2022 est.)"
      },
      "subscriptions per 100 inhabitants": {
        "text": "1 (2022 est.)"
      }
    },
    "Telephones - mobile cellular": {
      "total subscriptions": {
        "text": "256,000 (2022 est.)"
      },
      "subscriptions per 100 inhabitants": {
        "text": "78 (2022 est.)"
      }
    },
    "Telecommunication systems": {
      "general assessment": {
        "text": "for many years, 2G Global System for Mobile Communications was the primary mobile technology for Vanuatu&rsquo;s 300,000 people; recent infrastructure projects have improved access technologies, with a transition to 3G and 4G; Vanuatu has also benefited from the ICN1 submarine cable and the launch of the Kacific-1 satellite, both of which have considerably improved access to telecom services in recent years; Vanuatu&rsquo;s telecom sector is liberalized, with the two prominent mobile operators; while fixed broadband penetration remains low, the incumbent operator is slowly exchanging copper fixed-lines for fiber; a number of ongoing submarine cable developments will also assist in increasing data rates and reduce internet pricing in coming years (2023)"
      },
      "domestic": {
        "text": "fixed-line teledensity is 1 per 100 and mobile-cellular 78 per 100 (2021)"
      },
      "international": {
        "text": "country code - 678; landing points for the ICN1 &amp; ICN2 submarine cables providing connectivity to the Solomon Islands and Fiji; cables helped end-users with Internet bandwidth; satellite earth station - 1 Intelsat (Pacific Ocean) (2020)"
      }
    },
    "Broadcast media": {
      "text": "1 state-owned TV station; multi-channel pay TV is available; state-owned Radio Vanuatu operates 2 radio stations; 2 privately owned radio broadcasters (Capital FM 107 and Laef FM); programming from multiple international broadcasters is available (2023)"
    },
    "Internet country code": {
      "text": ".vu"
    },
    "Internet users": {
      "percent of population": {
        "text": "66% (2021 est.)"
      }
    },
    "Broadband - fixed subscriptions": {
      "total": {
        "text": "2,785 (2020 est.)"
      },
      "subscriptions per 100 inhabitants": {
        "text": "1 (2020 est.)"
      }
    }
  },
  "Transportation": {
    "National air transport system": {
      "number of registered air carriers": {
        "text": "1 (2020)"
      },
      "inventory of registered aircraft operated by air carriers": {
        "text": "8"
      },
      "annual passenger traffic on registered air carriers": {
        "text": "374,603 (2018)"
      },
      "annual freight traffic on registered air carriers": {
        "text": "1.66 million (2018) mt-km"
      }
    },
    "Civil aircraft registration country code prefix": {
      "text": "YJ"
    },
    "Airports": {
      "text": "31 (2024)"
    },
    "Roadways": {
      "total": {
        "text": "2,958 km (2023)"
      }
    },
    "Merchant marine": {
      "total": {
        "text": "338 (2023)"
      },
      "by type": {
        "text": "bulk carrier 11, container ship 3, general cargo 101, other 223"
      }
    },
    "Ports": {
      "total ports": {
        "text": "3 (2024)"
      },
      "large": {
        "text": "0"
      },
      "medium": {
        "text": "0"
      },
      "small": {
        "text": "1"
      },
      "very small": {
        "text": "2"
      },
      "ports with oil terminals": {
        "text": "2"
      },
      "key ports": {
        "text": "Forari Bay, Luganville, Port Vila"
      }
    }
  },
  "Military and Security": {
    "Military and security forces": {
      "text": "no regular military forces; Ministry of Internal Affairs: Vanuatu Police Force (VPF) (2024)",
      "note": "<strong>note:</strong> the VPF includes the Vanuatu Mobile Force (VMF) and Police Maritime Wing (VPMW); the paramilitary VMF also has external security responsibilities"
    },
    "Military - note": {
      "text": "the separate British and French police forces were unified in 1980 as the New Hebrides Constabulary, which was commanded by Ni-Vanuatu officers while retaining some British and French officers as advisors; the Constabulary was subsequently renamed the Vanuatu Police Force later in 1980<br><br>the Vanuatu Mobile Force has received training and other support from Australia, China, France, New Zealand, and the US<br><br>Vanuatu has a \"shiprider\" agreement with the US, which allows local maritime law enforcement officers to embark on US Coast Guard (USCG) and US Navy (USN) vessels, including to board and search vessels suspected of violating laws or regulations within Vanuatu's designated exclusive economic zone (EEZ) or on the high seas; \"shiprider\" agreements also enable USCG personnel and USN vessels with embarked USCG law enforcement personnel to work with host nations to protect critical regional resources (2024)"
    }
  },
  "Transnational Issues": {
    "Trafficking in persons": {
      "tier rating": {
        "text": "Tier 2 Watch List — the government did not demonstrate overall increasing efforts to eliminate trafficking compared with the previous reporting period, therefore Vanuatu remained on Tier 2 Watch List for the second consecutive year; for more details, go to:  https://www.state.gov/reports/2024-trafficking-in-persons-report/vanuatu/"
      }
    }
  }
}