{
  "Introduction": {
    "Background": {
      "text": "Polynesians were the first settlers on the four tiny islands that are now called the Pitcairn Islands, but all four were uninhabited by the time Europeans discovered them in 1606. Pitcairn Island -- the only one now inhabited -- was rediscovered by a British explorer in 1767. In 1789, Fletcher CHRISTIAN led a mutiny on the HMS Bounty, and after several months of searching for Pitcairn Island, he landed on it with eight other mutineers and their Tahitian companions. They lived in isolation and evaded detection by English authorities until 1808, when only one man, 10 women, and 23 children remained. In 1831, with the population of 87 proving too big for the island, the British attempted to move all the islanders to Tahiti, but they were soon returned to Pitcairn Island. The island became an official British colony in 1838, and in 1856, the British again determined that the population of 193 was too high and relocated all the residents to Norfolk Island. Several families returned in 1858 and 1864, bringing the island’s population to 43, and almost all of the island’s current population are descendants of these returnees. <br><br>The UK annexed the nearby uninhabited islands of Henderson, Oeno, and Ducie in 1902 and incorporated them into the Pitcairn Islands colony in 1938. The population peaked at 233 in 1937 as outmigration, primarily to New Zealand, has since thinned the population. Only two children were born between 1986 and 2012, and in 2005, a couple became the first outsiders to obtain citizenship in more than a century. Since 2013, the Pitcairn Islands has tried to attract new migrants but has had no applicants because it requires prospective migrants to front significant sums of money and prohibits employment during a two-year trial period, at which point the local council can deny long-term resident status."
    }
  },
  "Geography": {
    "Location": {
      "text": "Oceania, islands in the South Pacific Ocean, about midway between Peru and New Zealand"
    },
    "Geographic coordinates": {
      "text": "25 04 S, 130 06 W"
    },
    "Map references": {
      "text": "Oceania"
    },
    "Area": {
      "total ": {
        "text": "47 sq km"
      },
      "land": {
        "text": "47 sq km"
      },
      "water": {
        "text": "0 sq km"
      }
    },
    "Area - comparative": {
      "text": "about three-tenths the size of Washington, DC"
    },
    "Land boundaries": {
      "total": {
        "text": "0 km"
      }
    },
    "Coastline": {
      "text": "51 km"
    },
    "Maritime claims": {
      "territorial sea": {
        "text": "12 nm"
      },
      "exclusive economic zone": {
        "text": "200 nm"
      }
    },
    "Climate": {
      "text": "tropical; hot and humid; modified by southeast trade winds; rainy season (November to March)"
    },
    "Terrain": {
      "text": "rugged volcanic formation; rocky coastline with cliffs"
    },
    "Elevation": {
      "highest point": {
        "text": "Palwala Valley Point on Big Ridge 347 m"
      },
      "lowest point": {
        "text": "Pacific Ocean 0 m"
      }
    },
    "Natural resources": {
      "text": "miro trees (used for handicrafts), fish",
      "note": "<strong>note: </strong>manganese, iron, copper, gold, silver, and zinc have been discovered offshore"
    },
    "Land use": {
      "agricultural land": {
        "text": "0% (2011 est.)"
      },
      "forest": {
        "text": "74.5% (2018 est.)"
      },
      "other": {
        "text": "25.5% (2018 est.)"
      }
    },
    "Irrigated land": {
      "text": "0 sq km (2022)"
    },
    "Population distribution": {
      "text": "less than 50 inhabitants on Pitcairn Island, most reside near the village of Adamstown"
    },
    "Natural hazards": {
      "text": "occasional tropical cyclones (especially November to March), but generally only heavy tropical storms; landslides"
    },
    "Geography - note": {
      "text": "Britain's most isolated dependency; only the larger island of Pitcairn is inhabited but it has no port or natural harbor; supplies must be transported by longboat from larger ships stationed offshore"
    }
  },
  "People and Society": {
    "Population": {
      "total": {
        "text": "50 (2021 est.)"
      }
    },
    "Nationality": {
      "noun": {
        "text": "Pitcairn Islander(s)"
      },
      "adjective": {
        "text": "Pitcairn Islander"
      }
    },
    "Ethnic groups": {
      "text": "descendants of the Bounty mutineers and their Tahitian wives"
    },
    "Languages": {
      "text": "English (official), Pitkern (mixture of an 18th century English dialect and a Tahitian dialect)"
    },
    "Religions": {
      "text": "Seventh Day Adventist 100%"
    },
    "Population growth rate": {
      "text": "0% (2014 est.)"
    },
    "Population distribution": {
      "text": "less than 50 inhabitants on Pitcairn Island, most reside near the village of Adamstown"
    }
  },
  "Environment": {
    "Environment - current issues": {
      "text": "deforestation (only a small portion of the original forest remains because of burning and clearing for settlement)"
    },
    "Climate": {
      "text": "tropical; hot and humid; modified by southeast trade winds; rainy season (November to March)"
    },
    "Land use": {
      "agricultural land": {
        "text": "0% (2011 est.)"
      },
      "forest": {
        "text": "74.5% (2018 est.)"
      },
      "other": {
        "text": "25.5% (2018 est.)"
      }
    }
  },
  "Government": {
    "Country name": {
      "conventional long form": {
        "text": "Pitcairn, Henderson, Ducie, and Oeno Islands"
      },
      "conventional short form": {
        "text": "Pitcairn Islands"
      },
      "etymology": {
        "text": "named after Midshipman Robert PITCAIRN who first sighted the island in 1767"
      }
    },
    "Government type": {
      "text": "parliamentary democracy"
    },
    "Dependency status": {
      "text": "overseas territory of the UK"
    },
    "Capital": {
      "name": {
        "text": "Adamstown"
      },
      "geographic coordinates": {
        "text": "25 04 S, 130 05 W"
      },
      "time difference": {
        "text": "UTC-9 (4 hours behind Washington, DC, during Standard Time)"
      },
      "etymology": {
        "text": "named after John ADAMS (1767&ndash;1829), the last survivor of the Bounty mutineers who settled on Pitcairn Island in January 1790"
      }
    },
    "Administrative divisions": {
      "text": "none (overseas territory of the UK)"
    },
    "Independence": {
      "text": "none (overseas territory of the UK)"
    },
    "National holiday": {
      "text": "Birthday of King CHARLES III, second Saturday in June (1948); Discovery Day (Pitcairn Day), 2 July (1767)"
    },
    "Legal system": {
      "text": "local island by-laws"
    },
    "Constitution": {
      "history": {
        "text": "several previous; latest drafted 10 February 2010, presented 17 February 2010, effective 4 March 2010"
      }
    },
    "Citizenship": {
      "text": "see United Kingdom"
    },
    "Suffrage": {
      "text": "18 years of age; universal with three years residency"
    },
    "Executive branch": {
      "chief of state": {
        "text": "King CHARLES III (since 8 September 2022); represented by UK High Commissioner to New Zealand and Governor (nonresident) of the Pitcairn Islands Iona THOMAS (since 9 August 2022)"
      },
      "head of government": {
        "text": "Mayor and Chairman of the Island Council Simon YOUNG (since 1 January 2023)"
      },
      "cabinet": {
        "text": "none"
      },
      "elections/appointments": {
        "text": "the monarchy is hereditary; governor and commissioner appointed by the monarch; island mayor directly elected by majority popular vote for a 3-year term; election last held on 9 November 2022 (next to be held no later than December 2025)"
      },
      "election results": {
        "text": "Simon YOUNG elected mayor and chairman of the Island Council; Island Council vote - NA"
      }
    },
    "Legislative branch": {
      "legislature name": {
        "text": "Island Council"
      },
      "legislative structure": {
        "text": "unicameral"
      },
      "number of seats": {
        "text": "10 (directly elected and appointed)"
      },
      "electoral system": {
        "text": "plurality/majority"
      },
      "scope of elections": {
        "text": "full renewal"
      },
      "term in office": {
        "text": "2 years note: the councilors and the deputy mayor serve 2-year terms, the mayor serves a 3-year term, and the administrator is appointed by the governor for an indefinite term"
      },
      "most recent election date": {
        "text": "6 November 2019"
      },
      "parties elected and seats per party": {
        "text": "independent (5)"
      },
      "percentage of women in chamber": {
        "text": "60%"
      },
      "expected date of next election": {
        "text": "N/A"
      },
      "note": "<strong>note:</strong> the Council includes 5 councilors, the mayor, and the deputy mayor (who are elected by popular vote) and 3 ex officio non-voting members -- the administrator, who serves as both the head of government and the representative of the governor of Pitcairn Islands, the governor, and the deputy governor"
    },
    "Judicial branch": {
      "highest court(s)": {
        "text": "Pitcairn Court of Appeal (consists of the court president, 2 judges, and the Supreme Court chief justice, an ex-officio member); Pitcairn Supreme Court (consists of the chief justice and 2 judges); note - appeals beyond the Pitcairn Court of Appeal are referred to the Judicial Committee of the Privy Council (in London)"
      },
      "judge selection and term of office": {
        "text": "all judges of both courts appointed by the governor of the Pitcairn Islands on the instructions of the British monarch through the Secretary of State; all judges can serve until retirement, normally at age 75"
      },
      "subordinate courts": {
        "text": "Magistrate's Court"
      }
    },
    "Political parties": {
      "text": "none"
    },
    "International organization participation": {
      "text": "SPC, UPU"
    },
    "Diplomatic representation in the US": {
      "text": "none (overseas territory of the UK)"
    },
    "Diplomatic representation from the US": {
      "embassy": {
        "text": "none (overseas territory of the UK)"
      }
    },
    "Flag description": {
      "text": "blue with the flag of the UK in the upper hoist-side quadrant and the Pitcairn Islander coat of arms centered on the outer half of the flag; the green, yellow, and blue of the shield represents the island rising from the ocean; the green field features a yellow anchor surmounted by a bible (both the anchor and the bible were items found on the HMS Bounty); sitting on the crest is a Pitcairn Island wheelbarrow from which springs a flowering twig of miro (a local plant)"
    },
    "National anthem": {
      "name": {
        "text": "\"We From Pitcairn Island\""
      },
      "lyrics/music": {
        "text": "unknown/Frederick M. LEHMAN"
      },
      "note": "<strong>note:</strong> serves as a local anthem; as an overseas territory of the UK, \"God Save the King\" is official (see United Kingdom)"
    }
  },
  "Economy": {
    "Economic overview": {
      "text": "small South Pacific British island territorial economy; exports primarily postage stamps, handicraft goods, honey, and tinctures; extremely limited infrastructure; dependent upon UK and EU aid; recent border reopening post-COVID-19"
    },
    "Agricultural products": {
      "text": "honey; wide variety of fruits and vegetables; goats, chickens; fish"
    },
    "Industries": {
      "text": "postage stamps, handicrafts, beekeeping, honey"
    },
    "Exports - partners": {
      "text": "Zambia 99%, Czechia 0%, UK 0%, US 0%, Australia 0% (2022)",
      "note": "<b>note:</b> top five export partners based on percentage share of exports"
    },
    "Exports - commodities": {
      "text": "fertilizers, sulfur, refined petroleum, excavation machinery, ethylene polymers (2022)",
      "note": "<b>note:</b> top five export commodities based on value in dollars"
    },
    "Imports - partners": {
      "text": "Zambia 100%, NZ 0%, Brazil 0%, UAE 0%, UK 0% (2022)",
      "note": "<b>note:</b> top five import partners based on percentage share of imports"
    },
    "Imports - commodities": {
      "text": "raw copper, refined copper, cobalt oxides and hydroxides, corn, soybean meal (2022)",
      "note": "<b>note:</b> top five import commodities based on value in dollars"
    },
    "Exchange rates": {
      "Currency": {
        "text": "New Zealand dollars (NZD) per US dollar -"
      },
      "Exchange rates 2023": {
        "text": "1.628 (2023 est.)"
      },
      "Exchange rates 2022": {
        "text": "1.577 (2022 est.)"
      },
      "Exchange rates 2021": {
        "text": "1.414 (2021 est.)"
      },
      "Exchange rates 2020": {
        "text": "1.542 (2020 est.)"
      },
      "Exchange rates 2019": {
        "text": "1.518 (2019 est.)"
      }
    }
  },
  "Communications": {
    "Telecommunication systems": {
      "general assessment": {
        "text": "satellite-based phone services; rural connectivity a challenge; 2G services widespread; demand for mobile broadband due to mobile services providing Internet source; the launch of the Kacific-1 satellite in 2019 will improve telecommunications in the region (2020)"
      },
      "domestic": {
        "text": "local phone service with international connections via Internet (2018)"
      },
      "international": {
        "text": "country code - 872; satellite earth station - 1 Inmarsat"
      }
    },
    "Broadcast media": {
      "text": "satellite TV from Fiji-based Sky Pacific offering a wide range of international channels"
    },
    "Internet country code": {
      "text": ".pn"
    },
    "Internet users": {
      "percent of population": {
        "text": "96.2% (2021 est.)"
      }
    },
    "Communications - note": {
      "text": "satellite-based local phone service and broadband Internet connections available in all homes"
    }
  },
  "Transportation": {
  },
  "Military and Security": {
    "Military - note": {
      "text": "defense is the responsibility of the UK"
    }
  },
  "Transnational Issues": {
  }
}