{
  "Introduction": {
    "Background": {
      "text": "Humans arrived in the Palauan archipelago from Southeast Asia around 1000 B.C. and developed a complex, highly organized matrilineal society where high-ranking women picked the chiefs. The islands were the westernmost part of the widely scattered Pacific islands north of New Guinea that Spanish explorers named the Caroline Islands in the 17th century. The 18th and 19th centuries saw occasional visits of whalers and traders as Spain gained some influence in the islands and administered it from the Philippines. Spain sold Palau to Germany in 1899 after losing the Philippines in the Spanish-American War.<br><br>Japan seized Palau in 1914, was granted a League of Nations mandate to administer the islands in 1920, and made Koror the capital of its South Seas Mandate in 1922. By the outbreak of World War II, there were four times as many Japanese living in Koror as Palauans. In 1944, the US invasion of the island of Peleliu was one of the bloodiest island fights of the Pacific War. After the war, Palau became part of the US-administered Trust Territory of the Pacific Islands.<br><br>Palau voted against joining the Federated States of Micronesia in 1978 and adopted its own constitution in 1981, which stated that Palau was a nuclear-free country. In 1982, Palau signed a Compact of Free Association (COFA) with the US, which granted Palau financial assistance and access to many US domestic programs in exchange for exclusive US military access and defense responsibilities. However, many Palauans saw the COFA as incompatible with the Palauan Constitution because of the US military’s nuclear arsenal, and seven referenda failed to achieve ratification. Following a constitutional amendment and eighth referendum in 1993, the COFA was ratified and entered into force in 1994 when the islands gained their independence. Its funding was renewed in 2010.<br><br>Palau has been on the frontlines of combatting climate change and protecting marine resources. In 2011, Palau banned commercial shark fishing and created the world’s first shark sanctuary. In 2017, Palau began stamping the Palau Pledge into passports, reminding visitors to act in ecologically and culturally responsible ways. In 2020, Palau banned coral reef-toxic sunscreens and expanded its fishing prohibition to include 80% of its exclusive economic zone."
    }
  },
  "Geography": {
    "Location": {
      "text": "Oceania, group of islands in the North Pacific Ocean, southeast of the Philippines"
    },
    "Geographic coordinates": {
      "text": "7 30 N, 134 30 E"
    },
    "Map references": {
      "text": "Oceania"
    },
    "Area": {
      "total ": {
        "text": "459 sq km"
      },
      "land": {
        "text": "459 sq km"
      },
      "water": {
        "text": "0 sq km"
      }
    },
    "Area - comparative": {
      "text": "slightly more than 2.5 times the size of Washington, DC"
    },
    "Land boundaries": {
      "total": {
        "text": "0 km"
      }
    },
    "Coastline": {
      "text": "1,519 km"
    },
    "Maritime claims": {
      "territorial sea": {
        "text": "12 nm"
      },
      "contiguous zone": {
        "text": "24 nm"
      },
      "exclusive economic zone": {
        "text": "200 nm"
      },
      "continental shelf": {
        "text": "200 nm"
      }
    },
    "Climate": {
      "text": "tropical; hot and humid; wet season May to November"
    },
    "Terrain": {
      "text": "varying topography from the high, mountainous main island of Babelthuap to low, coral islands usually fringed by large barrier reefs"
    },
    "Elevation": {
      "highest point": {
        "text": "Mount Ngerchelchuus 242 m"
      },
      "lowest point": {
        "text": "Pacific Ocean 0 m"
      }
    },
    "Natural resources": {
      "text": "forests, minerals (especially gold), marine products, deep-seabed minerals"
    },
    "Land use": {
      "agricultural land": {
        "text": "10.8% (2018 est.)"
      },
      "agricultural land: arable land": {
        "text": "arable land: 2.2% (2018 est.)"
      },
      "agricultural land: permanent crops": {
        "text": "permanent crops: 4.3% (2018 est.)"
      },
      "agricultural land: permanent pasture": {
        "text": "permanent pasture: 4.3% (2018 est.)"
      },
      "forest": {
        "text": "87.6% (2018 est.)"
      },
      "other": {
        "text": "1.6% (2018 est.)"
      }
    },
    "Irrigated land": {
      "text": "0 sq km (2022)"
    },
    "Population distribution": {
      "text": "most of the population is located on the southern end of the main island of Babelthuap"
    },
    "Natural hazards": {
      "text": "typhoons (June to December)"
    },
    "Geography - note": {
      "text": "westernmost archipelago in the Caroline chain, consists of six island groups totaling more than 300 islands; includes world-famous Rock Islands"
    }
  },
  "People and Society": {
    "Population": {
      "total": {
        "text": "21,864"
      },
      "male": {
        "text": "11,235"
      },
      "female": {
        "text": "10,629 (2024 est.)"
      }
    },
    "Nationality": {
      "noun": {
        "text": "Palauan(s)"
      },
      "adjective": {
        "text": "Palauan"
      }
    },
    "Ethnic groups": {
      "text": "Palauan (Micronesian with Malayan and Melanesian admixtures) 70.6%, Carolinian 1.2%, Asian 26.5%, other 1.7% (2020 est.)"
    },
    "Languages": {
      "text": "Palauan (official on most islands) 65.2%, other Micronesian 1.9%, English (official) 19.1%, Filipino 9.9%, Chinese 1.2%, other 2.8% (2015 est.)",
      "note": "<strong>note:</strong> Sonsoralese is official in Sonsoral; Tobian is official in Tobi; Angaur and Japanese are official in Angaur"
    },
    "Religions": {
      "text": "Roman Catholic 46.9%, Protestant 30.9% (Evangelical 24.6%, Seventh Day Adventist 5%, other Protestant 1.4%), Modekngei 5.1% (indigenous to Palau), Muslim 4.9%, other 12.3% (2020 est.)"
    },
    "Age structure": {
      "0-14 years": {
        "text": "17.5% (male 1,976/female 1,849)"
      },
      "15-64 years": {
        "text": "71.3% (male 8,647/female 6,935)"
      },
      "65 years and over": {
        "text": "11.2% (2024 est.) (male 612/female 1,845)"
      }
    },
    "Dependency ratios": {
      "total dependency ratio": {
        "text": "43.8"
      },
      "youth dependency ratio": {
        "text": "30.2"
      },
      "elderly dependency ratio": {
        "text": "13.7"
      },
      "potential support ratio": {
        "text": "7.3 (2021)"
      }
    },
    "Median age": {
      "total": {
        "text": "35.3 years (2024 est.)"
      },
      "male": {
        "text": "34.1 years"
      },
      "female": {
        "text": "37.4 years"
      }
    },
    "Population growth rate": {
      "text": "0.38% (2024 est.)"
    },
    "Birth rate": {
      "text": "11.6 births/1,000 population (2024 est.)"
    },
    "Death rate": {
      "text": "8.4 deaths/1,000 population (2024 est.)"
    },
    "Net migration rate": {
      "text": "0.7 migrant(s)/1,000 population (2024 est.)"
    },
    "Population distribution": {
      "text": "most of the population is located on the southern end of the main island of Babelthuap"
    },
    "Urbanization": {
      "urban population": {
        "text": "82.4% of total population (2023)"
      },
      "rate of urbanization": {
        "text": "1.59% annual rate of change (2020-25 est.)"
      }
    },
    "Major urban areas - population": {
      "text": "277 NGERULMUD (capital) (2018)"
    },
    "Sex ratio": {
      "at birth": {
        "text": "1.06 male(s)/female"
      },
      "0-14 years": {
        "text": "1.07 male(s)/female"
      },
      "15-64 years": {
        "text": "1.25 male(s)/female"
      },
      "65 years and over": {
        "text": "0.33 male(s)/female"
      },
      "total population": {
        "text": "1.06 male(s)/female (2024 est.)"
      }
    },
    "Infant mortality rate": {
      "total": {
        "text": "10.8 deaths/1,000 live births (2024 est.)"
      },
      "male": {
        "text": "12.7 deaths/1,000 live births"
      },
      "female": {
        "text": "8.8 deaths/1,000 live births"
      }
    },
    "Life expectancy at birth": {
      "total population": {
        "text": "75.2 years (2024 est.)"
      },
      "male": {
        "text": "72 years"
      },
      "female": {
        "text": "78.5 years"
      }
    },
    "Total fertility rate": {
      "text": "1.7 children born/woman (2024 est.)"
    },
    "Gross reproduction rate": {
      "text": "0.83 (2024 est.)"
    },
    "Contraceptive prevalence rate": {
      "text": "NA"
    },
    "Drinking water source": {
      "improved: urban": {
        "text": "urban: 99.6% of population"
      },
      "improved: rural": {
        "text": "rural: 99.8% of population"
      },
      "improved: total": {
        "text": "total: 99.7% of population"
      },
      "unimproved: urban": {
        "text": "urban: 0.4% of population"
      },
      "unimproved: rural": {
        "text": "rural: 0.2% of population"
      },
      "unimproved: total": {
        "text": "total: 0.3% of population (2020 est.)"
      }
    },
    "Current health expenditure": {
      "text": "18.4% of GDP (2020)"
    },
    "Physician density": {
      "text": "1.77 physicians/1,000 population (2020)"
    },
    "Sanitation facility access": {
      "improved: urban": {
        "text": "urban: 99.8% of population"
      },
      "improved: rural": {
        "text": "rural: 99% of population"
      },
      "improved: total": {
        "text": "total: 99.6% of population"
      },
      "unimproved: urban": {
        "text": "urban: 0.2% of population"
      },
      "unimproved: rural": {
        "text": "rural: 1% of population"
      },
      "unimproved: total": {
        "text": "total: 0.4% of population (2020 est.)"
      }
    },
    "Obesity - adult prevalence rate": {
      "text": "55.3% (2016)"
    },
    "Tobacco use": {
      "total": {
        "text": "17.6% (2020 est.)"
      },
      "male": {
        "text": "27.3% (2020 est.)"
      },
      "female": {
        "text": "7.9% (2020 est.)"
      }
    },
    "Children under the age of 5 years underweight": {
      "text": "NA"
    },
    "Currently married women (ages 15-49)": {
      "text": "45.6% (2023 est.)"
    },
    "Education expenditures": {
      "text": "6.8% of GDP (2019)"
    },
    "Literacy": {
      "definition": {
        "text": "age 15 and over can read and write"
      },
      "total population": {
        "text": "96.6%"
      },
      "male": {
        "text": "96.8%"
      },
      "female": {
        "text": "96.3% (2015)"
      }
    },
    "School life expectancy (primary to tertiary education)": {
      "total": {
        "text": "17 years"
      },
      "male": {
        "text": "16 years"
      },
      "female": {
        "text": "17 years (2013)"
      }
    }
  },
  "Environment": {
    "Environment - current issues": {
      "text": "inadequate facilities for disposal of solid waste; threats to the marine ecosystem from sand and coral dredging, illegal and destructive fishing practices, and overfishing; climate change contributes to rising sea level and coral bleaching; drought"
    },
    "Environment - international agreements": {
      "party to": {
        "text": "Biodiversity, Climate Change, Climate Change-Kyoto Protocol, Climate Change-Paris Agreement, Comprehensive Nuclear Test Ban, Desertification, Endangered Species, Hazardous Wastes, Law of the Sea, Ozone Layer Protection, Ship Pollution, Wetlands, Whaling"
      },
      "signed, but not ratified": {
        "text": "none of the selected agreements"
      }
    },
    "Climate": {
      "text": "tropical; hot and humid; wet season May to November"
    },
    "Land use": {
      "agricultural land": {
        "text": "10.8% (2018 est.)"
      },
      "agricultural land: arable land": {
        "text": "arable land: 2.2% (2018 est.)"
      },
      "agricultural land: permanent crops": {
        "text": "permanent crops: 4.3% (2018 est.)"
      },
      "agricultural land: permanent pasture": {
        "text": "permanent pasture: 4.3% (2018 est.)"
      },
      "forest": {
        "text": "87.6% (2018 est.)"
      },
      "other": {
        "text": "1.6% (2018 est.)"
      }
    },
    "Urbanization": {
      "urban population": {
        "text": "82.4% of total population (2023)"
      },
      "rate of urbanization": {
        "text": "1.59% annual rate of change (2020-25 est.)"
      }
    },
    "Revenue from forest resources": {
      "text": "0% of GDP (2018 est.)"
    },
    "Air pollutants": {
      "particulate matter emissions": {
        "text": "7.82 micrograms per cubic meter (2019 est.)"
      },
      "carbon dioxide emissions": {
        "text": "0.22 megatons (2016 est.)"
      },
      "methane emissions": {
        "text": "0.06 megatons (2020 est.)"
      }
    },
    "Waste and recycling": {
      "municipal solid waste generated annually": {
        "text": "9,427 tons (2016 est.)"
      }
    },
    "Total renewable water resources": {
      "text": "0 cubic meters (2017 est.)"
    }
  },
  "Government": {
    "Country name": {
      "conventional long form": {
        "text": "Republic of Palau"
      },
      "conventional short form": {
        "text": "Palau"
      },
      "local long form": {
        "text": "Beluu er a Belau"
      },
      "local short form": {
        "text": "Belau"
      },
      "former": {
        "text": "Trust Territory of the Pacific Islands, Palau District"
      },
      "etymology": {
        "text": "from the Palauan name for the islands, Belau, which likely derives from the Palauan word \"beluu\" meaning \"village\""
      }
    },
    "Government type": {
      "text": "presidential republic in free association with the US"
    },
    "Capital": {
      "name": {
        "text": "Ngerulmud"
      },
      "geographic coordinates": {
        "text": "7 30 N, 134 37 E"
      },
      "time difference": {
        "text": "UTC+9 (14 hours ahead of Washington, DC, during Standard Time)"
      },
      "etymology": {
        "text": "the Palauan meaning is \"place of fermented 'mud'\" ('mud' being the native name for the keyhole angelfish); the site of the new capitol (established in 2006) had been a large hill overlooking the ocean,&nbsp;Ngerulmud, on which women would communally gather to offer fermented angelfish to the gods"
      },
      "note": "<strong>note: </strong>Ngerulmud, on Babeldaob Island, is the smallest national capital on earth by population, with only a few hundred people; the name is pronounced en-jer-al-mud; Koror, on Koror Island, with over 11,000 residents is by far the largest settlement in Palau; it served as the country's capital from independence in 1994 to 2006"
    },
    "Administrative divisions": {
      "text": "16 states; Aimeliik, Airai, Angaur, Hatohobei, Kayangel, Koror, Melekeok, Ngaraard, Ngarchelong, Ngardmau, Ngatpang, Ngchesar, Ngeremlengui, Ngiwal, Peleliu, Sonsorol"
    },
    "Independence": {
      "text": "1 October 1994 (from the US-administered UN trusteeship)"
    },
    "National holiday": {
      "text": "Constitution Day, 9 July (1981), day of a national referendum to pass the new constitution; Independence Day, 1 October (1994)"
    },
    "Legal system": {
      "text": "mixed legal system of civil, common, and customary law"
    },
    "Constitution": {
      "history": {
        "text": "ratified 9 July 1980, effective 1 January 1981"
      },
      "amendments": {
        "text": "proposed by a constitutional convention (held at least once every 15 years with voter approval), by public petition of at least 25% of eligible voters, or by a resolution adopted by at least three fourths of National Congress members; passage requires approval by a majority of votes in at least three fourths of the states in the next regular general election; amended several times, last in 2020"
      }
    },
    "International law organization participation": {
      "text": "has not submitted an ICJ jurisdiction declaration; non-party state to the ICCt"
    },
    "Citizenship": {
      "citizenship by birth": {
        "text": "no"
      },
      "citizenship by descent only": {
        "text": "at least one parent must be a citizen of Palau"
      },
      "dual citizenship recognized": {
        "text": "no"
      },
      "residency requirement for naturalization": {
        "text": "note - no procedure for naturalization"
      }
    },
    "Suffrage": {
      "text": "18 years of age; universal"
    },
    "Executive branch": {
      "chief of state": {
        "text": "President Surangel WHIPPS Jr. (since 21 January 2021)"
      },
      "head of government": {
        "text": "President Surangel WHIPPS Jr. (since 21 January 2021)"
      },
      "cabinet": {
        "text": "Cabinet appointed by the president with the advice and consent of the Senate; also includes the vice president; the Council of Chiefs consists of chiefs from each of the states who advise the president on issues concerning traditional laws, customs, and their relationship to the constitution and laws of Palau"
      },
      "elections/appointments": {
        "text": "president and vice president directly elected on separate ballots by absolute majority popular vote in 2 rounds if needed for a 4-year term (eligible for a second term); election last held on 5 November 2024 (next to be held November 2028)"
      },
      "election results": {
        "text": "<em>2024: </em>Surangel WHIPPS, Jr. elected president in second round; percent of vote - Surangel WHIPPS, Jr. (independent) 57.7%, Tommy REMENGESAU (independent) 42.1%, other 0.2% <br><br><em>2020: </em>Surangel WHIPPS, Jr. elected president in second round; percent of vote - Surangel WHIPPS, Jr. (independent) 56.7%, Raynold OILUCH (independent) 43.3%"
      },
      "note": "<strong>note:</strong> the president is both chief of state and head of government"
    },
    "Legislative branch": {
      "legislature name": {
        "text": "National Congress (Olbiil Era Kelulau)"
      },
      "legislative structure": {
        "text": "bicameral"
      }
    },
    "Legislative branch - lower chamber": {
      "chamber name": {
        "text": "House of Delegates"
      },
      "number of seats": {
        "text": "16 (all directly elected)"
      },
      "electoral system": {
        "text": "plurality/majority"
      },
      "scope of elections": {
        "text": "full renewal"
      },
      "term in office": {
        "text": "4 years"
      },
      "most recent election date": {
        "text": "11/3/2020"
      },
      "percentage of women in chamber": {
        "text": "25%"
      },
      "expected date of next election": {
        "text": "November 2024"
      }
    },
    "Legislative branch - upper chamber": {
      "chamber name": {
        "text": "Senate"
      },
      "number of seats": {
        "text": "15 (all directly elected)"
      },
      "electoral system": {
        "text": "plurality/majority"
      },
      "scope of elections": {
        "text": "full renewal"
      },
      "term in office": {
        "text": "4 years"
      },
      "most recent election date": {
        "text": "11/3/2020"
      },
      "percentage of women in chamber": {
        "text": "13.3%"
      },
      "expected date of next election": {
        "text": "November 2024"
      }
    },
    "Judicial branch": {
      "highest court(s)": {
        "text": "Supreme Court (consists of the chief justice and 3 associate justices organized into appellate trial divisions; the Supreme Court organization also includes the Common Pleas and Land Courts)"
      },
      "judge selection and term of office": {
        "text": "justices nominated by a 7-member independent body consisting of judges, presidential appointees, and lawyers and appointed by the president; judges can serve until mandatory retirement at age 65"
      },
      "subordinate courts": {
        "text": "National Court and other 'inferior' courts"
      }
    },
    "Political parties": {
      "text": "none"
    },
    "International organization participation": {
      "text": "ACP, ADB, AOSIS, FAO, IAEA, IBRD, ICAO, ICRM, IDA, IFC, IFRCS, ILO, IMF, IMO, IMSO, IOC, IPU, MIGA, OPCW, PIF, Sparteca, SPC, UN, UNAMID, UNCTAD, UNESCO, WHO"
    },
    "Diplomatic representation in the US": {
      "chief of mission": {
        "text": "Ambassador Hersey KYOTA (since 12 November 1997)"
      },
      "chancery": {
        "text": "1701 Pennsylvania Avenue NW, Suite 200, Washington, DC 20006"
      },
      "telephone": {
        "text": "[1] (202) 349-8598"
      },
      "FAX": {
        "text": "[1] (202) 452-6281"
      },
      "email address and website": {
        "text": "<br>info@palauembassy.org<br><br>https://www.palauembassy.org/"
      },
      "consulate(s)": {
        "text": "Tamuning (Guam)"
      }
    },
    "Diplomatic representation from the US": {
      "chief of mission": {
        "text": "Ambassador Joel EHRENDREICH (since 29 September 2023)"
      },
      "embassy": {
        "text": "Omsangel/Beklelachieb, Airai 96940"
      },
      "mailing address": {
        "text": "4260 Koror Place, Washington, DC&nbsp; 20521-4260"
      },
      "telephone": {
        "text": "[680] 587-2920"
      },
      "FAX": {
        "text": "[680] 587-2911"
      },
      "email address and website": {
        "text": "<br>ConsularKoror@state.gov<br><br>https://pw.usembassy.gov/"
      }
    },
    "Flag description": {
      "text": "light blue with a large yellow disk shifted slightly to the hoist side; the blue color represents the ocean, the disk represents the moon; Palauans consider the full moon to be the optimum time for human activity; it is also considered a symbol of peace, love, and tranquility"
    },
    "National symbol(s)": {
      "text": "bai (native meeting house); national colors: blue, yellow"
    },
    "National anthem": {
      "name": {
        "text": "\"Belau rekid\" (Our Palau)"
      },
      "lyrics/music": {
        "text": "multiple/Ymesei O. EZEKIEL"
      },
      "note": "<strong>note:</strong> adopted 1980"
    },
    "National heritage": {
      "total World Heritage Sites": {
        "text": "1 (mixed)"
      },
      "selected World Heritage Site locales": {
        "text": "Rock Islands Southern Lagoon"
      }
    }
  },
  "Economy": {
    "Economic overview": {
      "text": "high-income Pacific island economy; environmentally fragile; subsistence agriculture and fishing industries; US aid reliance; rebounding post-pandemic tourism industry and services sector; very high living standard and low unemployment"
    },
    "Real GDP (purchasing power parity)": {
      "Real GDP (purchasing power parity) 2023": {
        "text": "$280.025 million (2023 est.)"
      },
      "Real GDP (purchasing power parity) 2022": {
        "text": "$274.866 million (2022 est.)"
      },
      "Real GDP (purchasing power parity) 2021": {
        "text": "$278.538 million (2021 est.)"
      },
      "note": "<b>note:</b> data in 2021 dollars"
    },
    "Real GDP growth rate": {
      "Real GDP growth rate 2023": {
        "text": "1.88% (2023 est.)"
      },
      "Real GDP growth rate 2022": {
        "text": "-1.32% (2022 est.)"
      },
      "Real GDP growth rate 2021": {
        "text": "-14.16% (2021 est.)"
      },
      "note": "<b>note:</b> annual GDP % growth based on constant local currency"
    },
    "Real GDP per capita": {
      "Real GDP per capita 2023": {
        "text": "$15,800 (2023 est.)"
      },
      "Real GDP per capita 2022": {
        "text": "$15,500 (2022 est.)"
      },
      "Real GDP per capita 2021": {
        "text": "$15,700 (2021 est.)"
      },
      "note": "<b>note:</b> data in 2021 dollars"
    },
    "GDP (official exchange rate)": {
      "text": "$281.849 million (2023 est.)",
      "note": "<b>note:</b> data in current dollars at official exchange rate"
    },
    "Inflation rate (consumer prices)": {
      "Inflation rate (consumer prices) 2023": {
        "text": "12.8% (2023 est.)"
      },
      "Inflation rate (consumer prices) 2022": {
        "text": "12.35% (2022 est.)"
      },
      "Inflation rate (consumer prices) 2021": {
        "text": "2.61% (2021 est.)"
      },
      "note": "<b>note:</b> annual % change based on consumer prices"
    },
    "GDP - composition, by sector of origin": {
      "agriculture": {
        "text": "3% (2023 est.)"
      },
      "industry": {
        "text": "9.9% (2023 est.)"
      },
      "services": {
        "text": "76.7% (2023 est.)"
      },
      "note": "<b>note:</b> figures may not total 100% due to non-allocated consumption not captured in sector-reported data"
    },
    "GDP - composition, by end use": {
      "household consumption": {
        "text": "77.8% (2022 est.)"
      },
      "government consumption": {
        "text": "36.3% (2022 est.)"
      },
      "investment in fixed capital": {
        "text": "36.6% (2022 est.)"
      },
      "investment in inventories": {
        "text": "1.8% (2022 est.)"
      },
      "exports of goods and services": {
        "text": "13.5% (2022 est.)"
      },
      "imports of goods and services": {
        "text": "-74.3% (2022 est.)"
      },
      "note": "<b>note:</b> figures may not total 100% due to rounding or gaps in data collection"
    },
    "Agricultural products": {
      "text": "coconuts, cassava (manioc, tapioca), sweet potatoes; fish, pigs, chickens, eggs, bananas, papaya, breadfruit, calamansi, soursop, Polynesian chestnuts, Polynesian almonds, mangoes, taro, guava, beans, cucumbers, squash/pumpkins (various), eggplant, green onions, kangkong (watercress), cabbages (various), radishes, betel nuts, melons, peppers, noni, okra"
    },
    "Industries": {
      "text": "tourism, fishing, subsistence agriculture"
    },
    "Industrial production growth rate": {
      "text": "-19.49% (2023 est.)",
      "note": "<strong>note:</strong> annual % change in industrial value added based on constant local currency"
    },
    "Labor force": {
      "text": "11,610 (2016)"
    },
    "Unemployment rate": {
      "Unemployment rate 2015": {
        "text": "1.7% (2015 est.)"
      }
    },
    "Youth unemployment rate (ages 15-24)": {
      "total": {
        "text": "5.6% (2014)"
      }
    },
    "Remittances": {
      "Remittances 2023": {
        "text": "0.69% of GDP (2023 est.)"
      },
      "Remittances 2022": {
        "text": "0.76% of GDP (2022 est.)"
      },
      "Remittances 2021": {
        "text": "0.8% of GDP (2021 est.)"
      },
      "note": "<b>note:</b> personal transfers and compensation between resident and non-resident individuals/households/entities"
    },
    "Budget": {
      "revenues": {
        "text": "$173.256 million (2019 est.)"
      },
      "expenditures": {
        "text": "$175.508 million (2019 est.)"
      },
      "note": "<b>note:</b> central government revenues (excluding grants) and expenses converted to US dollars at average official exchange rate for year indicated"
    },
    "Public debt": {
      "Public debt 2019": {
        "text": "85.2% of GDP (2019 est.)"
      },
      "note": "<b>note:</b> central government debt as a % of GDP"
    },
    "Taxes and other revenues": {
      "text": "18.08% (of GDP) (2020 est.)",
      "note": "<b>note:</b> central government tax revenue as a % of GDP"
    },
    "Current account balance": {
      "Current account balance 2022": {
        "text": "-$135.428 million (2022 est.)"
      },
      "Current account balance 2021": {
        "text": "-$115.739 million (2021 est.)"
      },
      "Current account balance 2020": {
        "text": "-$115.61 million (2020 est.)"
      },
      "note": "<b>note:</b> balance of payments - net trade and primary/secondary income in current dollars"
    },
    "Exports": {
      "Exports 2022": {
        "text": "$24.48 million (2022 est.)"
      },
      "Exports 2021": {
        "text": "$10.566 million (2021 est.)"
      },
      "Exports 2020": {
        "text": "$52.897 million (2020 est.)"
      },
      "note": "<b>note:</b> balance of payments - exports of goods and services in current dollars"
    },
    "Exports - partners": {
      "text": "Greece 27%, Japan 26%, France 18%, Taiwan 8%, US 7% (2022)",
      "note": "<b>note:</b> top five export partners based on percentage share of exports"
    },
    "Exports - commodities": {
      "text": "ships, computers, machine parts, scrap iron, fish (2022)",
      "note": "<b>note:</b> top five export commodities based on value in dollars"
    },
    "Imports": {
      "Imports 2022": {
        "text": "$216.681 million (2022 est.)"
      },
      "Imports 2021": {
        "text": "$169.938 million (2021 est.)"
      },
      "Imports 2020": {
        "text": "$207.224 million (2020 est.)"
      },
      "note": "<b>note:</b> balance of payments - imports of goods and services in current dollars"
    },
    "Imports - partners": {
      "text": "China 35%, US 14%, South Korea 13%, Japan 8%, Italy 6% (2022)",
      "note": "<b>note:</b> top five import partners based on percentage share of imports"
    },
    "Imports - commodities": {
      "text": "ships, refined petroleum, iron structures, plastic products, electric batteries (2022)",
      "note": "<b>note:</b> top five import commodities based on value in dollars"
    },
    "Reserves of foreign exchange and gold": {
      "Reserves of foreign exchange and gold 31 December 2015": {
        "text": "$580.9 million (31 December 2015 est.)"
      }
    },
    "Exchange rates": {
      "text": "<p>the US dollar is used</p>"
    }
  },
  "Energy": {
    "Electricity access": {
      "electrification - total population": {
        "text": "100% (2022 est.)"
      },
      "electrification - urban areas": {
        "text": "99.9%"
      },
      "electrification - rural areas": {
        "text": "100%"
      }
    }
  },
  "Communications": {
    "Telephones - fixed lines": {
      "total subscriptions": {
        "text": "8,000 (2022 est.)"
      },
      "subscriptions per 100 inhabitants": {
        "text": "44 (2022 est.)"
      }
    },
    "Telephones - mobile cellular": {
      "total subscriptions": {
        "text": "24,000 (2022 est.)"
      },
      "subscriptions per 100 inhabitants": {
        "text": "133 (2022 est.)"
      }
    },
    "Telecommunication systems": {
      "general assessment": {
        "text": "Palau telecommunications is a small, formerly unregulated sector undertaking significant growth with the improvement and cost reduction in technology; mobile services have taken over the share of the market from landlines, with both 2-3G cell services throughout the islands; sim cards are easily available and offer 3G and data options; there are pre-paid and post-paid options for both voice and data; there are three data options for using a wireless hotspot network throughout Palau; connection from hotel and restaurant premises is available, enabling users to connect via WiFi throughout the main Islands of Palau (2022)"
      },
      "domestic": {
        "text": "fixed-line nearly 44 per 100 and mobile-cellular services roughly 130 per 100 persons (2021)"
      },
      "international": {
        "text": "country code - 680; landing point for the SEA-US submarine cable linking Palau, Philippines, Micronesia, Indonesia, Hawaii (US), Guam (US) and&nbsp;California (US); satellite earth station - 1 Intelsat (Pacific Ocean) (2019)"
      }
    },
    "Broadcast media": {
      "text": "no broadcast TV stations; a cable TV network covers the major islands and provides access to 4 local cable stations, rebroadcasts (on a delayed basis) of a number of US stations, as well as access to a number of real-time satellite TV channels; about a half dozen radio stations (1 government-owned) (2019)"
    },
    "Internet country code": {
      "text": ".pw"
    },
    "Internet users": {
      "percent of population": {
        "text": "37.2% (2021 est.)"
      }
    },
    "Broadband - fixed subscriptions": {
      "total": {
        "text": "1,224 (2015 est.)"
      },
      "subscriptions per 100 inhabitants": {
        "text": "7 (2015 est.)"
      }
    }
  },
  "Transportation": {
    "National air transport system": {
      "number of registered air carriers": {
        "text": "1 (2020)"
      },
      "inventory of registered aircraft operated by air carriers": {
        "text": "1"
      }
    },
    "Civil aircraft registration country code prefix": {
      "text": "T8"
    },
    "Airports": {
      "text": "3 (2024)"
    },
    "Roadways": {
      "total": {
        "text": "121 km"
      },
      "paved": {
        "text": "85 km"
      },
      "unpaved": {
        "text": "36 km (2018)"
      }
    },
    "Merchant marine": {
      "total": {
        "text": "427 (2023)"
      },
      "by type": {
        "text": "bulk carrier 49, container ship 8, general cargo 200, oil tanker 52, other 118"
      }
    },
    "Ports": {
      "total ports": {
        "text": "1 (2024)"
      },
      "large": {
        "text": "0"
      },
      "medium": {
        "text": "0"
      },
      "small": {
        "text": "0"
      },
      "very small": {
        "text": "1"
      },
      "ports with oil terminals": {
        "text": "1"
      },
      "key ports": {
        "text": "Malakal Harbor"
      }
    }
  },
  "Military and Security": {
    "Military and security forces": {
      "text": "no regular military forces; the Ministry of Justice includes divisions/bureaus for public security, police functions, and maritime law enforcement (2024)"
    },
    "Military - note": {
      "text": "under the Compact of Free Association between Palau and the US, the US is responsible for the defense of Palau and the US military is granted access to the islands; the COFA also allows citizens of Palau to serve in the US armed forces<br><br>Palau has a \"shiprider\" agreement with the US, which allows local maritime law enforcement officers to embark on US Coast Guard (USCG) and US Navy (USN) vessels, including to board and search vessels suspected of violating laws or regulations within Palau's designated exclusive economic zone (EEZ) or on the high seas; \"shiprider\" agreements also enable USCG personnel and USN vessels with embarked USCG law enforcement personnel to work with host nations to protect critical regional resources (2024)"
    }
  },
  "Transnational Issues": {
  }
}