{
  "Introduction": {
    "Background": {
      "text": "The first humans arrived in Tonga around 1000 B.C. The islands’ politics were highly centralized under the Tu’i Tonga, or Tongan king, by A.D. 950, and by 1200, the Tu’i Tonga had expanded his influence throughout Polynesia and into Melanesia and Micronesia. The Tongan Empire began to decline in the 1300s, with civil wars, a military defeat to Samoa, and internal political strife. By the mid-1500s, some Tu’i Tongans were ethnic Samoan, and day-to-day administration of Tonga was transferred to a new position occupied by ethnic Tongans.<br><br>Dutch navigators explored the islands in the 1600s, followed by the British in the 1770s, who named them the Friendly Islands. Between 1799 and 1852 Tonga went through a period of war and disorder. In the 1830s, a low-ranking chief from Ha’apai began to consolidate control over the islands and was crowned King George TUPOU I in 1845, establishing the only still-extant Polynesian monarchy. During TUPOU's reign (1845–93), Tonga became a unified and independent country with a modern constitution (1875), legal code, and administrative structure. In separate treaties, Germany (1876), Great Britain (1879), and the US (1888) recognized Tonga’s independence. His son and successor, King George TUPOU II, agreed to enter a protectorate agreement with the UK in 1900 after rival Tongan chiefs tried to overthrow him. As a protectorate, Tonga never completely lost its indigenous governance, but it did become more isolated and the social hierarchy became more stratified between a group of nobles and a large class of commoners. Today, about one third of parliamentary seats are reserved for nobles.<br><br>Tonga regained full control of domestic and foreign affairs and became a fully independent nation within the Commonwealth in 1970. A pro-democracy movement gained steam in the early 2000s, led by ‘Akilisi POHIVA, and in 2006, riots broke out in Nuku’alofa to protest the lack of progress on reform. To appease the activists, in 2008, King George TUPOU V announced he was relinquishing most of his powers leading up to parliamentary elections in 2010 and henceforth most of the monarch’s governmental decisions, except those relating to the judiciary, were to be made in consultation with the prime minister. The 2010 Legislative Assembly was called Tonga’s first democratically elected Parliament. King George TUPOU V died in 2012 and was succeeded by his brother Crown Prince Tupouto‘a Lavaka who ruled as George TUPOU VI. In 2015, ‘Akalisi POHIVA became Tonga’s first non-noble prime minister."
    }
  },
  "Geography": {
    "Location": {
      "text": "Oceania, archipelago in the South Pacific Ocean, about two-thirds of the way from Hawaii to New Zealand"
    },
    "Geographic coordinates": {
      "text": "20 00 S, 175 00 W"
    },
    "Map references": {
      "text": "Oceania"
    },
    "Area": {
      "total ": {
        "text": "747 sq km"
      },
      "land": {
        "text": "717 sq km"
      },
      "water": {
        "text": "30 sq km"
      }
    },
    "Area - comparative": {
      "text": "four times the size of Washington, DC"
    },
    "Land boundaries": {
      "total": {
        "text": "0 km"
      }
    },
    "Coastline": {
      "text": "419 km"
    },
    "Maritime claims": {
      "territorial sea": {
        "text": "12 nm"
      },
      "exclusive economic zone": {
        "text": "200 nm"
      },
      "continental shelf": {
        "text": "200-m depth or to the depth of exploitation"
      }
    },
    "Climate": {
      "text": "tropical; modified by trade winds; warm season (December to May), cool season (May to December)"
    },
    "Terrain": {
      "text": "mostly flat islands with limestone bedrock formed from uplifted coral formation; others have limestone overlying volcanic rock"
    },
    "Elevation": {
      "highest point": {
        "text": "Kao Volcano on Kao Island 1,046 m"
      },
      "lowest point": {
        "text": "Pacific Ocean 0 m"
      }
    },
    "Natural resources": {
      "text": "arable land, fish"
    },
    "Land use": {
      "agricultural land": {
        "text": "43.1% (2018 est.)"
      },
      "agricultural land: arable land": {
        "text": "arable land: 22.2% (2018 est.)"
      },
      "agricultural land: permanent crops": {
        "text": "permanent crops: 15.3% (2018 est.)"
      },
      "agricultural land: permanent pasture": {
        "text": "permanent pasture: 5.6% (2018 est.)"
      },
      "forest": {
        "text": "12.5% (2018 est.)"
      },
      "other": {
        "text": "44.4% (2018 est.)"
      }
    },
    "Irrigated land": {
      "text": "0 sq km (2022)"
    },
    "Population distribution": {
      "text": "over two-thirds of the population lives on the island of Tongatapu; only 45 of the nation's 171 islands are occupied"
    },
    "Natural hazards": {
      "text": "<p>cyclones (October to April); earthquakes and volcanic activity on Fonuafo'ou</p><p><strong>volcanism:</strong> moderate volcanic activity; Fonualei (180 m) has shown frequent activity in recent years, while Niuafo'ou (260 m), which last erupted in 1985, has forced evacuations; other historically active volcanoes include Late and Tofua</p>"
    },
    "Geography - note": {
      "text": "the western islands (making up the Tongan Volcanic Arch) are all of volcanic origin; the eastern islands are nonvolcanic and are composed of coral limestone and sand"
    }
  },
  "People and Society": {
    "Population": {
      "total": {
        "text": "104,889"
      },
      "male": {
        "text": "52,606"
      },
      "female": {
        "text": "52,283 (2024 est.)"
      }
    },
    "Nationality": {
      "noun": {
        "text": "Tongan(s)"
      },
      "adjective": {
        "text": "Tongan"
      }
    },
    "Ethnic groups": {
      "text": "Tongan 96.5%, other (European, Fijian, Samoan, Indian, Chinese, other Pacific Islander, other Asian, other) 3.5% (2021 est.)"
    },
    "Languages": {
      "text": "Tongan only 85%, Tongan and other language 13.9%, Tongan not used at home 1.1% (2021 est.)",
      "note": "<strong>note:</strong> data represent language use at home of persons aged 5 and older"
    },
    "Religions": {
      "text": "Protestant 63.9% (Free Wesleyan Church 34.2%, Free Church of Tonga 11.3%, Church of Tonga 6.8%, Seventh Day Adventist 2.5%, Assembly of God 2.5%, Tokaikolo/Maamafo'ou 1.5%, Constitutional Church of Tonga 1.2%, other Protestant 4%), Church of Jesus Christ 19.7%, Roman Catholic 13.7%, other 2.1%, none 0.6%, no answer 0.1% (2021 est.)"
    },
    "Age structure": {
      "0-14 years": {
        "text": "29.3% (male 15,627/female 15,142)"
      },
      "15-64 years": {
        "text": "63.2% (male 33,445/female 32,867)"
      },
      "65 years and over": {
        "text": "7.4% (2024 est.) (male 3,534/female 4,274)"
      }
    },
    "Dependency ratios": {
      "total dependency ratio": {
        "text": "68.6"
      },
      "youth dependency ratio": {
        "text": "58.5"
      },
      "elderly dependency ratio": {
        "text": "10.5"
      },
      "potential support ratio": {
        "text": "9.5 (2021 est.)"
      }
    },
    "Median age": {
      "total": {
        "text": "25.9 years (2024 est.)"
      },
      "male": {
        "text": "25.4 years"
      },
      "female": {
        "text": "26.4 years"
      }
    },
    "Population growth rate": {
      "text": "-0.34% (2024 est.)"
    },
    "Birth rate": {
      "text": "19.7 births/1,000 population (2024 est.)"
    },
    "Death rate": {
      "text": "5 deaths/1,000 population (2024 est.)"
    },
    "Net migration rate": {
      "text": "-18.1 migrant(s)/1,000 population (2024 est.)"
    },
    "Population distribution": {
      "text": "over two-thirds of the population lives on the island of Tongatapu; only 45 of the nation's 171 islands are occupied"
    },
    "Urbanization": {
      "urban population": {
        "text": "23.2% of total population (2023)"
      },
      "rate of urbanization": {
        "text": "0.99% annual rate of change (2020-25 est.)"
      }
    },
    "Major urban areas - population": {
      "text": "23,000 NUKU'ALOFA (2018)"
    },
    "Sex ratio": {
      "at birth": {
        "text": "1.03 male(s)/female"
      },
      "0-14 years": {
        "text": "1.03 male(s)/female"
      },
      "15-64 years": {
        "text": "1.02 male(s)/female"
      },
      "65 years and over": {
        "text": "0.83 male(s)/female"
      },
      "total population": {
        "text": "1.01 male(s)/female (2024 est.)"
      }
    },
    "Mother's mean age at first birth": {
      "text": "24.9 years (2012 est.)",
      "note": "<strong>note:</strong> data represents median age at first birth among women 25-49"
    },
    "Maternal mortality ratio": {
      "text": "126 deaths/100,000 live births (2020 est.)"
    },
    "Infant mortality rate": {
      "total": {
        "text": "11.8 deaths/1,000 live births (2024 est.)"
      },
      "male": {
        "text": "12.8 deaths/1,000 live births"
      },
      "female": {
        "text": "10.8 deaths/1,000 live births"
      }
    },
    "Life expectancy at birth": {
      "total population": {
        "text": "78 years (2024 est.)"
      },
      "male": {
        "text": "76.4 years"
      },
      "female": {
        "text": "79.7 years"
      }
    },
    "Total fertility rate": {
      "text": "2.65 children born/woman (2024 est.)"
    },
    "Gross reproduction rate": {
      "text": "1.3 (2024 est.)"
    },
    "Contraceptive prevalence rate": {
      "text": "29.3% (2019)"
    },
    "Drinking water source": {
      "improved: urban": {
        "text": "urban: 99.8% of population"
      },
      "improved: rural": {
        "text": "rural: 99.6% of population"
      },
      "improved: total": {
        "text": "total: 99.6% of population"
      },
      "unimproved: urban": {
        "text": "urban: 0.2% of population"
      },
      "unimproved: rural": {
        "text": "rural: 0.4% of population"
      },
      "unimproved: total": {
        "text": "total: 0.4% of population (2020 est.)"
      }
    },
    "Current health expenditure": {
      "text": "5.3% of GDP (2020)"
    },
    "Physician density": {
      "text": "0.95 physicians/1,000 population (2020)"
    },
    "Sanitation facility access": {
      "improved: urban": {
        "text": "urban: 99.4% of population"
      },
      "improved: rural": {
        "text": "rural: 98.8% of population"
      },
      "improved: total": {
        "text": "total: 98.9% of population"
      },
      "unimproved: urban": {
        "text": "urban: 0.6% of population"
      },
      "unimproved: rural": {
        "text": "rural: 1.2% of population"
      },
      "unimproved: total": {
        "text": "total: 1.1% of population (2020 est.)"
      }
    },
    "Obesity - adult prevalence rate": {
      "text": "48.2% (2016)"
    },
    "Alcohol consumption per capita": {
      "total": {
        "text": "0.31 liters of pure alcohol (2019 est.)"
      },
      "beer": {
        "text": "0.03 liters of pure alcohol (2019 est.)"
      },
      "wine": {
        "text": "0.17 liters of pure alcohol (2019 est.)"
      },
      "spirits": {
        "text": "0.11 liters of pure alcohol (2019 est.)"
      },
      "other alcohols": {
        "text": "0 liters of pure alcohol (2019 est.)"
      }
    },
    "Tobacco use": {
      "total": {
        "text": "31% (2020 est.)"
      },
      "male": {
        "text": "46.7% (2020 est.)"
      },
      "female": {
        "text": "15.3% (2020 est.)"
      }
    },
    "Children under the age of 5 years underweight": {
      "text": "0.8% (2019)"
    },
    "Currently married women (ages 15-49)": {
      "text": "54.9% (2023 est.)"
    },
    "Child marriage": {
      "women married by age 15": {
        "text": "0.4%"
      },
      "women married by age 18": {
        "text": "10.1%"
      },
      "men married by age 18": {
        "text": "2.8% (2019 est.)"
      }
    },
    "Education expenditures": {
      "text": "6.6% of GDP (2021 est.)"
    },
    "Literacy": {
      "definition": {
        "text": "can read and write Tongan and/or English"
      },
      "total population": {
        "text": "99.4%"
      },
      "male": {
        "text": "99.4%"
      },
      "female": {
        "text": "99.5% (2021)"
      }
    },
    "School life expectancy (primary to tertiary education)": {
      "total": {
        "text": "16 years"
      },
      "male": {
        "text": "15 years"
      },
      "female": {
        "text": "17 years (2020)"
      }
    }
  },
  "Environment": {
    "Environment - current issues": {
      "text": "deforestation from land being cleared for agriculture and settlement; soil exhaustion; water pollution due to salinization, sewage, and toxic chemicals from farming activities; coral reefs and marine populations threatened"
    },
    "Environment - international agreements": {
      "party to": {
        "text": "Biodiversity, Climate Change, Climate Change-Kyoto Protocol, Climate Change-Paris Agreement, Desertification, Endangered Species, Hazardous Wastes, Law of the Sea, Marine Dumping-London Convention, Marine Dumping-London Protocol, Marine Life Conservation, Nuclear Test Ban, Ozone Layer Protection, Ship Pollution"
      },
      "signed, but not ratified": {
        "text": "none of the selected agreements"
      }
    },
    "Climate": {
      "text": "tropical; modified by trade winds; warm season (December to May), cool season (May to December)"
    },
    "Land use": {
      "agricultural land": {
        "text": "43.1% (2018 est.)"
      },
      "agricultural land: arable land": {
        "text": "arable land: 22.2% (2018 est.)"
      },
      "agricultural land: permanent crops": {
        "text": "permanent crops: 15.3% (2018 est.)"
      },
      "agricultural land: permanent pasture": {
        "text": "permanent pasture: 5.6% (2018 est.)"
      },
      "forest": {
        "text": "12.5% (2018 est.)"
      },
      "other": {
        "text": "44.4% (2018 est.)"
      }
    },
    "Urbanization": {
      "urban population": {
        "text": "23.2% of total population (2023)"
      },
      "rate of urbanization": {
        "text": "0.99% annual rate of change (2020-25 est.)"
      }
    },
    "Revenue from forest resources": {
      "text": "0.03% of GDP (2018 est.)"
    },
    "Revenue from coal": {
      "text": "0% of GDP (2018 est.)"
    },
    "Air pollutants": {
      "particulate matter emissions": {
        "text": "7.52 micrograms per cubic meter (2019 est.)"
      },
      "carbon dioxide emissions": {
        "text": "0.13 megatons (2016 est.)"
      },
      "methane emissions": {
        "text": "0.12 megatons (2020 est.)"
      }
    },
    "Waste and recycling": {
      "municipal solid waste generated annually": {
        "text": "17,238 tons (2012 est.)"
      }
    },
    "Total renewable water resources": {
      "text": "0 cubic meters (2017 est.)"
    }
  },
  "Government": {
    "Country name": {
      "conventional long form": {
        "text": "Kingdom of Tonga"
      },
      "conventional short form": {
        "text": "Tonga"
      },
      "local long form": {
        "text": "Pule'anga Fakatu'i 'o Tonga"
      },
      "local short form": {
        "text": "Tonga"
      },
      "former": {
        "text": "Friendly Islands"
      },
      "etymology": {
        "text": "\"tonga\" means \"south\" in the Tongan language and refers to the country's geographic position in relation to central Polynesia"
      }
    },
    "Government type": {
      "text": "constitutional monarchy"
    },
    "Capital": {
      "name": {
        "text": "Nuku'alofa"
      },
      "geographic coordinates": {
        "text": "21 08 S, 175 12 W"
      },
      "time difference": {
        "text": "UTC+13 (18 hours ahead of Washington, DC, during Standard Time)"
      },
      "daylight saving time": {
        "text": "+1hr, begins first Sunday in November; ends second Sunday in January"
      },
      "etymology": {
        "text": "composed of the words <em>nuku</em>, meaning \"residence or abode,\" and <em>alof</em>a, meaning \"love,\" to signify \"abode of love\""
      }
    },
    "Administrative divisions": {
      "text": "5 island divisions; 'Eua, Ha'apai, Ongo Niua, Tongatapu, Vava'u"
    },
    "Independence": {
      "text": "4 June 1970 (from UK protectorate status)"
    },
    "National holiday": {
      "text": "Official Birthday of King TUPOU VI, 4 July (1959); note - actual birthday of the monarch is 12 July 1959, 4 July (2015) is the day the king was crowned; Constitution Day (National Day), 4 November (1875)"
    },
    "Legal system": {
      "text": "English common law"
    },
    "Constitution": {
      "history": {
        "text": "adopted 4 November 1875, revised 1988, 2016"
      },
      "amendments": {
        "text": "proposed by the Legislative Assembly; passage requires approval by the Assembly in each of three readings, the unanimous approval of the Privy Council (a high-level advisory body to the monarch), the Cabinet, and assent to by the monarch; revised 1988; amended many times, last in 2013"
      }
    },
    "International law organization participation": {
      "text": "has not submitted an ICJ jurisdiction declaration; non-party state to the ICCt"
    },
    "Citizenship": {
      "citizenship by birth": {
        "text": "no"
      },
      "citizenship by descent only": {
        "text": "the father must be a citizen of Tonga; if a child is born out of wedlock, the mother must be a citizen of Tonga"
      },
      "dual citizenship recognized": {
        "text": "yes"
      },
      "residency requirement for naturalization": {
        "text": "5 years"
      }
    },
    "Suffrage": {
      "text": "21 years of age; universal"
    },
    "Executive branch": {
      "chief of state": {
        "text": "King TUPOU VI (since 18 March 2012)"
      },
      "head of government": {
        "text": "Prime Minister Aisake Valu EKE (since 22 January 2025)"
      },
      "cabinet": {
        "text": "Cabinet nominated by the prime minister and appointed by the monarch"
      },
      "elections/appointments": {
        "text": "the monarchy is hereditary; prime minister and deputy prime minister indirectly elected by the Legislative Assembly and appointed by the monarch; election last held on 18 November 2021 (next to be held on 24 December 2024)"
      },
      "election results": {
        "text": "<em><br>2021:</em> Siaosi SOVALENI elected prime minister by the Legislative Assembly; Siaosi SOVALENI 16 votes, Aisake EKE 10<br><br><em>2019:</em> Pohiva TU'I'ONETOA (Peoples Party) elected prime minister by parliament receiving 15 of 23 votes cast"
      },
      "note": "<strong>note:</strong> a Privy Council advises the monarch"
    },
    "Legislative branch": {
      "legislature name": {
        "text": "Legislative Assembly (Fale Alea)"
      },
      "legislative structure": {
        "text": "unicameral"
      },
      "number of seats": {
        "text": "30 (17 directly elected; 9 indirectly elected)"
      },
      "electoral system": {
        "text": "plurality/majority"
      },
      "scope of elections": {
        "text": "full renewal"
      },
      "term in office": {
        "text": "4 years"
      },
      "most recent election date": {
        "text": "11/18/2021"
      },
      "percentage of women in chamber": {
        "text": "10%"
      },
      "expected date of next election": {
        "text": "November 2025"
      }
    },
    "Judicial branch": {
      "highest court(s)": {
        "text": "Court of Appeal (consists of the court president and a number of judges determined by the monarch); note - appeals beyond the Court of Appeal are brought before the King in Privy Council, the monarch's advisory organ that has both judicial and legislative powers"
      },
      "judge selection and term of office": {
        "text": "judge appointments and tenures made by the King in Privy Council and subject to consent of the Legislative Assembly"
      },
      "subordinate courts": {
        "text": "Supreme Court; Magistrates' Courts; Land Courts"
      }
    },
    "Political parties": {
      "text": "Democratic Party of the Friendly Islands or DPFI or PTOA <br>Tonga People's Party (Paati ʻa e Kakai ʻo Tonga) or PAK or TPPI"
    },
    "International organization participation": {
      "text": "ACP, ADB, AOSIS, C, FAO, G-77, IBRD, ICAO, ICRM, IDA, IFAD, IFC, IFRCS, IHO, IMF, IMO, IMSO, Interpol, IOC, IPU, ITU, ITUC (NGOs), OPCW, PIF, Sparteca, SPC, UN, UNCTAD, UNESCO, UNIDO, UPU, WCO, WHO, WIPO, WMO, WTO"
    },
    "Diplomatic representation in the US": {
      "chief of mission": {
        "text": "Ambassador Viliana Va&rsquo;inga TONE (since 20 April 2021)"
      },
      "chancery": {
        "text": "250 East 51st Street, New York, NY 10022"
      },
      "telephone": {
        "text": "[1] (917) 369-1025"
      },
      "FAX": {
        "text": "[1] (917) 369-1024"
      },
      "email address and website": {
        "text": "<br>tongaconsnot@gmail.com"
      },
      "consulate(s) general": {
        "text": "San Francisco"
      }
    },
    "Diplomatic representation from the US": {
      "chief of mission": {
        "text": "Ambassador Marie DAMOUR (since 6 December 2022); note - Ambassador DAMOUR is based in the US Embassy in the Republic of Fiji and is accredited to Tonga as well as Kiribati, Nauru, and Tuvalu"
      },
      "embassy": {
        "text": "although the US opened an embassy in Tonga on 9 May 2023, the US Ambassador to Fiji is accredited to Tonga while the Embassy is being staffed"
      }
    },
    "Flag description": {
      "text": "red with a bold red cross on a white rectangle in the upper hoist-side corner; the cross reflects the deep-rooted Christianity in Tonga, red represents the blood of Christ and his sacrifice, and white signifies purity"
    },
    "National symbol(s)": {
      "text": "red cross on white field, arms equal length; national colors: red, white"
    },
    "National anthem": {
      "name": {
        "text": "\"Ko e fasi `o e tu\"i `o e `Otu Tonga\" (Song of the King of the Tonga Islands)"
      },
      "lyrics/music": {
        "text": "Uelingatoni Ngu TUPOUMALOHI/Karl Gustavus SCHMITT"
      },
      "note": "<strong>note:</strong> in use since 1875; more commonly known as \"Fasi Fakafonua\" (National Song)"
    }
  },
  "Economy": {
    "Economic overview": {
      "text": "upper middle-income Pacific island economy; enormous diaspora and remittance reliance; key tourism and agricultural sectors; major fish exporter; rapidly growing Chinese infrastructure investments; rising methamphetamine hub"
    },
    "Real GDP (purchasing power parity)": {
      "Real GDP (purchasing power parity) 2022": {
        "text": "$724.972 million (2022 est.)"
      },
      "Real GDP (purchasing power parity) 2021": {
        "text": "$742.114 million (2021 est.)"
      },
      "Real GDP (purchasing power parity) 2020": {
        "text": "$739.433 million (2020 est.)"
      },
      "note": "<b>note:</b> data in 2021 dollars"
    },
    "Real GDP growth rate": {
      "Real GDP growth rate 2022": {
        "text": "-2.31% (2022 est.)"
      },
      "Real GDP growth rate 2021": {
        "text": "0.36% (2021 est.)"
      },
      "Real GDP growth rate 2020": {
        "text": "0.49% (2020 est.)"
      },
      "note": "<b>note:</b> annual GDP % growth based on constant local currency"
    },
    "Real GDP per capita": {
      "Real GDP per capita 2022": {
        "text": "$6,900 (2022 est.)"
      },
      "Real GDP per capita 2021": {
        "text": "$7,000 (2021 est.)"
      },
      "Real GDP per capita 2020": {
        "text": "$7,000 (2020 est.)"
      },
      "note": "<b>note:</b> data in 2021 dollars"
    },
    "GDP (official exchange rate)": {
      "text": "$518.18 million (2022 est.)",
      "note": "<b>note:</b> data in current dollars at official exchange rate"
    },
    "Inflation rate (consumer prices)": {
      "Inflation rate (consumer prices) 2023": {
        "text": "6.35% (2023 est.)"
      },
      "Inflation rate (consumer prices) 2022": {
        "text": "10.97% (2022 est.)"
      },
      "Inflation rate (consumer prices) 2021": {
        "text": "5.64% (2021 est.)"
      },
      "note": "<b>note:</b> annual % change based on consumer prices"
    },
    "GDP - composition, by sector of origin": {
      "agriculture": {
        "text": "15.6% (2022 est.)"
      },
      "industry": {
        "text": "15.5% (2022 est.)"
      },
      "services": {
        "text": "51.8% (2022 est.)"
      },
      "note": "<b>note:</b> figures may not total 100% due to non-allocated consumption not captured in sector-reported data"
    },
    "GDP - composition, by end use": {
      "household consumption": {
        "text": "77.9% (2022 est.)"
      },
      "government consumption": {
        "text": "30% (2022 est.)"
      },
      "investment in fixed capital": {
        "text": "27.2% (2022 est.)"
      },
      "investment in inventories": {
        "text": "-0.4% (2022 est.)"
      },
      "exports of goods and services": {
        "text": "11.6% (2022 est.)"
      },
      "imports of goods and services": {
        "text": "-63.8% (2022 est.)"
      },
      "note": "<b>note:</b> figures may not total 100% due to rounding or gaps in data collection"
    },
    "Agricultural products": {
      "text": "coconuts, pumpkins/squash, cassava, sweet potatoes, vegetables, yams, taro, root vegetables, plantains, lemons/limes (2022)",
      "note": "<b>note:</b> top ten agricultural products based on tonnage"
    },
    "Industries": {
      "text": "tourism, construction, fishing"
    },
    "Industrial production growth rate": {
      "text": "-12.25% (2022 est.)",
      "note": "<b>note:</b> annual % change in industrial value added based on constant local currency"
    },
    "Labor force": {
      "text": "36,000 (2023 est.)",
      "note": "<b>note:</b> number of people ages 15 or older who are employed or seeking work"
    },
    "Unemployment rate": {
      "Unemployment rate 2023": {
        "text": "2.3% (2023 est.)"
      },
      "Unemployment rate 2022": {
        "text": "2.35% (2022 est.)"
      },
      "Unemployment rate 2021": {
        "text": "2.11% (2021 est.)"
      },
      "note": "<b>note:</b> % of labor force seeking employment"
    },
    "Youth unemployment rate (ages 15-24)": {
      "total": {
        "text": "6.7% (2023 est.)"
      },
      "male": {
        "text": "4.4% (2023 est.)"
      },
      "female": {
        "text": "10.5% (2023 est.)"
      },
      "note": "<b>note:</b> % of labor force ages 15-24 seeking employment"
    },
    "Population below poverty line": {
      "text": "20.6% (2021 est.)"
    },
    "Gini Index coefficient - distribution of family income": {
      "Gini Index coefficient - distribution of family income 2021": {
        "text": "27.1 (2021 est.)"
      },
      "note": "<b>note:</b> index (0-100) of income distribution; higher values represent greater inequality"
    },
    "Household income or consumption by percentage share": {
      "lowest 10%": {
        "text": "4% (2021 est.)"
      },
      "highest 10%": {
        "text": "22% (2021 est.)"
      },
      "note": "<b>note:</b> % share of income accruing to lowest and highest 10% of population"
    },
    "Remittances": {
      "Remittances 2022": {
        "text": "41.94% of GDP (2022 est.)"
      },
      "Remittances 2021": {
        "text": "41.98% of GDP (2021 est.)"
      },
      "Remittances 2020": {
        "text": "38.23% of GDP (2020 est.)"
      },
      "note": "<b>note:</b> personal transfers and compensation between resident and non-resident individuals/households/entities"
    },
    "Budget": {
      "revenues": {
        "text": "$215.007 million (2020 est.)"
      },
      "expenditures": {
        "text": "$160.257 million (2020 est.)"
      },
      "note": "<b>note:</b> central government revenues and expenses (excluding grants/extrabudgetary units/social security funds) converted to US dollars at average official exchange rate for year indicated"
    },
    "Public debt": {
      "Public debt 2020": {
        "text": "43.92% of GDP (2020 est.)"
      },
      "note": "<b>note:</b> central government debt as a % of GDP"
    },
    "Taxes and other revenues": {
      "text": "20.79% (of GDP) (2020 est.)"
    },
    "Current account balance": {
      "Current account balance 2023": {
        "text": "-$30.073 million (2023 est.)"
      },
      "Current account balance 2022": {
        "text": "-$27.749 million (2022 est.)"
      },
      "Current account balance 2021": {
        "text": "-$32.382 million (2021 est.)"
      },
      "note": "<b>note:</b> balance of payments - net trade and primary/secondary income in current dollars"
    },
    "Exports": {
      "Exports 2023": {
        "text": "$95.345 million (2023 est.)"
      },
      "Exports 2022": {
        "text": "$59.926 million (2022 est.)"
      },
      "Exports 2021": {
        "text": "$57.534 million (2021 est.)"
      },
      "note": "<b>note:</b> balance of payments - exports of goods and services in current dollars"
    },
    "Exports - partners": {
      "text": "US 31%, Australia 19%, NZ 12%, Hong Kong 8%, Belgium 8% (2022)",
      "note": "<b>note:</b> top five export partners based on percentage share of exports"
    },
    "Exports - commodities": {
      "text": "fish, scrap copper, processed crustaceans, vegetables, perfume plants (2022)",
      "note": "<b>note:</b> top five export commodities based on value in dollars"
    },
    "Imports": {
      "Imports 2023": {
        "text": "$383.462 million (2023 est.)"
      },
      "Imports 2022": {
        "text": "$330.306 million (2022 est.)"
      },
      "Imports 2021": {
        "text": "$298.304 million (2021 est.)"
      },
      "note": "<b>note:</b> balance of payments - imports of goods and services in current dollars"
    },
    "Imports - partners": {
      "text": "Fiji 28%, China 23%, NZ 21%, Australia 6%, US 5% (2022)",
      "note": "<b>note:</b> top five import partners based on percentage share of imports"
    },
    "Imports - commodities": {
      "text": "refined petroleum, plastic products, poultry, sheep and goat meat, cars (2022)",
      "note": "<b>note:</b> top five import commodities based on value in dollars"
    },
    "Reserves of foreign exchange and gold": {
      "Reserves of foreign exchange and gold 2023": {
        "text": "$396.53 million (2023 est.)"
      },
      "Reserves of foreign exchange and gold 2022": {
        "text": "$375.564 million (2022 est.)"
      },
      "Reserves of foreign exchange and gold 2021": {
        "text": "$361.812 million (2021 est.)"
      },
      "note": "<b>note:</b> holdings of gold (year-end prices)/foreign exchange/special drawing rights in current dollars"
    },
    "Debt - external": {
      "Debt - external 2023": {
        "text": "$168.587 million (2023 est.)"
      },
      "note": "<b>note:</b> present value of external debt in current US dollars"
    },
    "Exchange rates": {
      "Currency": {
        "text": "pa'anga (TOP) per US dollar -"
      },
      "Exchange rates 2023": {
        "text": "2.364 (2023 est.)"
      },
      "Exchange rates 2022": {
        "text": "2.328 (2022 est.)"
      },
      "Exchange rates 2021": {
        "text": "2.265 (2021 est.)"
      },
      "Exchange rates 2020": {
        "text": "2.3 (2020 est.)"
      },
      "Exchange rates 2019": {
        "text": "2.289 (2019 est.)"
      }
    }
  },
  "Energy": {
    "Electricity access": {
      "electrification - total population": {
        "text": "100% (2022 est.)"
      }
    },
    "Electricity": {
      "installed generating capacity": {
        "text": "33,000 kW (2022 est.)"
      },
      "consumption": {
        "text": "69.136 million kWh (2022 est.)"
      },
      "transmission/distribution losses": {
        "text": "6 million kWh (2022 est.)"
      }
    },
    "Electricity generation sources": {
      "fossil fuels": {
        "text": "86.7% of total installed capacity (2022 est.)"
      },
      "solar": {
        "text": "9.3% of total installed capacity (2022 est.)"
      },
      "wind": {
        "text": "4% of total installed capacity (2022 est.)"
      }
    },
    "Petroleum": {
      "refined petroleum consumption": {
        "text": "900 bbl/day (2022 est.)"
      }
    },
    "Carbon dioxide emissions": {
      "total emissions": {
        "text": "131,000 metric tonnes of CO2 (2022 est.)"
      },
      "from petroleum and other liquids": {
        "text": "131,000 metric tonnes of CO2 (2022 est.)"
      }
    },
    "Energy consumption per capita": {
      "Total energy consumption per capita 2022": {
        "text": "17.949 million Btu/person (2022 est.)"
      }
    }
  },
  "Communications": {
    "Telephones - fixed lines": {
      "total subscriptions": {
        "text": "11,000 (2021 est.)"
      },
      "subscriptions per 100 inhabitants": {
        "text": "3 (2022 est.)"
      }
    },
    "Telephones - mobile cellular": {
      "total subscriptions": {
        "text": "64,000 (2021 est.)"
      },
      "subscriptions per 100 inhabitants": {
        "text": "61 (2021 est.)"
      }
    },
    "Telecommunication systems": {
      "general assessment": {
        "text": "Tonga was only connected to the global submarine telecommunication network in the last decade; though this system is more stable than other technologies such as satellite and fixed infrastructure; the January 2022 eruption of Hunga Tonga-Hunga Ha&rsquo;apai severed Tonga&rsquo;s connection to the submarine telecommunication network (2023)"
      },
      "domestic": {
        "text": "fixed-line 10 per 100 persons and mobile-cellular teledensity 61 telephones per 100 (2021)"
      },
      "international": {
        "text": "country code - 676; landing point for the Tonga Cable and the TDCE connecting to Fiji and 3 separate Tonga islands; satellite earth station - 1 Intelsat (Pacific Ocean) (2020)"
      }
    },
    "Broadcast media": {
      "text": "1 state-owned TV station and 3 privately owned TV stations; satellite and cable TV services are available; 1 state-owned and&nbsp;5 privately owned radio stations; Radio Australia broadcasts available via satellite (2019)"
    },
    "Internet country code": {
      "text": ".to"
    },
    "Internet users": {
      "percent of population": {
        "text": "58% (2021 est.)"
      }
    },
    "Broadband - fixed subscriptions": {
      "total": {
        "text": "9,000 (2022 est.)"
      },
      "subscriptions per 100 inhabitants": {
        "text": "8 (2022 est.)"
      }
    }
  },
  "Transportation": {
    "National air transport system": {
      "number of registered air carriers": {
        "text": "1 (2020)"
      },
      "inventory of registered aircraft operated by air carriers": {
        "text": "1"
      }
    },
    "Civil aircraft registration country code prefix": {
      "text": "A3"
    },
    "Airports": {
      "text": "6 (2024)"
    },
    "Roadways": {
      "total": {
        "text": "680 km"
      },
      "paved": {
        "text": "184 km"
      },
      "unpaved": {
        "text": "496 km (2011)"
      }
    },
    "Merchant marine": {
      "total": {
        "text": "29 (2023)"
      },
      "by type": {
        "text": "container ship 1, general cargo 13, oil tanker 1, other 14"
      }
    },
    "Ports": {
      "total ports": {
        "text": "3 (2024)"
      },
      "large": {
        "text": "0"
      },
      "medium": {
        "text": "0"
      },
      "small": {
        "text": "0"
      },
      "very small": {
        "text": "3"
      },
      "ports with oil terminals": {
        "text": "0"
      },
      "key ports": {
        "text": "Neiafu, Nuku Alofa, Pangai"
      }
    }
  },
  "Military and Security": {
    "Military and security forces": {
      "text": "His Majesty's Armed Forces Tonga (aka Tonga Defense Services): Tonga Royal Guard, Land Force (Royal Tongan Marines), Tonga Navy, Air Wing <br><br>Ministry of Police and Fire Services: Tonga Police Force (2024)"
    },
    "Military expenditures": {
      "Military Expenditures 2023": {
        "text": "1.6% of GDP (2023 est.)"
      },
      "Military Expenditures 2022": {
        "text": "1.6% of GDP (2022 est.)"
      },
      "Military Expenditures 2021": {
        "text": "1.5% of GDP (2021 est.)"
      },
      "Military Expenditures 2020": {
        "text": "2.1% of GDP (2020 est.)"
      },
      "Military Expenditures 2019": {
        "text": "2.4% of GDP (2019 est.)"
      }
    },
    "Military and security service personnel strengths": {
      "text": "approximately 600 personnel (2024)"
    },
    "Military equipment inventories and acquisitions": {
      "text": "the military's inventory consists of light weapons, as well as some naval patrol vessels from Australia and a few US-origin aircraft (2024)"
    },
    "Military service age and obligation": {
      "text": "voluntary military service for men and women 18-25; no conscription (2023)"
    },
    "Military - note": {
      "text": "the HMAF’s primary missions are protecting the King and Tonga’s sovereignty; it is also responsible for humanitarian assistance and disaster relief,  search and rescue operations, monitoring against illegal fishing, and delivering supplies to the outer islands; the HMAF has contributed limited numbers of personnel to multinational military operations in Afghanistan, Iraq, and the Solomon Islands; it is a small force comprised of royal guards, marines, a few naval patrol boats, and a couple of aircraft for maritime patrolling, search and rescue, and training purposes <br><br>Tonga participated in World War I as part of the New Zealand Expeditionary Force, but the Tonga Defense Force (TDF) was not established until 1939 at the beginning of World War II; in 1943, New Zealand helped train about 2,000 Tongan troops who saw action in the Solomon Islands; the TDF was disbanded at the end of the war, but was reactivated in 1946 as the Tonga Defense Services (TDS); in 2013, the name of the TDS was changed to His Majesty’s Armed Forces of Tonga (HMAF); Tongan troops deployed to Iraq from 2004-2008 and Afghanistan to support UK forces from 2010-2014<br><br>Tonga has a \"shiprider\" agreement with the US, which allows local maritime law enforcement officers to embark on US Coast Guard (USCG) and US Navy (USN) vessels, including to board and search vessels suspected of violating laws or regulations within Tonga's designated exclusive economic zone (EEZ) or on the high seas; \"shiprider\" agreements also enable USCG personnel and USN vessels with embarked USCG law enforcement personnel to work with host nations to protect critical regional resources (2024)"
    }
  },
  "Transnational Issues": {
  }
}