{
  "Introduction": {
    "Background": {
      "text": "Modern-day Laos has its roots in the ancient Lao kingdom of Lan Xang, established in the 14th century under King FA NGUM. For 300 years, Lan Xang had influence reaching into present-day Cambodia and Thailand, as well as over all of what is now Laos. After centuries of gradual decline, Laos came under the domination of Siam (Thailand) from the late 18th century until the late 19th century, when it became part of French Indochina. The Franco-Siamese Treaty of 1907 defined the current Lao border with Thailand. Following more than 15 years of civil war, the communist Pathet Lao took control of the government in 1975, ending a six-century-old monarchy and instituting a one party--the Lao People's Revolutionary Party--communist state. A gradual, limited return to private enterprise and the liberalization of foreign investment laws began in the late 1980s. Laos became a member of ASEAN in 1997 and the WTO in 2013.<br><br>In the 2010s, the country benefited from direct foreign investment, particularly in the natural resource and industry sectors. Construction of a number of large hydropower dams and expanding mining activities have also boosted the economy. Laos has retained its official commitment to communism and maintains close ties with its two communist neighbors, Vietnam and China, both of which continue to exert substantial political and economic influence on the country. China, for example, provided 70% of the funding for a $5.9 billion, 400-km railway line between the Chinese border and the capital Vientiane, which opened for operations in 2021. Laos financed the remaining 30% with loans from China. At the same time, Laos has expanded its economic reliance on the West and other Asian countries, such as Japan, Malaysia, Singapore, Taiwan, and Thailand. Nevertheless, despite steady economic growth for more than a decade, it remains one of Asia's poorest countries."
    }
  },
  "Geography": {
    "Location": {
      "text": "Southeastern Asia, northeast of Thailand, west of Vietnam"
    },
    "Geographic coordinates": {
      "text": "18 00 N, 105 00 E"
    },
    "Map references": {
      "text": "Southeast Asia"
    },
    "Area": {
      "total ": {
        "text": "236,800 sq km"
      },
      "land": {
        "text": "230,800 sq km"
      },
      "water": {
        "text": "6,000 sq km"
      }
    },
    "Area - comparative": {
      "text": "about twice the size of Pennsylvania; slightly larger than Utah"
    },
    "Land boundaries": {
      "total": {
        "text": "5,274 km"
      },
      "border countries": {
        "text": "Burma 238 km; Cambodia 555 km; China 475 km; Thailand 1,845 km; Vietnam 2,161 km"
      }
    },
    "Coastline": {
      "text": "0 km (landlocked)"
    },
    "Maritime claims": {
      "text": "none (landlocked)"
    },
    "Climate": {
      "text": "tropical monsoon; rainy season (May to November); dry season (December to April)"
    },
    "Terrain": {
      "text": "mostly rugged mountains; some plains and plateaus"
    },
    "Elevation": {
      "highest point": {
        "text": "Phu Bia 2,817 m"
      },
      "lowest point": {
        "text": "Mekong River 70 m"
      },
      "mean elevation": {
        "text": "710 m"
      }
    },
    "Natural resources": {
      "text": "timber, hydropower, gypsum, tin, gold, gemstones"
    },
    "Land use": {
      "agricultural land": {
        "text": "10.6% (2018 est.)"
      },
      "agricultural land: arable land": {
        "text": "arable land: 6.2% (2018 est.)"
      },
      "agricultural land: permanent crops": {
        "text": "permanent crops: 0.7% (2018 est.)"
      },
      "agricultural land: permanent pasture": {
        "text": "permanent pasture: 3.7% (2018 est.)"
      },
      "forest": {
        "text": "67.9% (2018 est.)"
      },
      "other": {
        "text": "21.5% (2018 est.)"
      }
    },
    "Irrigated land": {
      "text": "4,409 sq km (2020)"
    },
    "Major rivers (by length in km)": {
      "text": "Mènam Khong (Mekong) (shared with China [s], Burma, Thailand, Cambodia, and Vietnam [m]) - 4,350 km<br><strong>note</strong> – [s] after country name indicates river source; [m] after country name indicates river mouth"
    },
    "Major watersheds (area sq km)": {
      "text": "Pacific Ocean drainage: Mekong (805,604 sq km)"
    },
    "Population distribution": {
      "text": "most densely populated area is in and around the capital city of Vientiane; large communities are primarily found along the Mekong River along the southwestern border; overall density is considered one of the lowest in Southeast Asia"
    },
    "Natural hazards": {
      "text": "floods, droughts"
    },
    "Geography - note": {
      "text": "landlocked; most of the country is mountainous and thickly forested; the Mekong River forms a large part of the western boundary with Thailand"
    }
  },
  "People and Society": {
    "Population": {
      "total": {
        "text": "7,953,556"
      },
      "male": {
        "text": "3,966,320"
      },
      "female": {
        "text": "3,987,236 (2024 est.)"
      }
    },
    "Nationality": {
      "noun": {
        "text": "Lao(s) or Laotian(s)"
      },
      "adjective": {
        "text": "Lao or Laotian"
      }
    },
    "Ethnic groups": {
      "text": "Lao 53.2%, Khmou 11%, Hmong 9.2%, Phouthay 3.4%, Tai 3.1%, Makong 2.5%, Katong 2.2%, Lue 2%, Akha 1.8%, other 11.6% (2015 est.)",
      "note": "<strong>note:</strong> the Laos Government officially recognizes 49 ethnic groups, but the total number of ethnic groups is estimated to be well over 200"
    },
    "Languages": {
      "Languages": {
        "text": "Lao (official), French, English, various ethnic languages"
      },
      "major-language sample(s)": {
        "text": "<br>ແຫລ່ງທີ່ຂາດບໍ່ໄດ້ສຳລັບຂໍ້ມູນຕົ້ນຕໍ່” (Lao)<br><br>The World Factbook, the indispensable source for basic information."
      }
    },
    "Religions": {
      "text": "Buddhist 64.7%, Christian 1.7%, none 31.4%, other/not stated 2.1% (2015 est.)"
    },
    "Demographic profile": {
      "text": "<p>Laos is a predominantly rural country with a youthful population – almost 55% of the population is under the age of 25.  Its progress on health and development issues has been uneven geographically, among ethnic groups, and socioeconomically.  Laos has made headway in poverty reduction, with the poverty rate almost halving from 46% in 1992/93 to 22% in 2012/13.  Nevertheless, pronounced rural-urban disparities persist, and income inequality is rising.  Poverty most affects populations in rural and highland areas, particularly ethnic minority groups. </p> <p>The total fertility rate (TFR) has decreased markedly from around 6 births per woman on average in 1990 to approximately 2.8 in 2016, but it is still one of the highest in Southeast Asia.  TFR is higher in rural and remote areas, among ethnic minority groups, the less-educated, and the poor; it is lower in urban areas and among the more educated and those with higher incomes.  Although Laos’ mortality rates have improved substantially over the last few decades, the maternal mortality rate and childhood malnutrition remain at high levels.  As fertility and mortality rates continue to decline, the proportion of Laos’ working-age population will increase, and its share of dependents will shrink.  The age structure shift will provide Laos with the potential to realize a demographic dividend during the next few decades, if it can improve educational access and quality and gainfully employ its growing working-age population in productive sectors.  Currently, Laos primary school enrollment is nearly universal, but the drop-out rate remains problematic.  Secondary school enrollment has also increased but remains low, especially for girls. </p> <p>Laos has historically been a country of emigration and internal displacement due to conflict and a weak economy. The Laos civil war (1953 – 1975) mainly caused internal displacement (numbering in the hundreds of thousands).  Following the end of the Vietnam War in 1975, indigenous people in remote, war-struck areas were resettled and more than 300,000 people fled to Thailand to escape the communist regime that took power.  The majority of those who sought refuge in Thailand ultimately were resettled in the US (mainly Hmong who fought with US forces), and lesser numbers went to France, Canada, and Australia. </p> <p>The Laos Government carried out resettlement programs between the mid-1980s and mid-1990s to relocate ethnic minority groups from the rural northern highlands to development areas in the lowlands ostensibly to alleviate poverty, make basic services more accessible, eliminate slash-and-burn agriculture and opium production, integrate ethnic minorities, and control rebel groups (including Hmong insurgents).  For many, however, resettlement has exacerbated poverty, led to the loss of livelihoods, and increased food insecurity and mortality rates.  As the resettlement programs started to wane in the second half of the 1990s, migration from the northern highlands to urban centers – chiefly the capital Vientiane – to pursue better jobs in the growing manufacturing and service sectors became the main type of relocation.  Migration of villagers from the south seeking work in neighboring Thailand also increased.  Thailand is the main international migration destination for Laotians because of the greater availability of jobs and higher pay than at home; nearly a million Laotian migrants were estimated to live in Thailand as of 2015.</p>"
    },
    "Age structure": {
      "0-14 years": {
        "text": "30.1% (male 1,214,429/female 1,181,845)"
      },
      "15-64 years": {
        "text": "65% (male 2,573,668/female 2,599,957)"
      },
      "65 years and over": {
        "text": "4.8% (2024 est.) (male 178,223/female 205,434)"
      }
    },
    "Dependency ratios": {
      "total dependency ratio": {
        "text": "54.7"
      },
      "youth dependency ratio": {
        "text": "48"
      },
      "elderly dependency ratio": {
        "text": "6.7"
      },
      "potential support ratio": {
        "text": "14.8 (2021 est.)"
      }
    },
    "Median age": {
      "total": {
        "text": "25.4 years (2024 est.)"
      },
      "male": {
        "text": "25 years"
      },
      "female": {
        "text": "25.7 years"
      }
    },
    "Population growth rate": {
      "text": "1.26% (2024 est.)"
    },
    "Birth rate": {
      "text": "19.8 births/1,000 population (2024 est.)"
    },
    "Death rate": {
      "text": "6.2 deaths/1,000 population (2024 est.)"
    },
    "Net migration rate": {
      "text": "-1 migrant(s)/1,000 population (2024 est.)"
    },
    "Population distribution": {
      "text": "most densely populated area is in and around the capital city of Vientiane; large communities are primarily found along the Mekong River along the southwestern border; overall density is considered one of the lowest in Southeast Asia"
    },
    "Urbanization": {
      "urban population": {
        "text": "38.2% of total population (2023)"
      },
      "rate of urbanization": {
        "text": "2.99% annual rate of change (2020-25 est.)"
      }
    },
    "Major urban areas - population": {
      "text": "721,000 VIENTIANE (capital) (2023)"
    },
    "Sex ratio": {
      "at birth": {
        "text": "1.04 male(s)/female"
      },
      "0-14 years": {
        "text": "1.03 male(s)/female"
      },
      "15-64 years": {
        "text": "0.99 male(s)/female"
      },
      "65 years and over": {
        "text": "0.87 male(s)/female"
      },
      "total population": {
        "text": "1 male(s)/female (2024 est.)"
      }
    },
    "Maternal mortality ratio": {
      "text": "126 deaths/100,000 live births (2020 est.)"
    },
    "Infant mortality rate": {
      "total": {
        "text": "35.4 deaths/1,000 live births (2024 est.)"
      },
      "male": {
        "text": "39.1 deaths/1,000 live births"
      },
      "female": {
        "text": "31.6 deaths/1,000 live births"
      }
    },
    "Life expectancy at birth": {
      "total population": {
        "text": "69 years (2024 est.)"
      },
      "male": {
        "text": "67.4 years"
      },
      "female": {
        "text": "70.7 years"
      }
    },
    "Total fertility rate": {
      "text": "2.24 children born/woman (2024 est.)"
    },
    "Gross reproduction rate": {
      "text": "1.1 (2024 est.)"
    },
    "Contraceptive prevalence rate": {
      "text": "54.1% (2017)"
    },
    "Drinking water source": {
      "improved: urban": {
        "text": "urban: 97.1% of population"
      },
      "improved: rural": {
        "text": "rural: 84.1% of population"
      },
      "improved: total": {
        "text": "total: 88.8% of population"
      },
      "unimproved: urban": {
        "text": "urban: 2.9% of population"
      },
      "unimproved: rural": {
        "text": "rural: 15.9% of population"
      },
      "unimproved: total": {
        "text": "total: 11.2% of population (2020 est.)"
      }
    },
    "Current health expenditure": {
      "text": "2.7% of GDP (2020)"
    },
    "Physician density": {
      "text": "0.35 physicians/1,000 population (2020)"
    },
    "Hospital bed density": {
      "text": "1.5 beds/1,000 population (2012)"
    },
    "Sanitation facility access": {
      "improved: urban": {
        "text": "urban: 100% of population"
      },
      "improved: rural": {
        "text": "rural: 72% of population"
      },
      "improved: total": {
        "text": "total: 82.2% of population"
      },
      "unimproved: urban": {
        "text": "urban: 0% of population"
      },
      "unimproved: rural": {
        "text": "rural: 28% of population"
      },
      "unimproved: total": {
        "text": "total: 17.8% of population (2020 est.)"
      }
    },
    "Obesity - adult prevalence rate": {
      "text": "5.3% (2016)"
    },
    "Alcohol consumption per capita": {
      "total": {
        "text": "8.15 liters of pure alcohol (2019 est.)"
      },
      "beer": {
        "text": "3.62 liters of pure alcohol (2019 est.)"
      },
      "wine": {
        "text": "0.07 liters of pure alcohol (2019 est.)"
      },
      "spirits": {
        "text": "4.46 liters of pure alcohol (2019 est.)"
      },
      "other alcohols": {
        "text": "0 liters of pure alcohol (2019 est.)"
      }
    },
    "Tobacco use": {
      "total": {
        "text": "31.8% (2020 est.)"
      },
      "male": {
        "text": "53.3% (2020 est.)"
      },
      "female": {
        "text": "10.3% (2020 est.)"
      }
    },
    "Children under the age of 5 years underweight": {
      "text": "21.1% (2017)"
    },
    "Currently married women (ages 15-49)": {
      "text": "60.1% (2023 est.)"
    },
    "Child marriage": {
      "women married by age 15": {
        "text": "7.1%"
      },
      "women married by age 18": {
        "text": "32.7%"
      },
      "men married by age 18": {
        "text": "10.8% (2017 est.)"
      }
    },
    "Education expenditures": {
      "text": "2.3% of GDP (2020 est.)"
    },
    "Literacy": {
      "definition": {
        "text": "age 15 and over can read and write"
      },
      "total population": {
        "text": "87.1%"
      },
      "male": {
        "text": "91.4%"
      },
      "female": {
        "text": "81.4% (2021)"
      }
    },
    "School life expectancy (primary to tertiary education)": {
      "total": {
        "text": "10 years"
      },
      "male": {
        "text": "10 years"
      },
      "female": {
        "text": "10 years (2020)"
      }
    }
  },
  "Environment": {
    "Environment - current issues": {
      "text": "unexploded ordnance; deforestation; soil erosion; loss of biodiversity; water pollution, most of the population does not have access to potable water"
    },
    "Environment - international agreements": {
      "party to": {
        "text": "Biodiversity, Climate Change, Climate Change-Kyoto Protocol, Climate Change-Paris Agreement, Comprehensive Nuclear Test Ban, Desertification, Endangered Species, Environmental Modification, Hazardous Wastes, Law of the Sea, Nuclear Test Ban, Ozone Layer Protection, Wetlands, Whaling"
      },
      "signed, but not ratified": {
        "text": "none of the selected agreements"
      }
    },
    "Climate": {
      "text": "tropical monsoon; rainy season (May to November); dry season (December to April)"
    },
    "Land use": {
      "agricultural land": {
        "text": "10.6% (2018 est.)"
      },
      "agricultural land: arable land": {
        "text": "arable land: 6.2% (2018 est.)"
      },
      "agricultural land: permanent crops": {
        "text": "permanent crops: 0.7% (2018 est.)"
      },
      "agricultural land: permanent pasture": {
        "text": "permanent pasture: 3.7% (2018 est.)"
      },
      "forest": {
        "text": "67.9% (2018 est.)"
      },
      "other": {
        "text": "21.5% (2018 est.)"
      }
    },
    "Urbanization": {
      "urban population": {
        "text": "38.2% of total population (2023)"
      },
      "rate of urbanization": {
        "text": "2.99% annual rate of change (2020-25 est.)"
      }
    },
    "Revenue from forest resources": {
      "text": "1.48% of GDP (2018 est.)"
    },
    "Air pollutants": {
      "particulate matter emissions": {
        "text": "21.15 micrograms per cubic meter (2019 est.)"
      },
      "carbon dioxide emissions": {
        "text": "17.76 megatons (2016 est.)"
      },
      "methane emissions": {
        "text": "9 megatons (2020 est.)"
      }
    },
    "Waste and recycling": {
      "municipal solid waste generated annually": {
        "text": "351,900 tons (2015 est.)"
      },
      "municipal solid waste recycled annually": {
        "text": "35,190 tons (2015 est.)"
      },
      "percent of municipal solid waste recycled": {
        "text": "10% (2015 est.)"
      }
    },
    "Major rivers (by length in km)": {
      "text": "Mènam Khong (Mekong) (shared with China [s], Burma, Thailand, Cambodia, and Vietnam [m]) - 4,350 km<br><strong>note</strong> – [s] after country name indicates river source; [m] after country name indicates river mouth"
    },
    "Major watersheds (area sq km)": {
      "text": "Pacific Ocean drainage: Mekong (805,604 sq km)"
    },
    "Total water withdrawal": {
      "municipal": {
        "text": "130 million cubic meters (2020 est.)"
      },
      "industrial": {
        "text": "170 million cubic meters (2020 est.)"
      },
      "agricultural": {
        "text": "7.05 billion cubic meters (2020 est.)"
      }
    },
    "Total renewable water resources": {
      "text": "333.5 billion cubic meters (2020 est.)"
    }
  },
  "Government": {
    "Country name": {
      "conventional long form": {
        "text": "Lao People's Democratic Republic"
      },
      "conventional short form": {
        "text": "Laos&nbsp;"
      },
      "local long form": {
        "text": "Sathalanalat Paxathipatai Paxaxon Lao"
      },
      "local short form": {
        "text": "Mueang Lao (unofficial)"
      },
      "abbreviation": {
        "text": "Lao PDR"
      },
      "etymology": {
        "text": "name means \"Land of the Lao [people]\""
      }
    },
    "Government type": {
      "text": "communist party-led state"
    },
    "Capital": {
      "name": {
        "text": "Vientiane (Viangchan)"
      },
      "geographic coordinates": {
        "text": "17 58 N, 102 36 E"
      },
      "time difference": {
        "text": "UTC+7 (12 hours ahead of Washington, DC, during Standard Time)"
      },
      "etymology": {
        "text": "the meaning in Pali, a Buddhist liturgical language, is \"city of sandalwood\""
      }
    },
    "Administrative divisions": {
      "text": "17 provinces (khoueng, singular and plural) and 1 prefecture* (kampheng nakhon); Attapu, Bokeo, Bolikhamxay, Champasak, Houaphanh, Khammouan, Louangnamtha, Louangphabang (Luang Prabang), Oudomxai, Phongsali, Salavan, Savannakhet, Viangchan (Vientiane)*, Viangchan, Xaignabouli, Xaisomboun, Xekong, Xiangkhouang"
    },
    "Independence": {
      "text": "19 July 1949 (from France by the Franco-Lao General Convention); 22 October 1953 (Franco-Lao Treaty recognizes full independence)"
    },
    "National holiday": {
      "text": "Republic Day (National Day), 2 December (1975)"
    },
    "Legal system": {
      "text": "civil law system similar in form to the French system"
    },
    "Constitution": {
      "history": {
        "text": "previous 1947 (preindependence); latest promulgated 13-15 August 1991"
      },
      "amendments": {
        "text": "proposed by the National Assembly; passage requires at least two-thirds majority vote of the Assembly membership and promulgation by the president of the republic; amended 2003, 2015"
      }
    },
    "International law organization participation": {
      "text": "has not submitted an ICJ jurisdiction declaration; non-party state to the ICCt"
    },
    "Citizenship": {
      "citizenship by birth": {
        "text": "no"
      },
      "citizenship by descent only": {
        "text": "at least one parent must be a citizen of Laos"
      },
      "dual citizenship recognized": {
        "text": "no"
      },
      "residency requirement for naturalization": {
        "text": "10 years"
      }
    },
    "Suffrage": {
      "text": "18 years of age; universal"
    },
    "Executive branch": {
      "chief of state": {
        "text": "President THONGLOUN Sisoulith (since 22 March 2021)"
      },
      "head of government": {
        "text": "Prime Minister SONEXAY (also spelled SONXAI) Siphandon (since 30 December 2022)"
      },
      "cabinet": {
        "text": "Council of Ministers appointed by the president and approved by the National Assembly"
      },
      "elections/appointments": {
        "text": "president and vice president indirectly elected by the National Assembly for a 5-year term (no term limits); election last held on 22 March 2021 (next to be held in March 2026); prime minister nominated by the president, elected by the National Assembly for a 5-year term"
      },
      "election results": {
        "text": "<em><br>2021: </em>THONGLOUN Sisoulith (LPRP) elected president; National Assembly vote - 161-1; PHANKHAM Viphavanh (LPRP) elected prime minister; National Assembly vote - 158-3<br><br><em>2016:</em> BOUNNHANG Vorachit (LPRP) elected president; percent of National Assembly vote - NA; THONGLOUN Sisoulith (LPRP) elected prime minister; percent of National Assembly vote - NA"
      }
    },
    "Legislative branch": {
      "legislature name": {
        "text": "National Assembly (Sapha Heng Xat)"
      },
      "legislative structure": {
        "text": "unicameral"
      },
      "number of seats": {
        "text": "164 (all directly elected)"
      },
      "electoral system": {
        "text": "plurality/majority"
      },
      "scope of elections": {
        "text": "full renewal"
      },
      "term in office": {
        "text": "5 years"
      },
      "most recent election date": {
        "text": "2/21/2021"
      },
      "parties elected and seats per party": {
        "text": "Lao People's Revolutionary Party (LPRP) (158); Other (6)"
      },
      "percentage of women in chamber": {
        "text": "22%"
      },
      "expected date of next election": {
        "text": "February 2026"
      }
    },
    "Judicial branch": {
      "highest court(s)": {
        "text": "People's Supreme Court (consists of the court president and organized into criminal, civil, administrative, commercial, family, and juvenile chambers, each with a vice president and several judges)"
      },
      "judge selection and term of office": {
        "text": "president of People's Supreme Court appointed by the National Assembly upon the recommendation of the president of the republic for a 5-year term; vice presidents of the People's Supreme Court appointed by the president of the republic upon the recommendation of the National Assembly; appointment of chamber judges NA; tenure of court vice presidents and chamber judges NA"
      },
      "subordinate courts": {
        "text": "appellate courts; provincial, municipal, district, and military courts"
      }
    },
    "Political parties": {
      "text": "Lao People's Revolutionary Party or LPRP",
      "note": "<strong>note:</strong>  other parties proscribed"
    },
    "International organization participation": {
      "text": "ADB, ARF, ASEAN, CP, EAS, FAO, G-77, IAEA, IBRD, ICAO, ICRM, IDA, IFAD, IFC, IFRCS, ILO, IMF, Interpol, IOC, IPU, ISO (subscriber), ITU, MIGA, NAM, OIF, OPCW, PCA, UN, UNCTAD, UNESCO, UNIDO, UNWTO, UPU, WCO, WFTU (NGOs), WHO, WIPO, WMO, WTO"
    },
    "Diplomatic representation in the US": {
      "chief of mission": {
        "text": "Ambassador Sisavath&nbsp;INPHACHANH (since 7 June 2022)"
      },
      "chancery": {
        "text": "2222 S Street NW, Washington, DC 20008"
      },
      "telephone": {
        "text": "[1] (202) 332-6416"
      },
      "FAX": {
        "text": "[1] (202) 332-4923"
      },
      "email address and website": {
        "text": "<br>embasslao@gmail.com<br><br>https://laoembassy.com/"
      }
    },
    "Diplomatic representation from the US": {
      "chief of mission": {
        "text": "Ambassador Heather VARIAVA (since 5 February 2024)"
      },
      "embassy": {
        "text": "Ban Somvang Tai, Thadeua Road, Km 9,&nbsp;Hatsayfong District, Vientiane"
      },
      "mailing address": {
        "text": "4350 Vientiane Place, Washington DC&nbsp; 20521-4350"
      },
      "telephone": {
        "text": "[856] 21-48-7000"
      },
      "FAX": {
        "text": "[856] 21-48-7040"
      },
      "email address and website": {
        "text": "<br>CONSLAO@state.gov<br><br>https://la.usembassy.gov/"
      }
    },
    "Flag description": {
      "text": "three horizontal bands of red (top), blue (double width), and red with a large white disk centered in the blue band; the red bands recall the blood shed for liberation; the blue band represents the Mekong River and prosperity; the white disk symbolizes the full moon against the Mekong River, but also signifies the unity of the people under the Lao People's Revolutionary Party, as well as the country's bright future"
    },
    "National symbol(s)": {
      "text": "elephant; national colors: red, white, blue"
    },
    "National anthem": {
      "name": {
        "text": "\"Pheng Xat Lao\" (Hymn of the Lao People)"
      },
      "lyrics/music": {
        "text": "SISANA Sisane/THONGDY Sounthonevichit"
      },
      "note": "<strong>note:</strong> music adopted 1945, lyrics adopted 1975; the anthem's lyrics were changed following the 1975 Communist revolution that overthrew the monarchy"
    },
    "National heritage": {
      "total World Heritage Sites": {
        "text": "3 (all cultural)"
      },
      "selected World Heritage Site locales": {
        "text": "Town of Luangphrabang; Vat Phou and Associated Ancient Settlements; Megalithic Jar Sites in Xiengkhuang - Plain of Jars"
      }
    }
  },
  "Economy": {
    "Economic overview": {
      "text": "lower middle-income, industrial Southeast Asian economy; high inflation due to 2022 currency depreciation brought on by persistently high debt; new Laos-China railway and dry port; rising inequities; ongoing labor shortages"
    },
    "Real GDP (purchasing power parity)": {
      "Real GDP (purchasing power parity) 2023": {
        "text": "$64.173 billion (2023 est.)"
      },
      "Real GDP (purchasing power parity) 2022": {
        "text": "$61.856 billion (2022 est.)"
      },
      "Real GDP (purchasing power parity) 2021": {
        "text": "$60.225 billion (2021 est.)"
      },
      "note": "<b>note:</b> data in 2021 dollars"
    },
    "Real GDP growth rate": {
      "Real GDP growth rate 2023": {
        "text": "3.75% (2023 est.)"
      },
      "Real GDP growth rate 2022": {
        "text": "2.71% (2022 est.)"
      },
      "Real GDP growth rate 2021": {
        "text": "2.53% (2021 est.)"
      },
      "note": "<b>note:</b> annual GDP % growth based on constant local currency"
    },
    "Real GDP per capita": {
      "Real GDP per capita 2023": {
        "text": "$8,400 (2023 est.)"
      },
      "Real GDP per capita 2022": {
        "text": "$8,200 (2022 est.)"
      },
      "Real GDP per capita 2021": {
        "text": "$8,100 (2021 est.)"
      },
      "note": "<b>note:</b> data in 2021 dollars"
    },
    "GDP (official exchange rate)": {
      "text": "$15.843 billion (2023 est.)",
      "note": "<b>note:</b> data in current dollars at official exchange rate"
    },
    "Inflation rate (consumer prices)": {
      "Inflation rate (consumer prices) 2023": {
        "text": "31.23% (2023 est.)"
      },
      "Inflation rate (consumer prices) 2022": {
        "text": "22.96% (2022 est.)"
      },
      "Inflation rate (consumer prices) 2021": {
        "text": "3.76% (2021 est.)"
      },
      "note": "<b>note:</b> annual % change based on consumer prices"
    },
    "Credit ratings": {
      "Fitch rating": {
        "text": "CCC (2020)"
      },
      "Moody's rating": {
        "text": "Caa2 (2020)"
      },
      "note": "<strong>note: </strong>the year refers to the year in which the current credit rating was first obtained."
    },
    "GDP - composition, by sector of origin": {
      "agriculture": {
        "text": "16.1% (2023 est.)"
      },
      "industry": {
        "text": "30.5% (2023 est.)"
      },
      "services": {
        "text": "44% (2023 est.)"
      },
      "note": "<b>note:</b> figures may not total 100% due to non-allocated consumption not captured in sector-reported data"
    },
    "GDP - composition, by end use": {
      "household consumption": {
        "text": "65.7% (2016 est.)"
      },
      "government consumption": {
        "text": "14% (2016 est.)"
      },
      "investment in fixed capital": {
        "text": "29% (2016 est.)"
      },
      "investment in inventories": {
        "text": "0% (2016 est.)"
      },
      "exports of goods and services": {
        "text": "33.2% (2016 est.)"
      },
      "imports of goods and services": {
        "text": "-41.9% (2016 est.)"
      },
      "note": "<strong>note:</strong> figures may not total 100% due to rounding or gaps in data collection"
    },
    "Agricultural products": {
      "text": "cassava, root vegetables, rice, sugarcane, vegetables, bananas, maize, rubber, coffee, watermelons (2022)",
      "note": "<b>note:</b> top ten agricultural products based on tonnage"
    },
    "Industries": {
      "text": "mining (copper, tin, gold, gypsum); timber, electric power, agricultural processing, rubber, construction, garments, cement, tourism"
    },
    "Industrial production growth rate": {
      "text": "2.61% (2023 est.)",
      "note": "<b>note:</b> annual % change in industrial value added based on constant local currency"
    },
    "Labor force": {
      "text": "3.173 million (2023 est.)",
      "note": "<b>note:</b> number of people ages 15 or older who are employed or seeking work"
    },
    "Unemployment rate": {
      "Unemployment rate 2023": {
        "text": "1.18% (2023 est.)"
      },
      "Unemployment rate 2022": {
        "text": "1.21% (2022 est.)"
      },
      "Unemployment rate 2021": {
        "text": "2% (2021 est.)"
      },
      "note": "<b>note:</b> % of labor force seeking employment"
    },
    "Youth unemployment rate (ages 15-24)": {
      "total": {
        "text": "2.2% (2023 est.)"
      },
      "male": {
        "text": "2.3% (2023 est.)"
      },
      "female": {
        "text": "2.1% (2023 est.)"
      },
      "note": "<b>note:</b> % of labor force ages 15-24 seeking employment"
    },
    "Population below poverty line": {
      "text": "18.3% (2018 est.)",
      "note": "<b>note:</b> % of population with income below national poverty line"
    },
    "Gini Index coefficient - distribution of family income": {
      "Gini Index coefficient - distribution of family income 2018": {
        "text": "38.8 (2018 est.)"
      },
      "note": "<b>note:</b> index (0-100) of income distribution; higher values represent greater inequality"
    },
    "Average household expenditures": {
      "on food": {
        "text": "50.5% of household expenditures (2023 est.)"
      },
      "on alcohol and tobacco": {
        "text": "7.8% of household expenditures (2023 est.)"
      }
    },
    "Household income or consumption by percentage share": {
      "lowest 10%": {
        "text": "3% (2018 est.)"
      },
      "highest 10%": {
        "text": "31.2% (2018 est.)"
      },
      "note": "<b>note:</b> % share of income accruing to lowest and highest 10% of population"
    },
    "Remittances": {
      "Remittances 2023": {
        "text": "1.81% of GDP (2023 est.)"
      },
      "Remittances 2022": {
        "text": "1.55% of GDP (2022 est.)"
      },
      "Remittances 2021": {
        "text": "1.17% of GDP (2021 est.)"
      },
      "note": "<b>note:</b> personal transfers and compensation between resident and non-resident individuals/households/entities"
    },
    "Budget": {
      "revenues": {
        "text": "$2.288 billion (2022 est.)"
      },
      "expenditures": {
        "text": "$1.596 billion (2022 est.)"
      },
      "note": "<b>note:</b> central government revenues and expenses (excluding grants/extrabudgetary units/social security funds) converted to US dollars at average official exchange rate for year indicated"
    },
    "Public debt": {
      "Public debt 2017": {
        "text": "63.6% of GDP (2017 est.)"
      }
    },
    "Taxes and other revenues": {
      "text": "12.11% (of GDP) (2022 est.)"
    },
    "Current account balance": {
      "Current account balance 2023": {
        "text": "$404.523 million (2023 est.)"
      },
      "Current account balance 2022": {
        "text": "-$458.754 million (2022 est.)"
      },
      "Current account balance 2021": {
        "text": "$431.636 million (2021 est.)"
      },
      "note": "<b>note:</b> balance of payments - net trade and primary/secondary income in current dollars"
    },
    "Exports": {
      "Exports 2023": {
        "text": "$9.698 billion (2023 est.)"
      },
      "Exports 2022": {
        "text": "$8.604 billion (2022 est.)"
      },
      "Exports 2021": {
        "text": "$7.82 billion (2021 est.)"
      },
      "note": "<b>note:</b> balance of payments - exports of goods and services in current dollars"
    },
    "Exports - partners": {
      "text": "Thailand 35%, China 29%, Vietnam 10%, Australia 4%, US 3% (2022)",
      "note": "<b>note:</b> top five export partners based on percentage share of exports"
    },
    "Exports - commodities": {
      "text": "electricity, gold, rubber, fertilizers, paper (2022)",
      "note": "<b>note:</b> top five export commodities based on value in dollars"
    },
    "Imports": {
      "Imports 2023": {
        "text": "$8.596 billion (2023 est.)"
      },
      "Imports 2022": {
        "text": "$7.983 billion (2022 est.)"
      },
      "Imports 2021": {
        "text": "$6.527 billion (2021 est.)"
      },
      "note": "<b>note:</b> balance of payments - imports of goods and services in current dollars"
    },
    "Imports - partners": {
      "text": "Thailand 56%, China 26%, Vietnam 8%, Malaysia 3%, Singapore 1% (2022)",
      "note": "<b>note:</b> top five import partners based on percentage share of imports"
    },
    "Imports - commodities": {
      "text": "refined petroleum, gold, electrical machinery, raw sugar, plastic products (2022)",
      "note": "<b>note:</b> top five import commodities based on value in dollars"
    },
    "Reserves of foreign exchange and gold": {
      "Reserves of foreign exchange and gold 2023": {
        "text": "$1.77 billion (2023 est.)"
      },
      "Reserves of foreign exchange and gold 2022": {
        "text": "$1.576 billion (2022 est.)"
      },
      "Reserves of foreign exchange and gold 2021": {
        "text": "$1.951 billion (2021 est.)"
      },
      "note": "<b>note:</b> holdings of gold (year-end prices)/foreign exchange/special drawing rights in current dollars"
    },
    "Debt - external": {
      "Debt - external 2023": {
        "text": "$9.853 billion (2023 est.)"
      }
    },
    "Exchange rates": {
      "Currency": {
        "text": "kips (LAK) per US dollar -"
      },
      "Exchange rates 2023": {
        "text": "17,688.874 (2023 est.)"
      },
      "Exchange rates 2022": {
        "text": "14,035.227 (2022 est.)"
      },
      "Exchange rates 2021": {
        "text": "9,697.916 (2021 est.)"
      },
      "Exchange rates 2020": {
        "text": "9,045.788 (2020 est.)"
      },
      "Exchange rates 2019": {
        "text": "8,679.409 (2019 est.)"
      }
    }
  },
  "Energy": {
    "Electricity access": {
      "electrification - total population": {
        "text": "100% (2022 est.)"
      }
    },
    "Electricity": {
      "installed generating capacity": {
        "text": "12.222 million kW (2022 est.)"
      },
      "consumption": {
        "text": "8.829 billion kWh (2022 est.)"
      },
      "exports": {
        "text": "35.113 billion kWh (2022 est.)"
      },
      "imports": {
        "text": "1.365 billion kWh (2022 est.)"
      },
      "transmission/distribution losses": {
        "text": "3.376 billion kWh (2022 est.)"
      }
    },
    "Electricity generation sources": {
      "fossil fuels": {
        "text": "27% of total installed capacity (2022 est.)"
      },
      "solar": {
        "text": "0.1% of total installed capacity (2022 est.)"
      },
      "hydroelectricity": {
        "text": "72.7% of total installed capacity (2022 est.)"
      },
      "biomass and waste": {
        "text": "0.2% of total installed capacity (2022 est.)"
      }
    },
    "Coal": {
      "production": {
        "text": "14.845 million metric tons (2022 est.)"
      },
      "consumption": {
        "text": "13.691 million metric tons (2022 est.)"
      },
      "exports": {
        "text": "845,000 metric tons (2022 est.)"
      },
      "imports": {
        "text": "6,000 metric tons (2022 est.)"
      },
      "proven reserves": {
        "text": "62 million metric tons (2022 est.)"
      }
    },
    "Petroleum": {
      "refined petroleum consumption": {
        "text": "24,000 bbl/day (2022 est.)"
      }
    },
    "Carbon dioxide emissions": {
      "total emissions": {
        "text": "20.151 million metric tonnes of CO2 (2022 est.)"
      },
      "from coal and metallurgical coke": {
        "text": "16.499 million metric tonnes of CO2 (2022 est.)"
      },
      "from petroleum and other liquids": {
        "text": "3.652 million metric tonnes of CO2 (2022 est.)"
      }
    },
    "Energy consumption per capita": {
      "Total energy consumption per capita 2022": {
        "text": "29.176 million Btu/person (2022 est.)"
      }
    }
  },
  "Communications": {
    "Telephones - fixed lines": {
      "total subscriptions": {
        "text": "1.3 million (2021 est.)"
      },
      "subscriptions per 100 inhabitants": {
        "text": "18 (2022 est.)"
      }
    },
    "Telephones - mobile cellular": {
      "total subscriptions": {
        "text": "4.82 million (2021 est.)"
      },
      "subscriptions per 100 inhabitants": {
        "text": "65 (2021 est.)"
      }
    },
    "Telecommunication systems": {
      "general assessment": {
        "text": "Laos joined the World Trade Organization (WTO) in 2013; one of the conditions of admittance was to establish an independent regulator for its telecom sector within two years; the government had committed to do so by February 2015 as part of the accession agreement; there still has been no sign of any firm plans being made to create an independent regulatory body; the Ministry of Technology and Communications retains the primary role in regulating the country&rsquo;s telecom market; with the government also having a financial stake (in part or in whole) in every one of the major fixed-line and mobile operators, the MPT&rsquo;s position and decision-making is far from what could be considered independent; sufficient returns on investment cannot be guaranteed with such strict pricing controls as well as the potential for political interference; fixed-line and mobile penetration levels have, as a result, remained much lower than what&rsquo;s seen in neighboring South East Asian markets; there are signs of growth in the mobile broadband segment as LTE network coverage slowly widens and, more recently, the country&rsquo;s first 5G services start to come on stream; residents in the capital will at least be able to enjoy high-speed services in the near future, while the rest of the country waits patiently to catch up with the rest of the world. (2022)"
      },
      "domestic": {
        "text": "fixed-line nearly 18 per 100 and 65 per 100 for mobile-cellular subscriptions (2021)"
      },
      "international": {
        "text": "country code - 856; satellite earth station - 1 Intersputnik (Indian Ocean region) and a second to be developed by China"
      }
    },
    "Broadcast media": {
      "text": "6 TV stations operating out of Vientiane - 3 government-operated and the others commercial; 17 provincial stations operating with nearly all programming relayed via satellite from the government-operated stations in Vientiane; Chinese and Vietnamese programming relayed via satellite from Lao National TV; broadcasts available from stations in Thailand and Vietnam in border areas; multi-channel satellite and cable TV systems provide access to a wide range of foreign stations; state-controlled radio with state-operated Lao National Radio (LNR) broadcasting on 5 frequencies - 1 AM, 1 SW, and 3 FM; LNR's AM and FM programs are relayed via satellite constituting a large part of the programming schedules of the provincial radio stations; Thai radio broadcasts available in border areas and transmissions of multiple international broadcasters are also accessible"
    },
    "Internet country code": {
      "text": ".la"
    },
    "Internet users": {
      "percent of population": {
        "text": "66% (2022 est.)"
      }
    },
    "Broadband - fixed subscriptions": {
      "total": {
        "text": "183,000 (2022 est.)"
      },
      "subscriptions per 100 inhabitants": {
        "text": "2 (2022 est.)"
      }
    }
  },
  "Transportation": {
    "National air transport system": {
      "number of registered air carriers": {
        "text": "1 (2020)"
      },
      "inventory of registered aircraft operated by air carriers": {
        "text": "12"
      },
      "annual passenger traffic on registered air carriers": {
        "text": "1,251,961 (2018)"
      },
      "annual freight traffic on registered air carriers": {
        "text": "1.53 million (2018) mt-km"
      }
    },
    "Civil aircraft registration country code prefix": {
      "text": "RDPL"
    },
    "Airports": {
      "text": "18 (2024)"
    },
    "Pipelines": {
      "text": "540 km refined products (2013)"
    },
    "Railways": {
      "total": {
        "text": "422 km (2023)"
      },
      "standard gauge": {
        "text": "422 km (2023) 1.435-m gauge (422 km overhead electrification)"
      }
    },
    "Roadways": {
      "total": {
        "text": "59,647 km"
      },
      "paved": {
        "text": "13,718 km"
      },
      "unpaved": {
        "text": "45,929 km (2024)"
      }
    },
    "Waterways": {
      "text": "4,600 km (2012) (primarily on the Mekong River and its tributaries; 2,900 additional km are intermittently navigable by craft drawing less than 0.5 m)"
    },
    "Merchant marine": {
      "total": {
        "text": "1 (2023)"
      },
      "by type": {
        "text": "general cargo 1"
      }
    }
  },
  "Military and Security": {
    "Military and security forces": {
      "text": "Lao People's Armed Forces (LPAF): Lao People's Army (LPA, includes Riverine Force), Lao People's Air Force (LPAF), Self-Defense Militia Forces (2024)",
      "note": "<strong>note:</strong> the Ministry of Public Security maintains internal security and is responsible for law enforcement; it oversees local, traffic, immigration, and security police, village police auxiliaries, and other armed police units"
    },
    "Military expenditures": {
      "Military Expenditures 2019": {
        "text": "0.2% of GDP (2019 est.)"
      },
      "Military Expenditures 2018": {
        "text": "0.2% of GDP (2018 est.)"
      },
      "Military Expenditures 2017": {
        "text": "0.2% of GDP (2017 est.)"
      },
      "Military Expenditures 2016": {
        "text": "0.2% of GDP (2016 est.)"
      },
      "Military Expenditures 2015": {
        "text": "0.2% of GDP (2015 est.)"
      }
    },
    "Military and security service personnel strengths": {
      "text": "limited and varied information; estimated 30,000 active-duty troops (26,000 Army; 4,000 Air Force) (2023)"
    },
    "Military equipment inventories and acquisitions": {
      "text": "the LPAF is armed with Chinese, Russian, and Soviet-era equipment and weapons (2024)"
    },
    "Military service age and obligation": {
      "text": "18 years of age for compulsory or voluntary military service; minimum 18-month service obligation (2023)"
    },
    "Military - note": {
      "text": "the LPAF&rsquo;s primary missions are border and internal security, including counterinsurgency and counterterrorism; China, Russia, and Vietnam are the country's closest security partners&nbsp; (2023)"
    }
  },
  "Transnational Issues": {
    "Trafficking in persons": {
      "tier rating": {
        "text": "Tier 2 Watch List — the government did not demonstrate overall increasing efforts to eliminate trafficking compared with the previous reporting period, therefore Laos was downgraded to Tier 2 Watch List; for more details, go to:  https://www.state.gov/reports/2024-trafficking-in-persons-report/laos/"
      }
    },
    "Illicit drugs": {
      "text": "<p>Laos remains a key transit route for drug trafficking and the movement of precursor chemicals; opium produced is typically smuggled out of the country and refined elsewhere and not trafficked in significant quantities to the United States</p>"
    }
  }
}