{
  "Introduction": {
    "Background": {
      "text": "A Malay trading port known as Temasek existed on the island of Singapore by the 14th century. The settlement changed hands several times in the ensuing centuries and was eventually burned in the 17th century, falling into obscurity. In 1819, the British founded modern Singapore as a trading colony on the same site and granted it full internal self-government for all matters except defense and foreign affairs in 1959.&nbsp; Singapore joined the Malaysian Federation in 1963 but was ousted two years later and became independent. Singapore subsequently became one of the world's most prosperous countries, with strong international trading links and per capita GDP among the highest globally. The People&rsquo;s Action Party has won every general election in Singapore since the end of the British colonial era, aided by its success in delivering consistent economic growth, as well as the city-state's fragmented opposition and electoral procedures that strongly favor the ruling party."
    }
  },
  "Geography": {
    "Location": {
      "text": "Southeastern Asia, islands between Malaysia and Indonesia"
    },
    "Geographic coordinates": {
      "text": "1 22 N, 103 48 E"
    },
    "Map references": {
      "text": "Southeast Asia"
    },
    "Area": {
      "total ": {
        "text": "719 sq km"
      },
      "land": {
        "text": "709.2 sq km"
      },
      "water": {
        "text": "10 sq km"
      }
    },
    "Area - comparative": {
      "text": "slightly more than 3.5 times the size of Washington, DC"
    },
    "Land boundaries": {
      "total": {
        "text": "0 km"
      }
    },
    "Coastline": {
      "text": "193 km"
    },
    "Maritime claims": {
      "territorial sea": {
        "text": "3 nm"
      },
      "exclusive fishing zone": {
        "text": "within and beyond territorial sea, as defined in treaties and practice"
      }
    },
    "Climate": {
      "text": "tropical; hot, humid, rainy; two distinct monsoon seasons - northeastern monsoon (December to March) and southwestern monsoon (June to September); inter-monsoon - frequent afternoon and early evening thunderstorms"
    },
    "Terrain": {
      "text": "lowlying, gently undulating central plateau"
    },
    "Elevation": {
      "highest point": {
        "text": "Bukit Timah 166 m"
      },
      "lowest point": {
        "text": "Singapore Strait 0 m"
      }
    },
    "Natural resources": {
      "text": "fish, deepwater ports"
    },
    "Land use": {
      "agricultural land": {
        "text": "1% (2018 est.)"
      },
      "agricultural land: arable land": {
        "text": "arable land: 0.9% (2018 est.)"
      },
      "agricultural land: permanent crops": {
        "text": "permanent crops: 0.1% (2018 est.)"
      },
      "agricultural land: permanent pasture": {
        "text": "permanent pasture: 0% (2018 est.)"
      },
      "forest": {
        "text": "3.3% (2018 est.)"
      },
      "other": {
        "text": "95.7% (2018 est.)"
      }
    },
    "Irrigated land": {
      "text": "0 sq km (2022)"
    },
    "Population distribution": {
      "text": "most of the urbanization is along the southern coast, with relatively dense population clusters found in the central areas"
    },
    "Natural hazards": {
      "text": "flash floods"
    },
    "Geography - note": {
      "text": "focal point for Southeast Asian sea routes; consists of about 60 islands, the largest of which by far is Pulau Ujong; land reclamation has removed many former islands and created a number of new ones"
    }
  },
  "People and Society": {
    "Population": {
      "total": {
        "text": "6,028,459"
      },
      "male": {
        "text": "3,013,630"
      },
      "female": {
        "text": "3,014,829 (2024 est.)"
      }
    },
    "Nationality": {
      "noun": {
        "text": "Singaporean(s)"
      },
      "adjective": {
        "text": "Singapore"
      }
    },
    "Ethnic groups": {
      "text": "Chinese 74.2%, Malay 13.7%, Indian 8.9%, other 3.2% (2021 est.)",
      "note": "<strong>note:</strong> data represent population by self-identification; the population is divided into four categories: Chinese, Malay (includes indigenous Malays and Indonesians), Indian (includes Indian, Pakistani, Bangladeshi, or Sri Lankan), and other ethnic groups (includes Eurasians, Caucasians, Japanese, Filipino, Vietnamese)"
    },
    "Languages": {
      "Languages": {
        "text": "English (official) 48.3%, Mandarin (official) 29.9%, other Chinese dialects (includes Hokkien, Cantonese, Teochew, Hakka) 8.7%, Malay (official) 9.2%, Tamil (official) 2.5%, other 1.4% (2020 est.)"
      },
      "major-language sample(s)": {
        "text": "<br>The World Factbook, the indispensable source for basic information. (English)<br><br>世界概況  –  不可缺少的基本消息來源 (Mandarin)"
      },
      "note": "<strong>note:</strong> data represent language most frequently spoken at home"
    },
    "Religions": {
      "text": "Buddhist 31.1%, Christian 18.9%, Muslim 15.6%, Taoist 8.8%, Hindu 5%, other 0.6%, none 20% (2020 est.)"
    },
    "Demographic profile": {
      "text": "<p>Singapore has one of the lowest total fertility rates (TFR) in the world – an average of 1.15 children born per woman – and a rapidly aging population.  Women’s expanded educations, widened aspirations, and a desire to establish careers has contributed to delayed marriage and smaller families. Most married couples have only one or two children in order to invest more in each child, including the high costs of education.  In addition, more and more Singaporeans, particularly women, are staying single.  Factors contributing to this trend are a focus on careers, long working hours, the high cost of living, and long waits for public housing.    With fertility at such a low rate and rising life expectancy, the proportion of the population aged 65 or over is growing and the youth population is shrinking.  Singapore is projected to experience one of the largest percentage point increases in the elderly share of the population at 21% between 2019 and 2050, according to the UN.  The working-age population (aged 15-64) will gradually decrease, leaving fewer workers to economically support the elderly population.</p> <p>Migration has played a key role in Singapore’s development.  As Singapore’s economy expanded during the 19th century, more and more Chinese, Indian, and Malay labor immigrants arrived.  Most of Singapore’s pre-World War II population growth was a result of immigration.  During World War II, immigration came to a halt when the Japanese occupied the island but revived in the postwar years.  Policy was restrictive during the 1950s and 1960s, aiming to protect jobs for residents by reducing the intake of low-skilled foreign workers and focusing instead on attracting professionals from abroad with specialist skills.  Consequently, the nonresident share of Singapore’s population plummeted to less than 3%. </p> <p>As the country industrialized, however, it loosened restrictions on the immigration of manual workers.  From the 1980s through the 2000s, the foreign population continued to grow as a result of policies aimed at attracting foreign workers of all skill levels.  More recently, the government has instituted immigration policies that target highly skilled workers. Skilled workers are encouraged to stay and are given the opportunity to become permanent residents or citizens.  The country, however, imposes restrictions on unskilled and low-skilled workers to ensure they do not establish roots, including prohibiting them from bringing their families and requiring employers to pay a monthly foreign worker levy and security bond.  The country has also become increasingly attractive to international students. The growth of the foreign-born population has continued to be rapid; as of 2015, the foreign-born composed 46% of the total population.  At the same time, growing numbers of Singaporeans are emigrating for education and work experience in highly skilled sectors such finance, information technology, and medicine.  Increasingly, the moves abroad are permanent.</p>"
    },
    "Age structure": {
      "0-14 years": {
        "text": "14.6% (male 455,536/female 424,969)"
      },
      "15-64 years": {
        "text": "71.1% (male 2,157,441/female 2,126,799)"
      },
      "65 years and over": {
        "text": "14.3% (2024 est.) (male 400,653/female 463,061)"
      }
    },
    "Dependency ratios": {
      "total dependency ratio": {
        "text": "35.4"
      },
      "youth dependency ratio": {
        "text": "16.2"
      },
      "elderly dependency ratio": {
        "text": "19.1"
      },
      "potential support ratio": {
        "text": "5.2 (2021 est.)"
      }
    },
    "Median age": {
      "total": {
        "text": "39.4 years (2024 est.)"
      },
      "male": {
        "text": "38 years"
      },
      "female": {
        "text": "40.6 years"
      }
    },
    "Population growth rate": {
      "text": "0.87% (2024 est.)"
    },
    "Birth rate": {
      "text": "8.8 births/1,000 population (2024 est.)"
    },
    "Death rate": {
      "text": "4.3 deaths/1,000 population (2024 est.)"
    },
    "Net migration rate": {
      "text": "4.2 migrant(s)/1,000 population (2024 est.)"
    },
    "Population distribution": {
      "text": "most of the urbanization is along the southern coast, with relatively dense population clusters found in the central areas"
    },
    "Urbanization": {
      "urban population": {
        "text": "100% of total population (2023)"
      },
      "rate of urbanization": {
        "text": "0.74% annual rate of change (2020-25 est.)"
      }
    },
    "Major urban areas - population": {
      "text": "6.081 million SINGAPORE (capital) (2023)"
    },
    "Sex ratio": {
      "at birth": {
        "text": "1.05 male(s)/female"
      },
      "0-14 years": {
        "text": "1.07 male(s)/female"
      },
      "15-64 years": {
        "text": "1.01 male(s)/female"
      },
      "65 years and over": {
        "text": "0.87 male(s)/female"
      },
      "total population": {
        "text": "1 male(s)/female (2024 est.)"
      }
    },
    "Mother's mean age at first birth": {
      "text": "30.5 years (2015 est.)",
      "note": "<strong>note:</strong> data represents median age"
    },
    "Maternal mortality ratio": {
      "text": "7 deaths/100,000 live births (2020 est.)"
    },
    "Infant mortality rate": {
      "total": {
        "text": "1.5 deaths/1,000 live births (2024 est.)"
      },
      "male": {
        "text": "1.7 deaths/1,000 live births"
      },
      "female": {
        "text": "1.4 deaths/1,000 live births"
      }
    },
    "Life expectancy at birth": {
      "total population": {
        "text": "86.7 years (2024 est.)"
      },
      "male": {
        "text": "84 years"
      },
      "female": {
        "text": "89.5 years"
      }
    },
    "Total fertility rate": {
      "text": "1.17 children born/woman (2024 est.)"
    },
    "Gross reproduction rate": {
      "text": "0.57 (2024 est.)"
    },
    "Contraceptive prevalence rate": {
      "text": "NA"
    },
    "Drinking water source": {
      "improved: urban": {
        "text": "urban: 100% of population"
      },
      "improved: rural": {
        "text": "rural: NA"
      },
      "improved: total": {
        "text": "total: 100% of population"
      },
      "unimproved: urban": {
        "text": "urban: 0% of population"
      },
      "unimproved: rural": {
        "text": "rural: NA"
      },
      "unimproved: total": {
        "text": "total: 0% of population (2020 est.)"
      }
    },
    "Current health expenditure": {
      "text": "6.1% of GDP (2020)"
    },
    "Physician density": {
      "text": "2.46 physicians/1,000 population (2019)"
    },
    "Hospital bed density": {
      "text": "2.5 beds/1,000 population (2017)"
    },
    "Sanitation facility access": {
      "improved: urban": {
        "text": "urban: 100% of population"
      },
      "improved: rural": {
        "text": "rural: NA"
      },
      "improved: total": {
        "text": "total: 100% of population"
      },
      "unimproved: urban": {
        "text": "urban: 0% of population"
      },
      "unimproved: rural": {
        "text": "rural: NA"
      },
      "unimproved: total": {
        "text": "total: 0% of population (2020 est.)"
      }
    },
    "Obesity - adult prevalence rate": {
      "text": "6.1% (2016)"
    },
    "Alcohol consumption per capita": {
      "total": {
        "text": "1.81 liters of pure alcohol (2019 est.)"
      },
      "beer": {
        "text": "1.26 liters of pure alcohol (2019 est.)"
      },
      "wine": {
        "text": "0.27 liters of pure alcohol (2019 est.)"
      },
      "spirits": {
        "text": "0.24 liters of pure alcohol (2019 est.)"
      },
      "other alcohols": {
        "text": "0.04 liters of pure alcohol (2019 est.)"
      }
    },
    "Tobacco use": {
      "total": {
        "text": "16.5% (2020 est.)"
      },
      "male": {
        "text": "28% (2020 est.)"
      },
      "female": {
        "text": "5% (2020 est.)"
      }
    },
    "Children under the age of 5 years underweight": {
      "text": "NA"
    },
    "Currently married women (ages 15-49)": {
      "text": "54.3% (2023 est.)"
    },
    "Child marriage": {
      "women married by age 18": {
        "text": "0.1% (2022 est.)"
      }
    },
    "Education expenditures": {
      "text": "2.8% of GDP (2021 est.)"
    },
    "Literacy": {
      "definition": {
        "text": "age 15 and over can read and write"
      },
      "total population": {
        "text": "97.5%"
      },
      "male": {
        "text": "98.9%"
      },
      "female": {
        "text": "96.1% (2019)"
      }
    },
    "School life expectancy (primary to tertiary education)": {
      "total": {
        "text": "17 years"
      },
      "male": {
        "text": "16 years"
      },
      "female": {
        "text": "17 years (2020)"
      }
    }
  },
  "Environment": {
    "Environment - current issues": {
      "text": "water pollution; industrial pollution; limited natural freshwater resources; limited land availability presents waste disposal problems; air pollution; deforestation; seasonal smoke/haze resulting from forest fires in Indonesia"
    },
    "Environment - international agreements": {
      "party to": {
        "text": "Biodiversity, Climate Change, Climate Change-Kyoto Protocol, Climate Change-Paris Agreement, Comprehensive Nuclear Test Ban, Desertification, Endangered Species, Hazardous Wastes, Law of the Sea, Nuclear Test Ban, Ozone Layer Protection, Ship Pollution"
      },
      "signed, but not ratified": {
        "text": "none of the selected agreements"
      }
    },
    "Climate": {
      "text": "tropical; hot, humid, rainy; two distinct monsoon seasons - northeastern monsoon (December to March) and southwestern monsoon (June to September); inter-monsoon - frequent afternoon and early evening thunderstorms"
    },
    "Land use": {
      "agricultural land": {
        "text": "1% (2018 est.)"
      },
      "agricultural land: arable land": {
        "text": "arable land: 0.9% (2018 est.)"
      },
      "agricultural land: permanent crops": {
        "text": "permanent crops: 0.1% (2018 est.)"
      },
      "agricultural land: permanent pasture": {
        "text": "permanent pasture: 0% (2018 est.)"
      },
      "forest": {
        "text": "3.3% (2018 est.)"
      },
      "other": {
        "text": "95.7% (2018 est.)"
      }
    },
    "Urbanization": {
      "urban population": {
        "text": "100% of total population (2023)"
      },
      "rate of urbanization": {
        "text": "0.74% annual rate of change (2020-25 est.)"
      }
    },
    "Revenue from forest resources": {
      "text": "0% of GDP (2018 est.)"
    },
    "Revenue from coal": {
      "text": "0% of GDP (2018 est.)"
    },
    "Air pollutants": {
      "particulate matter emissions": {
        "text": "13.33 micrograms per cubic meter (2019 est.)"
      },
      "carbon dioxide emissions": {
        "text": "37.54 megatons (2016 est.)"
      },
      "methane emissions": {
        "text": "4.4 megatons (2020 est.)"
      }
    },
    "Waste and recycling": {
      "municipal solid waste generated annually": {
        "text": "7,704,300 tons (2017 est.)"
      },
      "municipal solid waste recycled annually": {
        "text": "4,699,623 tons (2015 est.)"
      },
      "percent of municipal solid waste recycled": {
        "text": "61% (2015 est.)"
      }
    },
    "Total water withdrawal": {
      "municipal": {
        "text": "300 million cubic meters (2020 est.)"
      },
      "industrial": {
        "text": "340 million cubic meters (2020 est.)"
      },
      "agricultural": {
        "text": "30 million cubic meters (2020 est.)"
      }
    },
    "Total renewable water resources": {
      "text": "600 million cubic meters (2020 est.)"
    }
  },
  "Government": {
    "Country name": {
      "conventional long form": {
        "text": "Republic of Singapore"
      },
      "conventional short form": {
        "text": "Singapore"
      },
      "local long form": {
        "text": "Republic of Singapore"
      },
      "local short form": {
        "text": "Singapore"
      },
      "etymology": {
        "text": "name derives from the Sanskrit words \"simha\" (lion) and \"pura\" (city) to describe the city-state's leonine symbol"
      }
    },
    "Government type": {
      "text": "parliamentary republic"
    },
    "Capital": {
      "name": {
        "text": "Singapore"
      },
      "geographic coordinates": {
        "text": "1 17 N, 103 51 E"
      },
      "time difference": {
        "text": "UTC+8 (13 hours ahead of Washington, DC, during Standard Time)"
      },
      "etymology": {
        "text": "name derives from the Sanskrit words <em>simha</em> (lion) and <em>pura</em> (city), thus creating the city's epithet \"lion city\""
      }
    },
    "Administrative divisions": {
      "text": "no first order administrative divisions; there are five community development councils: Central Singapore Development Council, North East Development Council, North West Development Council, South East Development Council, South West Development Council (2019)"
    },
    "Independence": {
      "text": "9 August 1965 (from Malaysian Federation)"
    },
    "National holiday": {
      "text": "National Day, 9 August (1965)"
    },
    "Legal system": {
      "text": "English common law"
    },
    "Constitution": {
      "history": {
        "text": "several previous; latest adopted 22 December 1965"
      },
      "amendments": {
        "text": "proposed by Parliament; passage requires two-thirds majority vote in the second and third readings by the elected Parliament membership and assent of the president of the republic; passage of amendments affecting sovereignty or control of the Police Force or the Armed Forces requires at least two-thirds majority vote in a referendum; amended many times, last in 2020"
      }
    },
    "International law organization participation": {
      "text": "has not submitted an ICJ jurisdiction declaration; non-party state to the ICCt"
    },
    "Citizenship": {
      "citizenship by birth": {
        "text": "no"
      },
      "citizenship by descent only": {
        "text": "at least one parent must be a citizen of Singapore"
      },
      "dual citizenship recognized": {
        "text": "no"
      },
      "residency requirement for naturalization": {
        "text": "10 years"
      }
    },
    "Suffrage": {
      "text": "21 years of age; universal and compulsory"
    },
    "Executive branch": {
      "chief of state": {
        "text": "President THARMAN Shanmugaratnam (since 14 September 2023)"
      },
      "head of government": {
        "text": "Prime Minister Lawrence WONG (since 15 May 2024)"
      },
      "cabinet": {
        "text": "Cabinet appointed by the president on the advice of the prime minister; Cabinet responsible to Parliament"
      },
      "elections/appointments": {
        "text": "president directly elected by simple majority popular vote for a 6-year term (no term limits); election last held on 1 September 2023 (next to be held in 2029); following legislative elections, the leader of the majority party or majority coalition appointed prime minister by the president; deputy prime ministers appointed by the president"
      },
      "election results": {
        "text": "<em><br>2023: </em>THARMAN Shanmugaratnam elected president; percent of vote - THARMAN Shanmugaratnam (independent) 70.4%, NG Kok Song (independent) 15.7%, TAN Kin Lian (independent) 13.9%<br><em><br>2017</em>: HALIMAH Yacob declared president on 13 September 2017, being the only eligible candidate"
      }
    },
    "Legislative branch": {
      "legislature name": {
        "text": "Parliament"
      },
      "legislative structure": {
        "text": "unicameral"
      },
      "number of seats": {
        "text": "104 (93 directly elected; 9 appointed)"
      },
      "electoral system": {
        "text": "plurality/majority"
      },
      "scope of elections": {
        "text": "full renewal"
      },
      "term in office": {
        "text": "5 years"
      },
      "most recent election date": {
        "text": "7/10/2020"
      },
      "parties elected and seats per party": {
        "text": "People's Action Party (PAP) (83); Workers' Party (WPS) (10); Other (2)"
      },
      "percentage of women in chamber": {
        "text": "29.6%"
      },
      "expected date of next election": {
        "text": "July 2025"
      }
    },
    "Judicial branch": {
      "highest court(s)": {
        "text": "Supreme Court (although the number of judges varies - as of April 2019,&nbsp;the court&nbsp;totaled 20 judges, 7 judicial commissioners, 4 judges of appeal, and 16 international judges); the court is organized into an upper tier Appeal Court and a lower tier High Court"
      },
      "judge selection and term of office": {
        "text": "judges appointed by the president from candidates recommended by the prime minister after consultation with the chief justice; judges usually serve until retirement at age 65, but terms can be extended"
      },
      "subordinate courts": {
        "text": "district, magistrates', juvenile, family, community, and coroners' courts; small claims tribunals; employment claims tribunals"
      }
    },
    "Political parties": {
      "text": "People's Action Party or PAP <br>Progress Singapore Party or PSP <br>Workers' Party or WP ",
      "note": "<strong>note: </strong>the PAP has won every general election since the end of the British colonial era in 1959"
    },
    "International organization participation": {
      "text": "ADB, AOSIS, APEC, Arctic Council (observer), ARF, ASEAN, BIS, C, CP, EAS, FAO, FATF, G-77, IAEA, IBRD, ICAO, ICC (national committees), ICCt, ICRM, IDA, IFC, IFRCS, IHO, ILO, IMF, IMO, IMSO, Interpol, IOC, IPU, ISO, ITSO, ITU, ITUC (NGOs), MIGA, NAM, OPCW, Pacific Alliance (observer), PCA, UN, UNCTAD, UNESCO, UNHCR, UNOOSA, UPU, WCO, WHO, WIPO, WMO, WTO"
    },
    "Diplomatic representation in the US": {
      "chief of mission": {
        "text": "Ambassador LUI Tuck Yew (since 30 June 2023)"
      },
      "chancery": {
        "text": "3501 International Place NW, Washington, DC 20008"
      },
      "telephone": {
        "text": "[1] (202) 537-3100"
      },
      "FAX": {
        "text": "[1] (202) 537-0876"
      },
      "email address and website": {
        "text": "<br>singemb_was@mfa.sg<br><br>https://www.mfa.gov.sg/washington/"
      },
      "consulate(s) general": {
        "text": "San Francisco"
      },
      "consulate(s)": {
        "text": "New York"
      }
    },
    "Diplomatic representation from the US": {
      "chief of mission": {
        "text": "Ambassador&nbsp;(vacant); Charg&eacute; d&rsquo;Affaires Casey K. MACE (since January 2025)"
      },
      "embassy": {
        "text": "27 Napier Road, Singapore 258508"
      },
      "mailing address": {
        "text": "4280 Singapore Place, Washington DC&nbsp; 20521-4280"
      },
      "telephone": {
        "text": "[65] 6476-9100"
      },
      "FAX": {
        "text": "[65] 6476-9340"
      },
      "email address and website": {
        "text": "<br>singaporeusembassy@state.gov<br><br>https://sg.usembassy.gov/"
      }
    },
    "Flag description": {
      "text": "two equal horizontal bands of red (top) and white; near the hoist side of the red band, there is a vertical, white crescent (closed portion is toward the hoist side) partially enclosing five white five-pointed stars arranged in a circle; red denotes brotherhood and equality; white signifies purity and virtue; the waxing crescent moon symbolizes a young nation on the ascendancy; the five stars represent the nation's ideals of democracy, peace, progress, justice, and equality"
    },
    "National symbol(s)": {
      "text": "lion, merlion (mythical half lion-half fish creature), orchid; national colors: red, white"
    },
    "National anthem": {
      "name": {
        "text": "\"Majulah Singapura\" (Onward Singapore)"
      },
      "lyrics/music": {
        "text": "ZUBIR Said"
      },
      "note": "<strong>note:</strong> adopted 1965; first performed in 1958 at the Victoria Theatre, the anthem is sung only in Malay"
    },
    "National heritage": {
      "total World Heritage Sites": {
        "text": "1 (cultural)"
      },
      "selected World Heritage Site locales": {
        "text": "Singapore Botanic Gardens"
      }
    }
  },
  "Economy": {
    "Economic overview": {
      "text": "<p>high-income, service-based economy; global financial hub; business-friendly policies and open to investment and trade; inflation easing but persistent in services; public investments in education, healthcare, and infrastructure; strong human capital development challenged by aging population</p>"
    },
    "Real GDP (purchasing power parity)": {
      "Real GDP (purchasing power parity) 2023": {
        "text": "$754.758 billion (2023 est.)"
      },
      "Real GDP (purchasing power parity) 2022": {
        "text": "$746.73 billion (2022 est.)"
      },
      "Real GDP (purchasing power parity) 2021": {
        "text": "$719.13 billion (2021 est.)"
      },
      "note": "<b>note:</b> data in 2021 dollars"
    },
    "Real GDP growth rate": {
      "Real GDP growth rate 2023": {
        "text": "1.08% (2023 est.)"
      },
      "Real GDP growth rate 2022": {
        "text": "3.84% (2022 est.)"
      },
      "Real GDP growth rate 2021": {
        "text": "9.69% (2021 est.)"
      },
      "note": "<b>note:</b> annual GDP % growth based on constant local currency"
    },
    "Real GDP per capita": {
      "Real GDP per capita 2023": {
        "text": "$127,500 (2023 est.)"
      },
      "Real GDP per capita 2022": {
        "text": "$132,500 (2022 est.)"
      },
      "Real GDP per capita 2021": {
        "text": "$131,900 (2021 est.)"
      },
      "note": "<b>note:</b> data in 2021 dollars"
    },
    "GDP (official exchange rate)": {
      "text": "$501.428 billion (2023 est.)",
      "note": "<b>note:</b> data in current dollars at official exchange rate"
    },
    "Inflation rate (consumer prices)": {
      "Inflation rate (consumer prices) 2023": {
        "text": "4.82% (2023 est.)"
      },
      "Inflation rate (consumer prices) 2022": {
        "text": "6.12% (2022 est.)"
      },
      "Inflation rate (consumer prices) 2021": {
        "text": "2.3% (2021 est.)"
      },
      "note": "<b>note:</b> annual % change based on consumer prices"
    },
    "Credit ratings": {
      "Fitch rating": {
        "text": "AAA (2003)"
      },
      "Moody's rating": {
        "text": "Aaa (2002)"
      },
      "Standard & Poors rating": {
        "text": "AAA (1995)"
      },
      "note": "<strong>note: </strong>The year refers to the year in which the current credit rating was first obtained."
    },
    "GDP - composition, by sector of origin": {
      "agriculture": {
        "text": "0% (2023 est.)"
      },
      "industry": {
        "text": "22.4% (2023 est.)"
      },
      "services": {
        "text": "72.4% (2023 est.)"
      },
      "note": "<b>note:</b> figures may not total 100% due to non-allocated consumption not captured in sector-reported data"
    },
    "GDP - composition, by end use": {
      "household consumption": {
        "text": "31.3% (2023 est.)"
      },
      "government consumption": {
        "text": "10.2% (2023 est.)"
      },
      "investment in fixed capital": {
        "text": "22.2% (2023 est.)"
      },
      "investment in inventories": {
        "text": "-1.2% (2023 est.)"
      },
      "exports of goods and services": {
        "text": "174.3% (2023 est.)"
      },
      "imports of goods and services": {
        "text": "-136.9% (2023 est.)"
      },
      "note": "<b>note:</b> figures may not total 100% due to rounding or gaps in data collection"
    },
    "Agricultural products": {
      "text": "chicken, eggs, pork, vegetables, duck, spinach, pork offal, pork fat, cabbages, lettuce (2022)",
      "note": "<b>note:</b> top ten agricultural products based on tonnage"
    },
    "Industries": {
      "text": "electronics, chemicals, financial services, oil drilling equipment, petroleum refining, biomedical products, scientific instruments, telecommunication equipment, processed food and beverages, ship repair, offshore platform construction, entrepot trade"
    },
    "Industrial production growth rate": {
      "text": "-2.89% (2023 est.)",
      "note": "<b>note:</b> annual % change in industrial value added based on constant local currency"
    },
    "Labor force": {
      "text": "3.615 million (2023 est.)",
      "note": "<b>note:</b> number of people ages 15 or older who are employed or seeking work"
    },
    "Unemployment rate": {
      "Unemployment rate 2023": {
        "text": "3.47% (2023 est.)"
      },
      "Unemployment rate 2022": {
        "text": "3.59% (2022 est.)"
      },
      "Unemployment rate 2021": {
        "text": "4.64% (2021 est.)"
      },
      "note": "<b>note:</b> % of labor force seeking employment"
    },
    "Youth unemployment rate (ages 15-24)": {
      "total": {
        "text": "8.3% (2023 est.)"
      },
      "male": {
        "text": "6.5% (2023 est.)"
      },
      "female": {
        "text": "10.4% (2023 est.)"
      },
      "note": "<b>note:</b> % of labor force ages 15-24 seeking employment"
    },
    "Gini Index coefficient - distribution of family income": {
      "Gini Index coefficient - distribution of family income 2017": {
        "text": "45.9 (2017)"
      }
    },
    "Average household expenditures": {
      "on food": {
        "text": "7% of household expenditures (2023 est.)"
      },
      "on alcohol and tobacco": {
        "text": "1.7% of household expenditures (2023 est.)"
      }
    },
    "Household income or consumption by percentage share": {
      "lowest 10%": {
        "text": "1.6%"
      },
      "highest 10%": {
        "text": "27.5% (2017)"
      }
    },
    "Remittances": {
      "Remittances 2023": {
        "text": "0% of GDP (2023 est.)"
      },
      "Remittances 2022": {
        "text": "0% of GDP (2022 est.)"
      },
      "Remittances 2021": {
        "text": "0% of GDP (2021 est.)"
      },
      "note": "<b>note:</b> personal transfers and compensation between resident and non-resident individuals/households/entities"
    },
    "Budget": {
      "revenues": {
        "text": "$80.855 billion (2022 est.)"
      },
      "expenditures": {
        "text": "$75.448 billion (2022 est.)"
      },
      "note": "<b>note:</b> central government revenues (excluding grants) and expenses converted to US dollars at average official exchange rate for year indicated"
    },
    "Public debt": {
      "Public debt 2021": {
        "text": "150.14% of GDP (2021 est.)"
      },
      "note": "<b>note:</b> central government debt as a % of GDP"
    },
    "Taxes and other revenues": {
      "text": "12.03% (of GDP) (2022 est.)",
      "note": "<b>note:</b> central government tax revenue as a % of GDP"
    },
    "Current account balance": {
      "Current account balance 2023": {
        "text": "$99.128 billion (2023 est.)"
      },
      "Current account balance 2022": {
        "text": "$89.701 billion (2022 est.)"
      },
      "Current account balance 2021": {
        "text": "$86.137 billion (2021 est.)"
      },
      "note": "<b>note:</b> balance of payments - net trade and primary/secondary income in current dollars"
    },
    "Exports": {
      "Exports 2023": {
        "text": "$873.989 billion (2023 est.)"
      },
      "Exports 2022": {
        "text": "$925.952 billion (2022 est.)"
      },
      "Exports 2021": {
        "text": "$794.47 billion (2021 est.)"
      },
      "note": "<b>note:</b> balance of payments - exports of goods and services in current dollars"
    },
    "Exports - partners": {
      "text": "Hong Kong 14%, China 13%, Malaysia 9%, US 8%, Indonesia 6% (2022)",
      "note": "<b>note:</b> top five export partners based on percentage share of exports"
    },
    "Exports - commodities": {
      "text": "integrated circuits, refined petroleum, machinery, gold, gas turbines (2022)",
      "note": "<b>note:</b> top five export commodities based on value in dollars"
    },
    "Imports": {
      "Imports 2023": {
        "text": "$686.656 billion (2023 est.)"
      },
      "Imports 2022": {
        "text": "$733.876 billion (2022 est.)"
      },
      "Imports 2021": {
        "text": "$637.165 billion (2021 est.)"
      },
      "note": "<b>note:</b> balance of payments - imports of goods and services in current dollars"
    },
    "Imports - partners": {
      "text": "China 17%, Malaysia 13%, US 10%, Taiwan 9%, South Korea 5% (2022)",
      "note": "<b>note:</b> top five import partners based on percentage share of imports"
    },
    "Imports - commodities": {
      "text": "integrated circuits, refined petroleum, crude petroleum, gold, machinery (2022)",
      "note": "<b>note:</b> top five import commodities based on value in dollars"
    },
    "Reserves of foreign exchange and gold": {
      "Reserves of foreign exchange and gold 2023": {
        "text": "$359.835 billion (2023 est.)"
      },
      "Reserves of foreign exchange and gold 2022": {
        "text": "$296.629 billion (2022 est.)"
      },
      "Reserves of foreign exchange and gold 2021": {
        "text": "$425.098 billion (2021 est.)"
      },
      "note": "<b>note:</b> holdings of gold (year-end prices)/foreign exchange/special drawing rights in current dollars"
    },
    "Exchange rates": {
      "Currency": {
        "text": "Singapore dollars (SGD) per US dollar -"
      },
      "Exchange rates 2023": {
        "text": "1.343 (2023 est.)"
      },
      "Exchange rates 2022": {
        "text": "1.379 (2022 est.)"
      },
      "Exchange rates 2021": {
        "text": "1.343 (2021 est.)"
      },
      "Exchange rates 2020": {
        "text": "1.38 (2020 est.)"
      },
      "Exchange rates 2019": {
        "text": "1.364 (2019 est.)"
      }
    }
  },
  "Energy": {
    "Electricity access": {
      "electrification - total population": {
        "text": "100% (2022 est.)"
      }
    },
    "Electricity": {
      "installed generating capacity": {
        "text": "12.538 million kW (2022 est.)"
      },
      "consumption": {
        "text": "57.029 billion kWh (2022 est.)"
      },
      "transmission/distribution losses": {
        "text": "656.085 million kWh (2022 est.)"
      }
    },
    "Electricity generation sources": {
      "fossil fuels": {
        "text": "94.7% of total installed capacity (2022 est.)"
      },
      "solar": {
        "text": "2.1% of total installed capacity (2022 est.)"
      },
      "biomass and waste": {
        "text": "3.2% of total installed capacity (2022 est.)"
      }
    },
    "Coal": {
      "consumption": {
        "text": "784,000 metric tons (2022 est.)"
      },
      "exports": {
        "text": "2,000 metric tons (2022 est.)"
      },
      "imports": {
        "text": "595,000 metric tons (2022 est.)"
      }
    },
    "Petroleum": {
      "refined petroleum consumption": {
        "text": "1.47 million bbl/day (2022 est.)"
      }
    },
    "Natural gas": {
      "consumption": {
        "text": "13.724 billion cubic meters (2022 est.)"
      },
      "exports": {
        "text": "352.812 million cubic meters (2022 est.)"
      },
      "imports": {
        "text": "15.124 billion cubic meters (2022 est.)"
      }
    },
    "Carbon dioxide emissions": {
      "total emissions": {
        "text": "241.71 million metric tonnes of CO2 (2022 est.)"
      },
      "from coal and metallurgical coke": {
        "text": "1.558 million metric tonnes of CO2 (2022 est.)"
      },
      "from petroleum and other liquids": {
        "text": "213.229 million metric tonnes of CO2 (2022 est.)"
      },
      "from consumed natural gas": {
        "text": "26.923 million metric tonnes of CO2 (2022 est.)"
      }
    },
    "Energy consumption per capita": {
      "Total energy consumption per capita 2022": {
        "text": "653.844 million Btu/person (2022 est.)"
      }
    }
  },
  "Communications": {
    "Telephones - fixed lines": {
      "total subscriptions": {
        "text": "1.912 million (2023 est.)"
      },
      "subscriptions per 100 inhabitants": {
        "text": "33 (2023 est.)"
      }
    },
    "Telephones - mobile cellular": {
      "total subscriptions": {
        "text": "9.65 million (2023 est.)"
      },
      "subscriptions per 100 inhabitants": {
        "text": "156 (2022 est.)"
      }
    },
    "Telecommunication systems": {
      "general assessment": {
        "text": "a wealthy city-state, Singapore has a highly developed ICT infrastructure; government supported near universal home broadband penetration and free public access to wireless network; the government's telecommunication regulator, Infocomm Media Development Authority (IMDA), issued awards in mid-2020 to telecom operators with the goal of having at least 50% of the city-state covered with a standalone 5G network by the end of 2022; government actively promoting Smart Nation initiative supporting digital innovation; government oversees service providers and controls Internet content; well served by submarine cable and satellite connections (2021)"
      },
      "domestic": {
        "text": "fixed-line is 32 per 100 and mobile-cellular 146 per 100 teledensity (2021)"
      },
      "international": {
        "text": "country code - 65; landing points for INDIGO-West, SeaMeWe -3,-4,-5, SIGMAR, SJC, i2icn,&nbsp;PGASCOM, BSCS,&nbsp;IGG,&nbsp;B3JS, SAEx2, APCN-2, APG, ASC, SEAX-1, ASE, EAC-C2C, Matrix Cable System and SJC2 submarine cables providing links throughout Asia, Southeast Asia, Africa, Australia, the Middle East, and Europe; satellite earth stations - 3, Bukit Timah, Seletar, and Sentosa; supplemented by VSAT coverage (2019 )"
      }
    },
    "Broadcast media": {
      "text": "state controls broadcast media;&nbsp;6 domestic TV stations operated by MediaCorp which is wholly owned by a state investment company; broadcasts from Malaysian and Indonesian stations available; satellite dishes banned; multi-channel cable TV services available; a total of 19 domestic radio stations broadcasting, with MediaCorp operating 11, Singapore Press Holdings, also government-linked, another 5,&nbsp;2 controlled by the Singapore Armed Forces Reservists Association and one owned by BBC Radio; Malaysian and Indonesian radio stations are available as is BBC; a number of Internet service radio stations are also available (2019)"
    },
    "Internet country code": {
      "text": ".sg"
    },
    "Internet users": {
      "percent of population": {
        "text": "94% (2023 est.)"
      }
    },
    "Broadband - fixed subscriptions": {
      "total": {
        "text": "1.57 million (2023 est.)"
      },
      "subscriptions per 100 inhabitants": {
        "text": "27 (2023 est.)"
      }
    }
  },
  "Transportation": {
    "National air transport system": {
      "number of registered air carriers": {
        "text": "4 (2020)"
      },
      "inventory of registered aircraft operated by air carriers": {
        "text": "230"
      },
      "annual passenger traffic on registered air carriers": {
        "text": "40,401,515 (2018)"
      },
      "annual freight traffic on registered air carriers": {
        "text": "5,194,900,000 (2018) mt-km"
      }
    },
    "Civil aircraft registration country code prefix": {
      "text": "9V"
    },
    "Airports": {
      "text": "9 (2024)"
    },
    "Heliports": {
      "text": "1 (2024)"
    },
    "Pipelines": {
      "text": "3,220 km domestic gas (2014), 1,122 km cross-border pipelines (2017), 8 km refined products (2013)"
    },
    "Roadways": {
      "total": {
        "text": "3,500 km"
      },
      "paved": {
        "text": "3,500 km (2017) (includes 164 km of expressways)"
      }
    },
    "Merchant marine": {
      "total": {
        "text": "3,202 (2023)"
      },
      "by type": {
        "text": "bulk carrier 591, container ship 604, general cargo 107, oil tanker 600, other 1,300"
      }
    },
    "Ports": {
      "total ports": {
        "text": "5 (2024)"
      },
      "large": {
        "text": "2"
      },
      "medium": {
        "text": "1"
      },
      "small": {
        "text": "1"
      },
      "very small": {
        "text": "1"
      },
      "ports with oil terminals": {
        "text": "3"
      },
      "key ports": {
        "text": "Jurong Island, Keppel - (East Singapore), Pulau Bukom, Pulau Sebarok"
      }
    }
  },
  "Military and Security": {
    "Military and security forces": {
      "text": "Singapore Armed Forces (SAF; aka Singapore Defense Force): Singapore Army, Republic of Singapore Navy, Republic of Singapore Air Force (includes air defense), Digital and Intelligence Service<br><br>Ministry of Home Affairs: Singapore Police Force (SPF; includes Police Coast Guard and the Gurkha Contingent) (2024)",
      "note": "<strong>note 1: </strong>the Digital and Intelligence Service (DIS) was stood up as the fourth SAF service in October of 2022<strong><br><br>note 2:</strong> the Gurkha Contingent of the Singapore Police Force (GCSPF) is a paramilitary unit for riot control and acts as a rapid reaction force <strong><br></strong><br><strong>note 3:</strong> in 2009, Singapore established a multi-agency national Maritime Security Task Force (MSTF) to work with law enforcement and maritime agencies to guard Singapore’s waters, including conducting daily patrols, as well as boarding and escort operations in the Singapore Strait; the MSTF is subordinate to the Singapore Navy"
    },
    "Military expenditures": {
      "Military Expenditures 2024": {
        "text": "3% of GDP (2024 est.)"
      },
      "Military Expenditures 2023": {
        "text": "3% of GDP (2023 est.)"
      },
      "Military Expenditures 2022": {
        "text": "3% of GDP (2022 est.)"
      },
      "Military Expenditures 2021": {
        "text": "3% of GDP (2021 est.)"
      },
      "Military Expenditures 2020": {
        "text": "3% of GDP (2020 est.)"
      }
    },
    "Military and security service personnel strengths": {
      "text": "information varies; approximately 60,000 active-duty troops (45,000 Army; 7,000 Navy; 8,000 Air Force) (2023)"
    },
    "Military equipment inventories and acquisitions": {
      "text": "the SAF has a diverse and largely modern mix of domestically produced and imported Western weapons systems; in recent years, France, Germany, and the US have been among the top suppliers of arms; Singapore has the most developed arms industry in Southeast Asia and is also its largest importer of weapons (2024)"
    },
    "Military service age and obligation": {
      "text": "18-21 years of age for compulsory military service for men; 16.5 years of age for voluntary enlistment (with parental consent); 24-month conscript service obligation, with a reserve obligation to age 40 (enlisted) or age 50 (officers); women are not conscripted, but they are allowed to volunteer for all services and branches, including combat arms (2023)",
      "note": "<strong>note 1: </strong>under the Enlistment Act, all male Singaporean citizens and permanent residents, unless exempted, are required to enter National Service (NS) upon attaining the age of 18; most NS conscripts serve in the Armed Forces, but some go into the Police Force or Civil Defense Force; conscripts comprise over half of the defense establishment<br><br><strong>note 2:</strong> women began serving in the SAF in 1986; as of 2022, women made up about 8% of the regular force<br><br><strong>note 3:</strong> the Singapore Armed Forces (SAF) also has a uniformed volunteer auxiliary branch known as the Volunteer Corps (SAFVC); the SAFVC allows citizens and residents not subject to the National Service obligation, including Singaporean women, first generation permanent residents, and naturalized citizens, to contribute towards Singapore's defense; the volunteers must be 18-45 and physically fit<br><br><strong>note 4:</strong> members of the Gurkha Contingent (GC) of the Singapore Police Force are mostly recruited from a small number of hill tribes in Nepal; the GC was formed in 1949 originally from selected ex-British Army Gurkhas"
    },
    "Military deployments": {
      "text": "maintains permanent training detachments of military personnel in Australia, France, and the US (2023)"
    },
    "Military - note": {
      "text": "the SAF’s primary responsibility is external defense, but it has trained for certain domestic security operations, including joint deterrence patrols with police in instances of heightened terrorism alerts; the Army includes a “people’s defense force,” which is a divisional headquarters responsible for homeland security and counterterrorism<br><br>the SAF's roots go back to 1854 when the Singapore Volunteer Rifle Corps was formed under colonial rule; the first battalion of regular soldiers, the First Singapore Infantry Regiment, was organized in 1957; the modern SAF was established in 1965 and is today widely viewed as the best equipped military in Southeast Asia<br><br>Singapore is a member of the Five Powers Defense Arrangements (FPDA), a series of mutual assistance agreements reached in 1971 embracing Australia, Malaysia, New Zealand, Singapore, and the UK; the FPDA commits the members to consult with one another in the event or threat of an armed attack on any of the members and to mutually decide what measures should be taken, jointly or separately; there is no specific obligation to intervene militarily; Singapore also has close security ties with the US, including granting the US military access, basing, and overflight privileges (2024)"
    }
  },
  "Terrorism": {
  },
  "Transnational Issues": {
    "Refugees and internally displaced persons": {
      "stateless persons": {
        "text": "1,109 (2022)"
      }
    },
    "Illicit drugs": {
      "text": "<p>drug abuse limited because of aggressive law enforcement efforts, including carrying out death sentences; as a transportation and financial services hub, Singapore is vulnerable, despite strict laws and enforcement, as a venue for money laundering</p>"
    }
  }
}