{
  "Introduction": {
    "Background": {
      "text": "<p>Thirteen of Britain's American colonies broke with the mother country in 1776 and were recognized as the new nation of the United States of America following the Treaty of Paris in 1783. During the 19th and 20th centuries, 37 new states were added as the nation expanded across the North American continent and acquired a number of overseas possessions. Two of the most traumatic experiences in the nation's history were the Civil War (1861-65), in which a northern Union of states defeated a secessionist Confederacy of 11 southern slave states, and the Great Depression of the 1930s, an economic downturn during which about a quarter of the labor force lost its jobs. Buoyed by victories in World Wars I and II and the end of the Cold War in 1991, the US remains the world's most powerful nation state. Since the end of World War II, the economy has achieved relatively steady growth, low unemployment, and rapid advances in technology.</p>"
    }
  },
  "Geography": {
    "Location": {
      "text": "North America, bordering both the North Atlantic Ocean and the North Pacific Ocean, between Canada and Mexico"
    },
    "Geographic coordinates": {
      "text": "38 00 N, 97 00 W"
    },
    "Map references": {
      "text": "North America"
    },
    "Area": {
      "total ": {
        "text": "9,833,517 sq km"
      },
      "land": {
        "text": "9,147,593 sq km"
      },
      "water": {
        "text": "685,924 sq km"
      },
      "note": "<strong>note:</strong> includes only the 50 states and District of Columbia, no overseas territories"
    },
    "Area - comparative": {
      "text": "about half the size of Russia; about three-tenths the size of Africa; about half the size of South America (or slightly larger than Brazil); slightly larger than China; more than twice the size of the European Union"
    },
    "Land boundaries": {
      "total": {
        "text": "12,002 km"
      },
      "border countries": {
        "text": "Canada 8,891 km (including 2,475 km with Alaska); Mexico 3,111 km"
      },
      "note": "<strong>note:</strong> US Naval Base at Guantanamo Bay, Cuba is leased by the US and is part of Cuba; the base boundary is 28.5 km"
    },
    "Coastline": {
      "text": "19,924 km"
    },
    "Maritime claims": {
      "territorial sea": {
        "text": "12 nm"
      },
      "contiguous zone": {
        "text": "24 nm"
      },
      "exclusive economic zone": {
        "text": "200 nm"
      },
      "continental shelf": {
        "text": "not specified"
      }
    },
    "Climate": {
      "text": "mostly temperate, but tropical in Hawaii and Florida, arctic in Alaska, semiarid in the great plains west of the Mississippi River, and arid in the Great Basin of the southwest; low winter temperatures in the northwest are ameliorated occasionally in January and February by warm chinook winds from the eastern slopes of the Rocky Mountains",
      "note": "<strong>note:</strong> many consider Mount McKinley, the highest peak in the United States, to be the world’s coldest mountain because of its combination of high elevation and its subarctic location at 63 degrees north latitude; permanent snow and ice cover over 75 percent of the mountain, and enormous glaciers, up to 45 miles long and 3,700 feet thick, spider out from its base in every direction; it is home to some of the world’s coldest and most violent weather, where winds of over 150 miles per hour and temperatures of -93˚F have been recorded."
    },
    "Terrain": {
      "text": "vast central plain, mountains in west, hills and low mountains in east; rugged mountains and broad river valleys in Alaska; rugged, volcanic topography in Hawaii"
    },
    "Elevation": {
      "highest point": {
        "text": "Mount McKinley 6,190 m (highest point in North America)"
      },
      "lowest point": {
        "text": "Death Valley (lowest point in North America) -86 m"
      },
      "mean elevation": {
        "text": "760 m"
      },
      "note": "<strong>note: </strong>Mount McKinley is one of the most striking features on the entire planet; at 20,310 feet, it is the crowning peak of the Alaska Range and the highest mountain on North America; it towers three and one-half vertical miles above its base, making it a mile taller from base to summit than Mt. Everest; McKinley's base sits at about 2,000 feet above sea level and rises over three and one-half miles to its 20,310 foot summit; Everest begins on a 14,000-foot high plain, then summits at 29,028 feet.<strong><br>note:</strong> the peak of Mauna Kea (4,207 m above sea level) on the island of Hawaii rises about 10,200 m above the Pacific Ocean floor; by this measurement, it is the world's tallest mountain -- higher than Mount Everest (8,850 m), which is recognized as the tallest mountain above sea level"
    },
    "Natural resources": {
      "text": "coal, copper, lead, molybdenum, phosphates, rare earth elements, uranium, bauxite, gold, iron, mercury, nickel, potash, silver, tungsten, zinc, petroleum, natural gas, timber, arable land",
      "note": "<strong>note: </strong>the US has the world's largest coal reserves with 491 billion short tons accounting for 27% of the world's total"
    },
    "Land use": {
      "agricultural land": {
        "text": "44.5% (2018 est.)"
      },
      "agricultural land: arable land": {
        "text": "arable land: 16.8% (2018 est.)"
      },
      "agricultural land: permanent crops": {
        "text": "permanent crops: 0.3% (2018 est.)"
      },
      "agricultural land: permanent pasture": {
        "text": "permanent pasture: 27.4% (2018 est.)"
      },
      "forest": {
        "text": "33.3% (2018 est.)"
      },
      "other": {
        "text": "22.2% (2018 est.)"
      }
    },
    "Irrigated land": {
      "text": "234,782 sq km (2017)"
    },
    "Major lakes (area sq km)": {
      "fresh water lake(s)": {
        "text": "Michigan – 57,750 sq km; Superior* – 53,348 sq km; Huron* – 23,597 sq km; Erie* – 12,890 sq km; Ontario* – 9,220 sq km; Lake of the Woods – 4,350 sq km; Iliamna – 2,590 sq km; Okeechobee – 1,810 sq km; Belcharof – 1,190 sq km; Red – 1,170 sq km; Saint Clair – 1,113 sq km; Champlain – 1,100 sq km<br>note - Great Lakes* area shown as US waters"
      },
      "salt water lake(s)": {
        "text": "Great Salt &ndash; 4,360 sq km; Pontchartrain &ndash; 1,620 sq km; &nbsp;Selawik &ndash; 1,400 sq km; Salton Sea &ndash; 950 sq km"
      }
    },
    "Major rivers (by length in km)": {
      "text": "<p>Missouri - 3,768 km; Mississippi - 3,544 km; Yukon river mouth (shared with Canada [s]) - 3,190 km; Saint Lawrence (shared with Canada) - 3,058 km; Rio Grande river source ( mouth shared with Mexico) - 3,057 km; Colorado river source (shared with Mexico [m]) - 2,333 km; Arkansas - 2,348 km; Columbia river mouth (shared with Canada [s]) - 2,250 km; Red - 2,188 km; Ohio - 2,102 km; Snake - 1,670 km<br><strong>note</strong> – [s] after country name indicates river source; [m] after country name indicates river mouth</p>"
    },
    "Major watersheds (area sq km)": {
      "text": "Atlantic Ocean drainage: <em>(Gulf of America) </em>Mississippi* (3,202,185 sq km); Rio Grande (607,965 sq km); <em>(Gulf of Saint Lawrence)</em> Saint Lawrence* (1,049,636 sq km total, US only 505,000 sq km)<br>Pacific Ocean drainage: Yukon* (847,620 sq km, US only 23,820 sq km); Colorado (703,148 sq km); Columbia* (657,501 sq km, US only 554,501 sq km)<br>note - watersheds shared with Canada shown with *"
    },
    "Major aquifers": {
      "text": "Northern Great Plains Aquifer, Cambrian-Ordovician Aquifer System, Californian Central Valley Aquifer System, Ogallala Aquifer (High Plains), Atlantic and Gulf Coastal Plains Aquifer"
    },
    "Population distribution": {
      "text": "large urban clusters are spread throughout the eastern half of the US (particularly the Great Lakes area, northeast, east, and southeast) and the western tier states; mountainous areas, principally the Rocky Mountains and Appalachian chain, deserts in the southwest, the dense boreal forests in the extreme north, and the central prarie states are less densely populated; Alaska's population is concentrated along its southern coast - with particular emphasis on the city of Anchorage - and Hawaii's is centered on the island of Oahu"
    },
    "Natural hazards": {
      "text": "<p>tsunamis; volcanoes; earthquake activity around Pacific Basin; hurricanes along the Atlantic and Gulf of America coasts; tornadoes in the Midwest and Southeast; mud slides in California; forest fires in the west; flooding; permafrost in northern Alaska, a major impediment to development</p> <p><strong>volcanism:</strong> volcanic activity in the Hawaiian Islands, Western Alaska, the Pacific Northwest, and in the Northern Mariana Islands; both Mauna Loa (4,170 m) in Hawaii and Mount Rainier (4,392 m) in Washington have been deemed Decade Volcanoes by the International Association of Volcanology and Chemistry of the Earth's Interior, worthy of study due to their explosive history and close proximity to human populations; Pavlof (2,519 m) is the most active volcano in Alaska's Aleutian Arc and poses a significant threat to air travel since the area constitutes a major flight path between North America and East Asia; St. Helens (2,549 m), famous for the devastating 1980 eruption, remains active today; numerous other historically active volcanoes exist, mostly concentrated in the Aleutian arc and Hawaii; they include: in Alaska: Aniakchak, Augustine, Chiginagak, Fourpeaked, Iliamna, Katmai, Kupreanof, Martin, Novarupta, Redoubt, Spurr, Wrangell, Trident, Ugashik-Peulik, Ukinrek Maars, Veniaminof; in Hawaii: Haleakala, Kilauea, Loihi; in the Northern Mariana Islands: Anatahan; and in the Pacific Northwest: Mount Baker, Mount Hood; see note 2 under \"Geography - note\"</p>"
    },
    "Geography - note": {
      "text": "<p><strong>note 1:</strong> world's third-largest country by size (after Russia and Canada) and by population (after China and India); Mt. McKinley is the highest point (6,190 m) in North America, and Death Valley is the lowest point (-86 m)</p> <p><strong>note 2:</strong> the western coast of the United States and southern coast of Alaska lie along the Ring of Fire, a belt of active volcanoes and earthquake epicenters bordering the Pacific Ocean; up to 90% of the world's earthquakes and some 75% of the world's volcanoes occur within the Ring of Fire</p> <p><strong>note 3:</strong> the Aleutian Islands are a chain of volcanic islands that divide the Bering Sea (north) from the main Pacific Ocean (south); they extend about 1,800 km westward from the Alaskan Peninsula; the archipelago consists of 14 larger islands, 55 smaller islands, and hundreds of islets; there are 41 active volcanoes on the islands, which together form a large northern section of the Ring of Fire<br><br><strong>note 4: </strong>Mammoth Cave, in west-central Kentucky, is the world's longest known cave system with more than 650 km (405 miles) of surveyed passageways, which is nearly twice as long as the second-longest cave system, the Sac Actun underwater cave in Mexico -- the world's longest underwater cave system (see \"Geography - note\" under Mexico)<br><br><strong>note 5:</strong> Kazumura Cave on the island of Hawaii is the world's longest and deepest lava tube cave; it has been surveyed at 66 km (41 mi) long and 1,102 m (3,614 ft) deep <br><br><strong>note 6: </strong>Bracken Cave outside of San Antonio, Texas is the world's largest bat cave; it is the summer home to the largest colony of bats in the world; an estimated 20 million Mexican free-tailed bats roost in the cave from March to October making it the world's largest known concentration of mammals<br><br><strong>note 7:</strong> three food crops are generally acknowledged to be native to areas of what is now the United States: cranberries, pecans, and sunflowers</p>"
    }
  },
  "People and Society": {
    "Population": {
      "total": {
        "text": "341,963,408"
      },
      "male": {
        "text": "168,598,780"
      },
      "female": {
        "text": "173,364,628 (2024 est.)"
      }
    },
    "Nationality": {
      "noun": {
        "text": "American(s)"
      },
      "adjective": {
        "text": "American"
      }
    },
    "Ethnic groups": {
      "text": "White 61.6%, Black or African American 12.4%, Asian 6%, Indigenous and Alaska native 1.1%, Native Hawaiian and Other Pacific Islander 0.2%, other 8.4%, two or more races 10.2% (2020 est.)",
      "note": "<strong>note:</strong> a separate listing for Hispanic is not included because the US Census Bureau considers Hispanic to mean persons of Spanish/Hispanic/Latino origin including those of Mexican, Cuban, Puerto Rican, Dominican Republic, Spanish, and Central or South American origin living in the US who may be of any race or ethnic group (White, Black, Asian, etc.); an estimated 18.7% of the total US population is Hispanic as of 2020"
    },
    "Languages": {
      "text": "English only 78.2%, Spanish 13.4%, Chinese 1.1%, other 7.3% (2017 est.)",
      "note": "<strong>note:</strong> data represent the language spoken at home; the US has no official national language, but English has acquired official status in 32 of the 50 states; Hawaiian is an official language in the state of Hawaii, and 20 indigenous languages are official in Alaska"
    },
    "Religions": {
      "text": "Protestant 46.5%, Roman Catholic 20.8%, Jewish 1.9%, Church of Jesus Christ 1.6%, other Christian 0.9%, Muslim 0.9%, Jehovah's Witness 0.8%, Buddhist 0.7%, Hindu 0.7%, other 1.8%, unaffiliated 22.8%, don't know/refused 0.6% (2014 est.)"
    },
    "Age structure": {
      "0-14 years": {
        "text": "18.1% (male 31,618,532/female 30,254,223)"
      },
      "15-64 years": {
        "text": "63.4% (male 108,553,822/female 108,182,491)"
      },
      "65 years and over": {
        "text": "18.5% (2024 est.) (male 28,426,426/female 34,927,914)"
      }
    },
    "Dependency ratios": {
      "total dependency ratio": {
        "text": "53.7"
      },
      "youth dependency ratio": {
        "text": "28"
      },
      "elderly dependency ratio": {
        "text": "25.6"
      },
      "potential support ratio": {
        "text": "3.9 (2021 est.)"
      }
    },
    "Median age": {
      "total": {
        "text": "38.9 years (2022 est.)"
      },
      "male": {
        "text": "37.8 years"
      },
      "female": {
        "text": "40 years"
      }
    },
    "Population growth rate": {
      "text": "0.67% (2024 est.)"
    },
    "Birth rate": {
      "text": "12.2 births/1,000 population (2024 est.)"
    },
    "Death rate": {
      "text": "8.5 deaths/1,000 population (2024 est.)"
    },
    "Net migration rate": {
      "text": "3 migrant(s)/1,000 population (2024 est.)"
    },
    "Population distribution": {
      "text": "large urban clusters are spread throughout the eastern half of the US (particularly the Great Lakes area, northeast, east, and southeast) and the western tier states; mountainous areas, principally the Rocky Mountains and Appalachian chain, deserts in the southwest, the dense boreal forests in the extreme north, and the central prarie states are less densely populated; Alaska's population is concentrated along its southern coast - with particular emphasis on the city of Anchorage - and Hawaii's is centered on the island of Oahu"
    },
    "Urbanization": {
      "urban population": {
        "text": "83.3% of total population (2023)"
      },
      "rate of urbanization": {
        "text": "0.96% annual rate of change (2020-25 est.)"
      }
    },
    "Major urban areas - population": {
      "text": "18.937 million New York-Newark, 12.534 million Los Angeles-Long Beach-Santa Ana, 8.937 million Chicago, 6.707 million Houston, 6.574 million Dallas-Fort Worth, 5.490 million WASHINGTON, D.C. (capital) (2023)"
    },
    "Sex ratio": {
      "at birth": {
        "text": "1.05 male(s)/female"
      },
      "0-14 years": {
        "text": "1.05 male(s)/female"
      },
      "15-64 years": {
        "text": "1 male(s)/female"
      },
      "65 years and over": {
        "text": "0.81 male(s)/female"
      },
      "total population": {
        "text": "0.97 male(s)/female (2024 est.)"
      }
    },
    "Mother's mean age at first birth": {
      "text": "27 years (2019 est.)"
    },
    "Maternal mortality ratio": {
      "text": "21 deaths/100,000 live births (2020 est.)"
    },
    "Infant mortality rate": {
      "total": {
        "text": "5.1 deaths/1,000 live births (2024 est.)"
      },
      "male": {
        "text": "5.4 deaths/1,000 live births"
      },
      "female": {
        "text": "4.7 deaths/1,000 live births"
      }
    },
    "Life expectancy at birth": {
      "total population": {
        "text": "80.9 years (2024 est.)"
      },
      "male": {
        "text": "78.7 years"
      },
      "female": {
        "text": "83.1 years"
      }
    },
    "Total fertility rate": {
      "text": "1.84 children born/woman (2024 est.)"
    },
    "Gross reproduction rate": {
      "text": "0.9 (2024 est.)"
    },
    "Contraceptive prevalence rate": {
      "text": "73.9% (2017/19)"
    },
    "Drinking water source": {
      "improved: urban": {
        "text": "urban: 99.9% of population"
      },
      "improved: rural": {
        "text": "rural: 99.7% of population"
      },
      "improved: total": {
        "text": "total: 99.9% of population"
      },
      "unimproved: urban": {
        "text": "urban: 0.1% of population"
      },
      "unimproved: rural": {
        "text": "rural: 0.3% of population"
      },
      "unimproved: total": {
        "text": "total: 0.1% of population (2020 est.)"
      }
    },
    "Current health expenditure": {
      "text": "18.8% of GDP (2020)"
    },
    "Physician density": {
      "text": "2.61 physicians/1,000 population (2018)"
    },
    "Hospital bed density": {
      "text": "2.9 beds/1,000 population (2017)"
    },
    "Sanitation facility access": {
      "improved: urban": {
        "text": "urban: 99.8% of population"
      },
      "improved: rural": {
        "text": "rural: 98.9% of population"
      },
      "improved: total": {
        "text": "total: 99.7% of population"
      },
      "unimproved: urban": {
        "text": "urban: 0.2% of population"
      },
      "unimproved: rural": {
        "text": "rural: 11.1% of population"
      },
      "unimproved: total": {
        "text": "total: 0.3% of population (2020 est.)"
      }
    },
    "Obesity - adult prevalence rate": {
      "text": "36.2% (2016)"
    },
    "Alcohol consumption per capita": {
      "total": {
        "text": "8.93 liters of pure alcohol (2019 est.)"
      },
      "beer": {
        "text": "3.97 liters of pure alcohol (2019 est.)"
      },
      "wine": {
        "text": "1.67 liters of pure alcohol (2019 est.)"
      },
      "spirits": {
        "text": "3.29 liters of pure alcohol (2019 est.)"
      },
      "other alcohols": {
        "text": "0 liters of pure alcohol (2019 est.)"
      }
    },
    "Tobacco use": {
      "total": {
        "text": "23% (2020 est.)"
      },
      "male": {
        "text": "28.4% (2020 est.)"
      },
      "female": {
        "text": "17.5% (2020 est.)"
      }
    },
    "Children under the age of 5 years underweight": {
      "text": "0.4% (2017/18)"
    },
    "Currently married women (ages 15-49)": {
      "text": "51.9% (2023 est.)"
    },
    "Education expenditures": {
      "text": "6.1% of GDP (2020 est.)"
    },
    "Literacy": {
      "total population": {
        "text": "NA"
      },
      "male": {
        "text": "NA"
      },
      "female": {
        "text": "NA"
      }
    },
    "School life expectancy (primary to tertiary education)": {
      "total": {
        "text": "16 years"
      },
      "male": {
        "text": "16 years"
      },
      "female": {
        "text": "17 years (2020)"
      }
    }
  },
  "Environment": {
    "Environment - current issues": {
      "text": "air pollution; large emitter of carbon dioxide from the burning of fossil fuels; water pollution from runoff of pesticides and fertilizers; declining natural freshwater resources in much of the western part of the country require careful management; deforestation; mining; desertification; species conservation; invasive species (the Hawaiian Islands are particularly vulnerable)"
    },
    "Environment - international agreements": {
      "party to": {
        "text": "Air Pollution, Air Pollution-Heavy Metals, Air Pollution-Multi-effect Protocol, Air Pollution-Nitrogen Oxides, Antarctic-Environmental Protection, Antarctic-Marine Living Resources, Antarctic Seals, Antarctic Treaty, Climate Change, Climate Change-Paris Agreement, Desertification, Endangered Species, Environmental Modification, Marine Dumping-London Convention, Marine Life Conservation, Nuclear Test Ban, Ozone Layer Protection, Ship Pollution, Tropical Timber 2006, Wetlands, Whaling"
      },
      "signed, but not ratified": {
        "text": "Air Pollution-Persistent Organic Pollutants, Air Pollution-Volatile Organic Compounds, Biodiversity, Climate Change-Kyoto Protocol, Comprehensive Nuclear Test Ban, Hazardous Wastes, Marine Dumping-London Protocol"
      }
    },
    "Climate": {
      "text": "mostly temperate, but tropical in Hawaii and Florida, arctic in Alaska, semiarid in the great plains west of the Mississippi River, and arid in the Great Basin of the southwest; low winter temperatures in the northwest are ameliorated occasionally in January and February by warm chinook winds from the eastern slopes of the Rocky Mountains",
      "note": "<strong>note:</strong> many consider Mount McKinley, the highest peak in the United States, to be the world’s coldest mountain because of its combination of high elevation and its subarctic location at 63 degrees north latitude; permanent snow and ice cover over 75 percent of the mountain, and enormous glaciers, up to 45 miles long and 3,700 feet thick, spider out from its base in every direction; it is home to some of the world’s coldest and most violent weather, where winds of over 150 miles per hour and temperatures of -93˚F have been recorded."
    },
    "Land use": {
      "agricultural land": {
        "text": "44.5% (2018 est.)"
      },
      "agricultural land: arable land": {
        "text": "arable land: 16.8% (2018 est.)"
      },
      "agricultural land: permanent crops": {
        "text": "permanent crops: 0.3% (2018 est.)"
      },
      "agricultural land: permanent pasture": {
        "text": "permanent pasture: 27.4% (2018 est.)"
      },
      "forest": {
        "text": "33.3% (2018 est.)"
      },
      "other": {
        "text": "22.2% (2018 est.)"
      }
    },
    "Urbanization": {
      "urban population": {
        "text": "83.3% of total population (2023)"
      },
      "rate of urbanization": {
        "text": "0.96% annual rate of change (2020-25 est.)"
      }
    },
    "Revenue from forest resources": {
      "text": "0.04% of GDP (2018 est.)"
    },
    "Revenue from coal": {
      "text": "0.2% of GDP (2018 est.)"
    },
    "Air pollutants": {
      "particulate matter emissions": {
        "text": "7.18 micrograms per cubic meter (2019 est.)"
      },
      "carbon dioxide emissions": {
        "text": "5,006.3 megatons (2016 est.)"
      },
      "methane emissions": {
        "text": "685.74 megatons (2020 est.)"
      }
    },
    "Waste and recycling": {
      "municipal solid waste generated annually": {
        "text": "258 million tons (2015 est.)"
      },
      "municipal solid waste recycled annually": {
        "text": "89.268 million tons (2014 est.)"
      },
      "percent of municipal solid waste recycled": {
        "text": "34.6% (2014 est.)"
      }
    },
    "Major lakes (area sq km)": {
      "fresh water lake(s)": {
        "text": "Michigan – 57,750 sq km; Superior* – 53,348 sq km; Huron* – 23,597 sq km; Erie* – 12,890 sq km; Ontario* – 9,220 sq km; Lake of the Woods – 4,350 sq km; Iliamna – 2,590 sq km; Okeechobee – 1,810 sq km; Belcharof – 1,190 sq km; Red – 1,170 sq km; Saint Clair – 1,113 sq km; Champlain – 1,100 sq km<br>note - Great Lakes* area shown as US waters"
      },
      "salt water lake(s)": {
        "text": "Great Salt &ndash; 4,360 sq km; Pontchartrain &ndash; 1,620 sq km; &nbsp;Selawik &ndash; 1,400 sq km; Salton Sea &ndash; 950 sq km"
      }
    },
    "Major rivers (by length in km)": {
      "text": "<p>Missouri - 3,768 km; Mississippi - 3,544 km; Yukon river mouth (shared with Canada [s]) - 3,190 km; Saint Lawrence (shared with Canada) - 3,058 km; Rio Grande river source ( mouth shared with Mexico) - 3,057 km; Colorado river source (shared with Mexico [m]) - 2,333 km; Arkansas - 2,348 km; Columbia river mouth (shared with Canada [s]) - 2,250 km; Red - 2,188 km; Ohio - 2,102 km; Snake - 1,670 km<br><strong>note</strong> – [s] after country name indicates river source; [m] after country name indicates river mouth</p>"
    },
    "Major watersheds (area sq km)": {
      "text": "Atlantic Ocean drainage: <em>(Gulf of America) </em>Mississippi* (3,202,185 sq km); Rio Grande (607,965 sq km); <em>(Gulf of Saint Lawrence)</em> Saint Lawrence* (1,049,636 sq km total, US only 505,000 sq km)<br>Pacific Ocean drainage: Yukon* (847,620 sq km, US only 23,820 sq km); Colorado (703,148 sq km); Columbia* (657,501 sq km, US only 554,501 sq km)<br>note - watersheds shared with Canada shown with *"
    },
    "Major aquifers": {
      "text": "Northern Great Plains Aquifer, Cambrian-Ordovician Aquifer System, Californian Central Valley Aquifer System, Ogallala Aquifer (High Plains), Atlantic and Gulf Coastal Plains Aquifer"
    },
    "Total water withdrawal": {
      "municipal": {
        "text": "58.39 billion cubic meters (2020 est.)"
      },
      "industrial": {
        "text": "209.7 billion cubic meters (2020 est.)"
      },
      "agricultural": {
        "text": "176.2 billion cubic meters (2020 est.)"
      }
    },
    "Total renewable water resources": {
      "text": "3.07 trillion cubic meters (2020 est.)"
    }
  },
  "Government": {
    "Country name": {
      "conventional long form": {
        "text": "United States of America"
      },
      "conventional short form": {
        "text": "United States"
      },
      "abbreviation": {
        "text": "US or USA"
      },
      "etymology": {
        "text": "the name America is derived from that of Amerigo VESPUCCI (1454-1512) - Italian explorer, navigator, and cartographer - using the Latin form of his name, Americus, feminized to America"
      }
    },
    "Government type": {
      "text": "constitutional federal republic"
    },
    "Capital": {
      "name": {
        "text": "Washington, DC"
      },
      "geographic coordinates": {
        "text": "38 53 N, 77 02 W"
      },
      "time difference": {
        "text": "UTC-5 (during Standard Time)"
      },
      "daylight saving time": {
        "text": "+1hr, begins second Sunday in March; ends first Sunday in November; note - no DST for Hawaii and most of Arizona"
      },
      "time zone note": {
        "text": "the 50 United States cover six time zones"
      },
      "etymology": {
        "text": "named after George WASHINGTON (1732-1799), the first president of the United States"
      }
    },
    "Administrative divisions": {
      "text": "50 states and 1 district*; Alabama, Alaska, Arizona, Arkansas, California, Colorado, Connecticut, Delaware, District of Columbia*, Florida, Georgia, Hawaii, Idaho, Illinois, Indiana, Iowa, Kansas, Kentucky, Louisiana, Maine, Maryland, Massachusetts, Michigan, Minnesota, Mississippi, Missouri, Montana, Nebraska, Nevada, New Hampshire, New Jersey, New Mexico, New York, North Carolina, North Dakota, Ohio, Oklahoma, Oregon, Pennsylvania, Rhode Island, South Carolina, South Dakota, Tennessee, Texas, Utah, Vermont, Virginia, Washington, West Virginia, Wisconsin, Wyoming"
    },
    "Dependent areas": {
      "text": "American Samoa, Baker Island, Guam, Howland Island, Jarvis Island, Johnston Atoll, Kingman Reef, Midway Islands, Navassa Island, Northern Mariana Islands, Palmyra Atoll, Puerto Rico, Virgin Islands, Wake Island (14)",
      "note": "<strong>note:</strong> from 18 July 1947 until 1 October 1994, the US administered the Trust Territory of the Pacific Islands; it entered into a political relationship with all four political entities: the Northern Mariana Islands is a commonwealth in political union with the US (effective 3 November 1986); the Republic of the Marshall Islands signed a Compact of Free Association with the US (effective 21 October 1986); the Federated States of Micronesia signed a Compact of Free Association with the US (effective 3 November 1986); Palau concluded a Compact of Free Association with the US (effective 1 October 1994)"
    },
    "Independence": {
      "text": "4 July 1776 (declared independence from Great Britain); 3 September 1783 (recognized by Great Britain)"
    },
    "National holiday": {
      "text": "Independence Day, 4 July (1776)"
    },
    "Legal system": {
      "text": "common law system based on English common law at the federal level; state legal systems based on common law, except Louisiana, where state law is based on Napoleonic civil code; judicial review of legislative acts"
    },
    "Constitution": {
      "history": {
        "text": "previous 1781 (Articles of Confederation and Perpetual Union); latest drafted July - September 1787, submitted to the Congress of the Confederation 20 September 1787, submitted for states' ratification 28 September 1787, ratification completed by nine of the 13 states 21 June 1788, effective 4 March 1789"
      },
      "amendments": {
        "text": "proposed as a \"joint resolution\" by Congress, which requires a two-thirds majority vote in both the House of Representatives and the Senate or by a constitutional convention called for by at least two thirds of the state legislatures; passage requires ratification by three fourths of the state legislatures or passage in state-held constitutional conventions as specified by Congress; the US president has no role in the constitutional amendment process; amended many times, last in 1992"
      }
    },
    "International law organization participation": {
      "text": "withdrew acceptance of compulsory ICJ jurisdiction in 2005; withdrew acceptance of ICCt jurisdiction in 2002"
    },
    "Citizenship": {
      "citizenship by birth": {
        "text": "yes"
      },
      "citizenship by descent only": {
        "text": "yes"
      },
      "dual citizenship recognized": {
        "text": "no, but the US government acknowledges such situtations exist; US citizens are not encouraged to seek dual citizenship since it limits protection by the US"
      },
      "residency requirement for naturalization": {
        "text": "5 years"
      }
    },
    "Suffrage": {
      "text": "18 years of age; universal"
    },
    "Executive branch": {
      "chief of state": {
        "text": "President Donald J. TRUMP (since 20 January 2025)"
      },
      "head of government": {
        "text": "President Donald J. TRUMP (since 20 January 2025)"
      },
      "cabinet": {
        "text": "Cabinet appointed by the president, approved by the Senate"
      },
      "elections/appointments": {
        "text": "president and vice president indirectly elected on the same ballot by the Electoral College of 'electors' chosen from each state; president and vice president serve a 4-year term (eligible for a second term); election last held on 5 November 2024 (next to be held on 7 November 2028)"
      },
      "election results": {
        "text": "<em><br>2024:</em> Donald J. TRUMP elected president; electoral vote - Donald J. TRUMP (Republican Party) 312, Kamala HARRIS (Democratic Party) 226; percent of direct popular vote - Donald J. TRUMP 49.8%, Kamala HARRIS 48.3%, other 1.9%<br><em><br>2020:</em> Joseph R. BIDEN, Jr. elected president; electoral vote - Joseph R. BIDEN, Jr. (Democratic Party) 306, Donald J. TRUMP (Republican Party) 232; percent of direct popular vote - Joseph R. BIDEN Jr. 51.3%, Donald J. TRUMP 46.9%, other 1.8%"
      },
      "note": "<strong>note:</strong> the president is both chief of state and head of government"
    },
    "Legislative branch": {
      "legislature name": {
        "text": "Congress"
      },
      "legislative structure": {
        "text": "bicameral"
      },
      "note": "<strong>note:</strong> in addition to the regular members of the House of Representatives there are 6 non-voting delegates elected from the District of Columbia and the US territories of American Samoa, Guam, Puerto Rico, the Northern Mariana Islands, and the Virgin Islands; these are single seat constituencies directly elected by simple majority vote to serve a 2-year term (except for the resident commissioner of Puerto Rico who serves a 4-year term); the delegate can vote when serving on a committee and when the House meets as the Committee of the Whole House, but not when legislation is submitted for a “full floor” House vote; election of delegates last held on 8 November 2022 (next to be held on 3 November 2024)"
    },
    "Legislative branch - lower chamber": {
      "chamber name": {
        "text": "House of Representatives"
      },
      "number of seats": {
        "text": "435 (all directly elected)"
      },
      "electoral system": {
        "text": "plurality/majority"
      },
      "scope of elections": {
        "text": "full renewal"
      },
      "term in office": {
        "text": "2 years"
      },
      "most recent election date": {
        "text": "11/5/2024"
      },
      "parties elected and seats per party": {
        "text": "Republican Party (220); Democratic Party (215)"
      },
      "percentage of women in chamber": {
        "text": "28.6%"
      },
      "expected date of next election": {
        "text": "November 2026"
      }
    },
    "Legislative branch - upper chamber": {
      "chamber name": {
        "text": "Senate"
      },
      "number of seats": {
        "text": "100 (all directly elected)"
      },
      "electoral system": {
        "text": "plurality/majority"
      },
      "scope of elections": {
        "text": "partial renewal"
      },
      "term in office": {
        "text": "6 years"
      },
      "most recent election date": {
        "text": "11/5/2024"
      },
      "parties elected and seats per party": {
        "text": "Republican Party (15); Democratic Party (19)"
      },
      "percentage of women in chamber": {
        "text": "26%"
      },
      "expected date of next election": {
        "text": "November 2026"
      }
    },
    "Judicial branch": {
      "highest court(s)": {
        "text": "US Supreme Court (consists of 9 justices - the chief justice and 8 associate justices)"
      },
      "judge selection and term of office": {
        "text": "president nominates and, with the advice and consent of the Senate, appoints Supreme Court justices; justices serve for life"
      },
      "subordinate courts": {
        "text": "Courts of Appeal (includes the US Court of Appeal for the Federal District and 12 regional appeals courts); 94 federal district courts in 50 states and territories"
      },
      "note": "<strong>note:</strong> the US court system consists of the federal court system and the state court systems; although each court system is responsible for hearing certain types of cases, neither is completely independent of the other, and the systems often interact"
    },
    "Political parties": {
      "text": "Democratic Party<br>Green Party<br>Libertarian Party<br>Republican Party"
    },
    "International organization participation": {
      "text": "ADB (nonregional member), AfDB (nonregional member), ANZUS, APEC, Arctic Council, ARF, ASEAN (dialogue partner), Australia Group, BIS, BSEC (observer), CBSS (observer), CD, CE (observer), CERN (observer), CICA (observer), CP, EAPC, EAS, EBRD, EITI (implementing country), FAO, FATF, G-5, G-7, G-8, G-10, G-20, IADB, IAEA, IBRD, ICAO, ICC (national committees), ICRM, IDA, IEA, IFAD, IFC, IFRCS, IGAD (partners), IHO, ILO, IMF, IMO, IMSO, Interpol, IOC, IOM, ISO, ITSO, ITU, ITUC (NGOs), MIGA, MINUSTAH, MONUSCO, NAFTA, NATO, NEA, NSG, OAS, OECD, OPCW, OSCE, Pacific Alliance (observer), Paris Club, PCA, PIF (partner), Quad, SAARC (observer), SELEC (observer), SICA (observer), SPC, UN, UNCTAD, UNESCO, UNHCR, UNHRC, UNITAR, UNMIL, UNMISS, UNOOSA, UNRWA, UN Security Council (permanent), UNTSO, UPU, USMCA, Wassenaar Arrangement, WCO, WHO, WIPO, WMO, WTO, ZC"
    },
    "Flag description": {
      "text": "13 equal horizontal stripes of red (top and bottom) alternating with white; there is a blue rectangle in the upper hoist-side corner bearing 50 small, white, five-pointed stars arranged in nine offset horizontal rows of six stars (top and bottom) alternating with rows of five stars; the 50 stars represent the 50 states, the 13 stripes represent the 13 original colonies; blue stands for loyalty, devotion, truth, justice, and friendship, red symbolizes courage, zeal, and fervency, while white denotes purity and rectitude of conduct; commonly referred to by its nickname of Old Glory",
      "note": "<strong>note:</strong> the design and colors have been the basis for a number of other flags, including Chile, Liberia, Malaysia, and Puerto Rico"
    },
    "National symbol(s)": {
      "text": "bald eagle; national colors: red, white, blue"
    },
    "National anthem": {
      "name": {
        "text": "\"The Star-Spangled Banner\""
      },
      "lyrics/music": {
        "text": "Francis Scott KEY/John Stafford SMITH"
      },
      "note": "<strong>note:</strong> adopted 1931; during the War of 1812, after witnessing the successful American defense of Fort McHenry in Baltimore following British naval bombardment, Francis Scott KEY wrote the lyrics to what would become the national anthem; the lyrics were set to the tune of \"The Anacreontic Song\"; only the first verse is sung"
    },
    "National heritage": {
      "total World Heritage Sites": {
        "text": "26 (13 cultural, 12 natural, 1 mixed); note - includes one site in Puerto Rico"
      },
      "selected World Heritage Site locales": {
        "text": "<p>Yellowstone National Park (n); Grand Canyon National Park (n); Cahokia Mounds State Historic Site (c); Independence Hall (c); Statue of Liberty (c); Yosemite National Park (n); Papahānaumokuākea (m); Monumental Earthworks of Poverty Point (c); The 20th-Century Architecture of Frank Lloyd Wright (c); Mesa Verde National Park (c); Mammoth Cave National Park (n); Monticello and the University of Virginia in Charlottesville (c); Olympic National Park (n); Everglades National Park (n); Kluane / Wrangell-St. Elias / Glacier Bay / Tatshenshini-Alsek (n); Redwood National and State Parks (n); Great Smoky Mountains National Park (n); La Fortaleza and San Juan National Historic Site in Puerto Rico (c); Chaco Culture (c); Hawaii Volcanoes National Park (n); Taos Pueblo (c); Carlsbad Caverns National Park (n); Waterton Glacier International Peace Park (n);  Moravian Church Settlements (c); San Antonio Missions (c);Hopewell Ceremonial Earthworks (c)</p>"
      }
    }
  },
  "Economy": {
    "Economic overview": {
      "text": "high-income, diversified North American economy; NATO leader; largest importer and second-largest exporter; home to leading financial exchanges; high and growing public debt; rising socioeconomic inequalities; historically low interest rates; hit by COVID-19"
    },
    "Real GDP (purchasing power parity)": {
      "Real GDP (purchasing power parity) 2023": {
        "text": "$24.977 trillion (2023 est.)"
      },
      "Real GDP (purchasing power parity) 2022": {
        "text": "$24.276 trillion (2022 est.)"
      },
      "Real GDP (purchasing power parity) 2021": {
        "text": "$23.681 trillion (2021 est.)"
      },
      "note": "<b>note:</b> data in 2021 dollars"
    },
    "Real GDP growth rate": {
      "Real GDP growth rate 2023": {
        "text": "2.89% (2023 est.)"
      },
      "Real GDP growth rate 2022": {
        "text": "2.51% (2022 est.)"
      },
      "Real GDP growth rate 2021": {
        "text": "5.8% (2021 est.)"
      },
      "note": "<b>note:</b> annual GDP % growth based on constant local currency"
    },
    "Real GDP per capita": {
      "Real GDP per capita 2023": {
        "text": "$74,600 (2023 est.)"
      },
      "Real GDP per capita 2022": {
        "text": "$72,800 (2022 est.)"
      },
      "Real GDP per capita 2021": {
        "text": "$71,300 (2021 est.)"
      },
      "note": "<b>note:</b> data in 2021 dollars"
    },
    "GDP (official exchange rate)": {
      "text": "$27.721 trillion (2023 est.)",
      "note": "<b>note:</b> data in current dollars at official exchange rate"
    },
    "Inflation rate (consumer prices)": {
      "Inflation rate (consumer prices) 2023": {
        "text": "4.12% (2023 est.)"
      },
      "Inflation rate (consumer prices) 2022": {
        "text": "8% (2022 est.)"
      },
      "Inflation rate (consumer prices) 2021": {
        "text": "4.7% (2021 est.)"
      },
      "note": "<b>note:</b> annual % change based on consumer prices"
    },
    "Credit ratings": {
      "Fitch rating": {
        "text": "AAA (1994)"
      },
      "Moody's rating": {
        "text": "Aaa (1949)"
      },
      "Standard & Poors rating": {
        "text": "AA+ (2011)"
      },
      "note": "<strong>note: </strong>The year refers to the year in which the current credit rating was first obtained."
    },
    "GDP - composition, by sector of origin": {
      "agriculture": {
        "text": "0.9% (2021 est.)"
      },
      "industry": {
        "text": "17.6% (2021 est.)"
      },
      "services": {
        "text": "76.4% (2021 est.)"
      },
      "note": "<b>note:</b> figures may not total 100% due to non-allocated consumption not captured in sector-reported data"
    },
    "GDP - composition, by end use": {
      "household consumption": {
        "text": "67.9% (2023 est.)"
      },
      "government consumption": {
        "text": "13.4% (2023 est.)"
      },
      "investment in fixed capital": {
        "text": "21.4% (2023 est.)"
      },
      "investment in inventories": {
        "text": "0.2% (2023 est.)"
      },
      "exports of goods and services": {
        "text": "11% (2023 est.)"
      },
      "imports of goods and services": {
        "text": "-13.9% (2023 est.)"
      },
      "note": "<b>note:</b> figures may not total 100% due to rounding or gaps in data collection"
    },
    "Agricultural products": {
      "text": "maize, soybeans, milk, wheat, sugarcane, sugar beets, chicken, potatoes, beef, pork (2022)",
      "note": "<b>note:</b> top ten agricultural products based on tonnage"
    },
    "Industries": {
      "text": "highly diversified, world leading, high-technology innovator, second-largest industrial output in the world; petroleum, steel, motor vehicles, aerospace, telecommunications, chemicals, electronics, food processing, consumer goods, lumber, mining"
    },
    "Industrial production growth rate": {
      "text": "3.25% (2021 est.)",
      "note": "<b>note:</b> annual % change in industrial value added based on constant local currency"
    },
    "Labor force": {
      "text": "170.715 million (2023 est.)",
      "note": "<b>note:</b> number of people ages 15 or older who are employed or seeking work"
    },
    "Unemployment rate": {
      "Unemployment rate 2023": {
        "text": "3.63% (2023 est.)"
      },
      "Unemployment rate 2022": {
        "text": "3.65% (2022 est.)"
      },
      "Unemployment rate 2021": {
        "text": "5.35% (2021 est.)"
      },
      "note": "<b>note:</b> % of labor force seeking employment"
    },
    "Youth unemployment rate (ages 15-24)": {
      "total": {
        "text": "7.9% (2023 est.)"
      },
      "male": {
        "text": "8.7% (2023 est.)"
      },
      "female": {
        "text": "7.1% (2023 est.)"
      },
      "note": "<b>note:</b> % of labor force ages 15-24 seeking employment"
    },
    "Gini Index coefficient - distribution of family income": {
      "Gini Index coefficient - distribution of family income 2022": {
        "text": "41.3 (2022 est.)"
      },
      "note": "<b>note:</b> index (0-100) of income distribution; higher values represent greater inequality"
    },
    "Average household expenditures": {
      "on food": {
        "text": "6.8% of household expenditures (2023 est.)"
      },
      "on alcohol and tobacco": {
        "text": "1.9% of household expenditures (2023 est.)"
      }
    },
    "Household income or consumption by percentage share": {
      "lowest 10%": {
        "text": "1.8% (2022 est.)"
      },
      "highest 10%": {
        "text": "30.2% (2022 est.)"
      },
      "note": "<b>note:</b> % share of income accruing to lowest and highest 10% of population"
    },
    "Remittances": {
      "Remittances 2023": {
        "text": "0.03% of GDP (2023 est.)"
      },
      "Remittances 2022": {
        "text": "0.03% of GDP (2022 est.)"
      },
      "Remittances 2021": {
        "text": "0.03% of GDP (2021 est.)"
      },
      "note": "<b>note:</b> personal transfers and compensation between resident and non-resident individuals/households/entities"
    },
    "Budget": {
      "revenues": {
        "text": "$5.038 trillion (2022 est.)"
      },
      "expenditures": {
        "text": "$6.306 trillion (2022 est.)"
      },
      "note": "<b>note:</b> central government revenues (excluding grants) and expenses converted to US dollars at average official exchange rate for year indicated"
    },
    "Public debt": {
      "Public debt 2023": {
        "text": "114.88% of GDP (2023 est.)"
      },
      "note": "<b>note:</b> central government debt as a % of GDP"
    },
    "Taxes and other revenues": {
      "text": "10.22% (of GDP) (2023 est.)",
      "note": "<b>note:</b> central government tax revenue as a % of GDP"
    },
    "Current account balance": {
      "Current account balance 2023": {
        "text": "-$905.378 billion (2023 est.)"
      },
      "Current account balance 2022": {
        "text": "-$1.012 trillion (2022 est.)"
      },
      "Current account balance 2021": {
        "text": "-$867.984 billion (2021 est.)"
      },
      "note": "<b>note:</b> balance of payments - net trade and primary/secondary income in current dollars"
    },
    "Exports": {
      "Exports 2023": {
        "text": "$3.072 trillion (2023 est.)"
      },
      "Exports 2022": {
        "text": "$3.039 trillion (2022 est.)"
      },
      "Exports 2021": {
        "text": "$2.571 trillion (2021 est.)"
      },
      "note": "<strong>note:</strong> balance of payments - exports of goods and services in current dollars"
    },
    "Exports - partners": {
      "text": "Canada 16%, Mexico 15%, China 8%, Japan 4%, UK 4% (2022)",
      "note": "<b>note:</b> top five export partners based on percentage share of exports"
    },
    "Exports - commodities": {
      "text": "refined petroleum, crude petroleum, natural gas, cars, integrated circuits (2022)",
      "note": "<b>note:</b> top five export commodities based on value in dollars"
    },
    "Imports": {
      "Imports 2023": {
        "text": "$3.857 trillion (2023 est.)"
      },
      "Imports 2022": {
        "text": "$3.984 trillion (2022 est.)"
      },
      "Imports 2021": {
        "text": "$3.419 trillion (2021 est.)"
      },
      "note": "<b>note:</b> balance of payments - imports of goods and services in current dollars"
    },
    "Imports - partners": {
      "text": "China 18%, Canada 14%, Mexico 14%, Germany 5%, Japan 4% (2022)",
      "note": "<b>note:</b> top five import partners based on percentage share of imports"
    },
    "Imports - commodities": {
      "text": "crude petroleum, cars, broadcasting equipment, garments, computers (2022)",
      "note": "<b>note:</b> top five import commodities based on value in dollars"
    },
    "Reserves of foreign exchange and gold": {
      "Reserves of foreign exchange and gold 2023": {
        "text": "$773.426 billion (2023 est.)"
      },
      "Reserves of foreign exchange and gold 2022": {
        "text": "$706.644 billion (2022 est.)"
      },
      "Reserves of foreign exchange and gold 2021": {
        "text": "$716.152 billion (2021 est.)"
      },
      "note": "<b>note:</b> holdings of gold (year-end prices)/foreign exchange/special drawing rights in current dollars"
    },
    "Exchange rates": {
      "text": "<strong>British pounds per US dollar: </strong>0.805 (2023 est.), 0.811 (2022 est.), 0.727 (2021 est.), 0.780 (2020 est.), 0.783 (2019 est.)<br><strong>Canadian dollars per US dollar: </strong>1.35 (2023 est.), 1.302 (2022 est.), 1.254 (2021 est.), 1.341 (2020 est.), 1.327 (2019 est.)<br><strong>Chinese yuan per US dollar: </strong>7.084 (2023 est.), 6.737 (2022 est.), 6.449 (2021 est.), 6.901 (2020 est.), 6.908 (2019 est.)<br><strong>euros per US dollar: </strong>0.925 (2023 est.), 0.950 (2022 est.), 0.845 (2021 est.), 0.876 (2020 est.), 0.893 (2019 est.)<br><strong>Japanese yen per US dollar: </strong>140.49 (2023 est.), 131.50 (2022 est.), 109.75 (2021 est.), 106.78 (2020 est.), 109.01 (2019 est.)<br><br><strong>note 1: </strong>the following countries and territories use the US dollar officially as their legal tender: British Virgin Islands, Ecuador, El Salvador, Marshall Islands, Micronesia, Palau, Timor Leste, Turks and Caicos, and islands of the Caribbean Netherlands (Bonaire, Sint Eustatius, and Saba)<br><br><strong>note 2: </strong>the following countries and territories use the US dollar as official legal tender alongside local currency: Bahamas, Barbados, Belize, Costa Rica, and Panama<br><br><strong>note 3: </strong>the following countries and territories widely accept the US dollar as a dominant currency but have yet to declare it as legal tender: Bermuda, Burma, Cambodia, Cayman Islands, Honduras, Nicaragua, and Somalia"
    }
  },
  "Energy": {
    "Electricity access": {
      "electrification - total population": {
        "text": "100% (2022 est.)"
      }
    },
    "Electricity": {
      "installed generating capacity": {
        "text": "1.201 billion kW (2022 est.)"
      },
      "consumption": {
        "text": "4.128 trillion kWh (2022 est.)"
      },
      "exports": {
        "text": "15.758 billion kWh (2022 est.)"
      },
      "imports": {
        "text": "56.97 billion kWh (2022 est.)"
      },
      "transmission/distribution losses": {
        "text": "204.989 billion kWh (2022 est.)"
      }
    },
    "Electricity generation sources": {
      "fossil fuels": {
        "text": "59.5% of total installed capacity (2022 est.)"
      },
      "nuclear": {
        "text": "18% of total installed capacity (2022 est.)"
      },
      "solar": {
        "text": "4.8% of total installed capacity (2022 est.)"
      },
      "wind": {
        "text": "10.1% of total installed capacity (2022 est.)"
      },
      "hydroelectricity": {
        "text": "5.8% of total installed capacity (2022 est.)"
      },
      "geothermal": {
        "text": "0.4% of total installed capacity (2022 est.)"
      },
      "biomass and waste": {
        "text": "1.5% of total installed capacity (2022 est.)"
      }
    },
    "Nuclear energy": {
      "Number of operational nuclear reactors": {
        "text": "94 (2023)"
      },
      "Net capacity of operational nuclear reactors": {
        "text": "96.95GW (2023 est.)"
      },
      "Percent of total electricity production": {
        "text": "18.5% (2023 est.)"
      },
      "Number of nuclear reactors permanently shut down": {
        "text": "41 (2023)"
      }
    },
    "Coal": {
      "production": {
        "text": "548.849 million metric tons (2022 est.)"
      },
      "consumption": {
        "text": "476.044 million metric tons (2022 est.)"
      },
      "exports": {
        "text": "80.081 million metric tons (2022 est.)"
      },
      "imports": {
        "text": "5.788 million metric tons (2022 est.)"
      },
      "proven reserves": {
        "text": "248.941 billion metric tons (2022 est.)"
      }
    },
    "Petroleum": {
      "total petroleum production": {
        "text": "20.879 million bbl/day (2023 est.)"
      },
      "refined petroleum consumption": {
        "text": "20.246 million bbl/day (2023 est.)"
      },
      "crude oil estimated reserves": {
        "text": "38.212 billion barrels (2021 est.)"
      }
    },
    "Natural gas": {
      "production": {
        "text": "1.029 trillion cubic meters (2022 est.)"
      },
      "consumption": {
        "text": "914.301 billion cubic meters (2022 est.)"
      },
      "exports": {
        "text": "195.497 billion cubic meters (2022 est.)"
      },
      "imports": {
        "text": "85.635 billion cubic meters (2022 est.)"
      },
      "proven reserves": {
        "text": "13.402 trillion cubic meters (2021 est.)"
      }
    },
    "Carbon dioxide emissions": {
      "total emissions": {
        "text": "4.941 billion metric tonnes of CO2 (2022 est.)"
      },
      "from coal and metallurgical coke": {
        "text": "938.649 million metric tonnes of CO2 (2022 est.)"
      },
      "from petroleum and other liquids": {
        "text": "2.26 billion metric tonnes of CO2 (2022 est.)"
      },
      "from consumed natural gas": {
        "text": "1.742 billion metric tonnes of CO2 (2022 est.)"
      }
    },
    "Energy consumption per capita": {
      "Total energy consumption per capita 2022": {
        "text": "284.575 million Btu/person (2022 est.)"
      }
    }
  },
  "Communications": {
    "Telephones - fixed lines": {
      "total subscriptions": {
        "text": "87.987 million (2023 est.)"
      },
      "subscriptions per 100 inhabitants": {
        "text": "26 (2023 est.)"
      }
    },
    "Telephones - mobile cellular": {
      "total subscriptions": {
        "text": "386 million (2023 est.)"
      },
      "subscriptions per 100 inhabitants": {
        "text": "110 (2022 est.)"
      }
    },
    "Telecommunication systems": {
      "general assessment": {
        "text": "the US telecom sector adapted well to the particular demands of the pandemic, which has led to strong growth in the number of mobile, mobile broadband, and fixed broadband subscribers since 2020; the level of growth is expected to taper off from late 2022 as the demand for working and schooling from home subsides; the pandemic also encouraged the Federal government to increase its investment in broadband infrastructure; of particular note was the Infrastructure Investment and Jobs Act of November 2021, which provided $65 billion to a range of programs aimed at delivering broadband to unserved areas, providing fiber-based broadband to upgrade existing service areas, and subsidizing the cost of services to low income households; alongside these fiscal efforts have been the several spectrum auctions undertaken during the last two years, which have greatly assisted the main licensees to improve the reach and quality of their offers based on LTE and 5G; some of this spectrum, auctioned during 2021, was only made available to licensees from February 2022; the widening availability of 5G from the main providers has resulted in a dramatic increase in mobile data traffic; in tandem with the focus on 5G, operators have closed down their GSM and CDMA networks, and have either closed down 3G networks (as AT&amp;T did in January 2022), or plan to in coming months; given the size of the US broadband market, and the growing demand for data on both fixed and mobile networks, there is continuous pressure for operators to invest in fiber networks, and to push connectivity closer to consumers; in recent years the US has seen increased activity from regional players as well as the major telcos and cablecos; although there has been considerable investment in DOCSIS4.0, some of the cablecos are looking to ditch HFC in preference for fiber broadband; the process of migrating from copper (HFC and DSL) to fiber is ongoing, but given the scale of the work involved it will take some years; some operators have investment strategies in place through to 2025, which will see the vast majority of their fixed networks being entirely on fiber; service offerings of up to 2Gb/s are becoming more widely available as the process continues (2024)"
      },
      "domestic": {
        "text": "fixed-line just over 27 per 100 and mobile-cellular is 110 per 100 (2022)"
      },
      "international": {
        "text": "country code - 1; landing points for the Quintillion Subsea Cable Network, TERRA SW, AU-Aleutian, KKFL, AKORN, Alaska United -West, &amp; -East &amp; -Southeast, North Star, Lynn Canal Fiber, KetchCar 1, PC-1, SCCN, Tat TGN-Pacific &amp; -Atlantic, Jupiter, Hawaiki, NCP, FASTER, HKA, JUS, AAG, BtoBE, Currie, Southern Cross NEXT, SxS, PLCN, Utility EAC-Pacific, SEA-US, Paniolo Cable Network, HICS, HIFN, ASH, Telstra Endeavor, Honotua, AURORA, ARCOS, AMX-1, Americas -I &amp;&nbsp;-II, Columbus IIb &amp; -III, Maya-1, MAC, GTMO-1, BICS, CFX-1, GlobeNet, Monet, SAm-1, Bahamas 2, PCCS, BRUSA, Dunant, MAREA, SAE x1,&nbsp;TAT 14,&nbsp;Apollo, Gemini Bermuda, Havfrue/AEC-2, Seabras-1,&nbsp;WALL-LI, NYNJ-1, FLAG Atalantic-1, Yellow, Atlantic Crossing-1,&nbsp;AE Connect -1, sea2shore, Challenger Bermuda-1, and&nbsp;GTT Atlantic&nbsp;submarine cable systems providing international connectivity to Europe, Africa,&nbsp;the Middle East, Asia, Southeast Asia, Australia,&nbsp;New Zealand, Pacific, &amp;&nbsp;Atlantic, and Indian Ocean&nbsp;Islands, Central and South America, Caribbean, Canada&nbsp;and US; satellite earth stations - 61 Intelsat (45 Atlantic Ocean and 16 Pacific Ocean), 5 Intersputnik (Atlantic Ocean region), and 4 Inmarsat (Pacific and Atlantic Ocean regions) (2020)"
      }
    },
    "Broadcast media": {
      "text": "4 major terrestrial TV networks with affiliate stations throughout the country, plus cable and satellite networks, independent stations, and a limited public broadcasting sector that is largely supported by private grants; overall, thousands of TV stations broadcasting; multiple national radio networks with many affiliate stations; while most stations are commercial, National Public Radio (NPR) has a network of some 900 member stations; satellite radio available; in total, over 15,000 radio stations operating (2018)"
    },
    "Internet country code": {
      "text": ".us"
    },
    "Internet users": {
      "percent of population": {
        "text": "97% (2022 est.)"
      }
    },
    "Broadband - fixed subscriptions": {
      "total": {
        "text": "131 million (2023 est.)"
      },
      "subscriptions per 100 inhabitants": {
        "text": "38 (2023 est.)"
      }
    },
    "Communications - note": {
      "text": "<p>note 1: The Library of Congress, Washington DC, USA, claims to be the largest library in the world with more than 167 million items (as of 2018); its collections are universal, not limited by subject, format, or national boundary, and include materials from all parts of the world and in over 450 languages; collections include: books, newspapers, magazines, sheet music, sound and video recordings, photographic images, artwork, architectural drawings, and copyright data<br><br>note 2: Cape Canaveral, Florida, USA, hosts one of four dedicated ground antennas that assist in the operation of the Global Positioning System (GPS) navigation system (the others are on Ascension (Saint Helena, Ascension, and Tistan da Cunha), Diego Garcia (British Indian Ocean Territory), and at Kwajalein (Marshall Islands)</p>"
    }
  },
  "Transportation": {
    "National air transport system": {
      "number of registered air carriers": {
        "text": "99 (2020)"
      },
      "inventory of registered aircraft operated by air carriers": {
        "text": "7,249"
      },
      "annual passenger traffic on registered air carriers": {
        "text": "889.022 million (2018)"
      },
      "annual freight traffic on registered air carriers": {
        "text": "42,985,300,000 (2018) mt-km"
      }
    },
    "Civil aircraft registration country code prefix": {
      "text": "N"
    },
    "Airports": {
      "text": "15,873 (2024)"
    },
    "Heliports": {
      "text": "7,914 (2024)"
    },
    "Pipelines": {
      "text": "1,984,321 km natural gas, 240,711 km petroleum products (2013)"
    },
    "Railways": {
      "total": {
        "text": "293,564.2 km (2014)"
      },
      "standard gauge": {
        "text": "293,564.2 km (2014) 1.435-m gauge"
      }
    },
    "Roadways": {
      "total": {
        "text": "6,586,610 km"
      },
      "paved": {
        "text": "4,304,715 km (includes 76,334 km of expressways)"
      },
      "unpaved": {
        "text": "2,281,895 km (2012)"
      }
    },
    "Waterways": {
      "text": "41,009 km (2012) (19,312 km used for commerce; Saint Lawrence Seaway of 3,769 km, including the Saint Lawrence River of 3,058 km, is shared with Canada)"
    },
    "Merchant marine": {
      "total": {
        "text": "3,533 (2023)"
      },
      "by type": {
        "text": "bulk carrier 4, container ship 60, general cargo 96, oil tanker 68, other 3,305"
      },
      "note": "note - oceangoing self-propelled, cargo-carrying vessels of 1,000 gross tons and above"
    },
    "Ports": {
      "total ports": {
        "text": "666 (2024)"
      },
      "large": {
        "text": "21"
      },
      "medium": {
        "text": "38"
      },
      "small": {
        "text": "132"
      },
      "very small": {
        "text": "475"
      },
      "ports with oil terminals": {
        "text": "204"
      },
      "key ports": {
        "text": "Baltimore, Boston, Brooklyn, Buffalo, Chester, Cleveland, Detroit, Galveston, Houston, Los Angeles, Louisiana Offshore Oil Port (LOOP), Mobile, New Orleans, New York City, Norfolk, Oakland, Philadelphia, Portland, San Francisco, Seattle, Tri-City Port"
      }
    }
  },
  "Military and Security": {
    "Military and security forces": {
      "text": "United States Armed Forces (aka US Military): US Army (USA), US Navy (USN; includes US Marine Corps or USMC), US Air Force (USAF), US Space Force (USSF); US Coast Guard (USCG); National Guard (Army National Guard and Air National Guard) (2024)",
      "note": "<strong>note 1: </strong>the US Coast Guard is administered in peacetime by the Department of Homeland Security, but in wartime reports to the Department of the Navy<br><strong><br>note 2:</strong> the Army National Guard and the Air National Guard are reserve components of their services and operate in part under state authority; the US military also maintains reserve forces for each branch<br><br><strong>note 3: </strong>US law enforcement personnel include those of federal agencies, such as the Department of Homeland Security and Department of Justice, the 50 states, special jurisdictions, local sheriff’s offices, and municipal, county, regional, and tribal police departments<br><br><strong>note 4:</strong> some US states have \"state defense forces\" (SDFs), which are military units that operate under the sole authority of state governments; SDFs are authorized by state and federal law and are under the command of the governor of each state; most are organized as ground units, but air and naval units also exist"
    },
    "Military expenditures": {
      "Military Expenditures 2024": {
        "text": "3.4% of GDP (2024 est.)"
      },
      "Military Expenditures 2023": {
        "text": "3.2% of GDP (2023)"
      },
      "Military Expenditures 2022": {
        "text": "3.3% of GDP (2022)"
      },
      "Military Expenditures 2021": {
        "text": "3.5% of GDP (2021)"
      },
      "Military Expenditures 2020": {
        "text": "3.6% of GDP (2020)"
      }
    },
    "Military and security service personnel strengths": {
      "text": "approximately 1.31 million active-duty personnel (446,000 Army; 328,000 Navy; 317,000 Air Force; 9,000 Space Force; 167,000 Marine Corps; 40,000 Coast Guard); 330,000 Army National Guard; 105,000 Air National Guard (2024)"
    },
    "Military equipment inventories and acquisitions": {
      "text": "the US military's inventory is comprised almost entirely of domestically produced weapons systems (some assembled with foreign components) along with a smaller mix of imported equipment from a variety of countries such as Germany and the UK; the US defense industry is capable of designing, developing, maintaining, and producing the full spectrum of weapons systems; the US is the world's leading arms exporter (2024)"
    },
    "Military service age and obligation": {
      "text": "18 years of age (17 years of age with parental consent) for voluntary service for men and women; no conscription (currently inactive, but males aged 18-25 must register with Selective Service in case conscription is reinstated in the future); maximum enlistment age 34 (Army), 42 (Air Force/Space Force), 39 (Navy), 28 (Marines), 31 (Coast Guard); 8-year service obligation, including 2-5 years active duty (Army), 2 years active duty (Navy), 4 years active duty (Air Force, Coast Guard, Marines, Space Force) (2024)",
      "note": "<strong>note 1: </strong>the US military has been all-volunteer since 1973, but an act of Congress can reinstate the draft in case of a national emergency<strong><br><br>note 2:</strong> all military occupations and positions open to women; in 2022, women comprised 17.5% of the total US regular military personnel<br><br><strong>note 3:</strong> non-citizens living permanently and legally in the US may join as enlisted personnel; they must have permission to work in the US, a high school diploma, and speak, read, and write English fluently; minimum age of 17 with parental consent or 18 without; maximum age 29-39, depending on the service; under the US Nationality Act, honorable service in the military may qualify individuals to obtain expedited citizenship; under the Compact of Free Association, citizens of the Federated States of Micronesia, the Republic of Palau, and the Republic of the Marshall Islands may volunteer; under the Jay Treaty, signed in 1794 between Great Britain and the US, and corresponding legislation, Native Americans/First Nations born in Canada are entitled to freely enter the US and join the US military"
    },
    "Military deployments": {
      "text": "the US has more than 200,000 air, ground, and naval personnel deployed overseas on a permanent or a long-term rotational (typically 3-9 months) basis; key areas of deployment include approximately 5,000 in Africa, approximately 100,000 in Europe, approximately 10-15,000 in Southwest Asia, and more than 80,000 in East Asia (2024)"
    },
    "Military - note": {
      "text": "the US military's primary missions are to deter potential enemies, provide for the defense of the US, its Territories, Commonwealths and possessions, and any areas occupied by the US, and to protect US national interests; its responsibilities are worldwide and include providing humanitarian assistance, participating in international military exercises and operations, conducting military diplomacy, and fulfilling the US's alliance and treaty commitments; the US has been a leading member of NATO since the Alliance's formation in 1949; the military has a global presence; the separate services operate jointly under 11 regional- or functionally-based joint service \"combatant\" commands: Africa Command; Central Command, Cyber Command, European Command, Indo-Pacific Command, Northern Command, Southern Command, Space Command, Special Operations Command, Strategic Command, and Transportation Command<br><br>Congress officially created the US military in September 1789; the US Army was established in June 1775 as the Continental Army; after the declaration of independence in July 1776, the Continental Army and the militia in the service of Congress became known collectively as the Army of the United States; when Congress ordered the Continental Army to disband in 1784, it retained a small number of personnel that would form the nucleus of the 1st American Regiment for national service formed later that year; both the US Navy and the US Marines were also established in 1775, but the Navy fell into disuse after the Revolutionary War, and was reestablished by Congress in 1794; the first US military unit devoted exclusively to aviation began operations in 1913 as part of the US Army; the Army Air Corps (AAC) was the US military service dedicated to aerial warfare between 1926 and 1941; the AAC became the US Army Air Forces in 1941 and remained as a combat arm of the Army until the establishment of the US Air Force in 1947 (2024)"
    }
  },
  "Space": {
    "Space agency/agencies": {
      "text": "National Aeronautics and Space Administration (NASA; established 1958); National Reconnaissance Office (NRO; established in 1961 and responsible for designing, building, launching, and maintaining intelligence satellites); US Space Command (USSPACECOM; established in 2019 and responsible for military operations in outer space, specifically all operations over 100 kilometers or 62 miles above mean sea level) (2024)",
      "note": "<strong>note:</strong> USSPACECOM was originally created in 1985 but was deactivated in 2002 and its duties were transferred to US Strategic Command"
    },
    "Space launch site(s)": {
      "text": "has 20 commercial, government, and private space ports hosting Federal Aviation Administration-licensed activity spread across 10 states (Alabama, Alaska, California, Colorado, Florida, Georgia, New Mexico, Oklahoma, Texas, and Virginia) (2024)"
    },
    "Space program overview": {
      "text": "has a large and comprehensive space program and is one of the world’s top space powers; builds, launches, and operates space launch vehicles (SLVs)/rockets and the full spectrum of spacecraft, including interplanetary probes, manned craft, reusable rockets, satellites, space stations, and space planes; has an astronaut program and a large corps of astronauts; researching and developing a broad range of other space-related capabilities and technologies, such as advanced telecommunications and optics, navigational aids, propulsion, robotics, solar sails, space-based manufacturing, and robotic satellite repair/refueling; has launched orbital or lander probes to the Sun and all planets in the solar system, as well as to asteroids and beyond the solar system; has international missions and projects with dozens of countries and organizations, including such major partners as Canada, Japan, Russia, and South Korea, as well as the European Space Agency (ESA), the EU, and their individual member states; as of December 2024, more than 50 countries had signed onto the US-led Artemis Accords, whose purpose is to establish principles, guidelines, and best practices to enhance the governance of the civil exploration and use of outer space with the intention of advancing the Artemis Program, an international effort to establish a sustainable and robust presence on the Moon and an onward human mission to Mars; the US commercial space industry is one of the world’s largest and most capable and is active across the entire spectrum of US government space programs; the majority of both NASA and US military space launches are conducted by US commercial companies; the US space economy was valued at over $200 billion in 2021 (2024)",
      "note": "<strong>note:</strong> further details about the key activities, programs, and milestones of the country’s space program, as well as government spending estimates on the space sector, appear in the Space Programs reference guide"
    }
  },
  "Terrorism": {
    "Terrorist group(s)": {
      "text": "Hizballah; Islamic Revolutionary Guard Corps (IRGC)/Qods Force; Islamic State of Iraq and ash-Sham (ISIS); al-Qa'ida; Lashkar-e Tayyiba (LeT)",
      "note": "<strong>note:</strong> details about the history, aims, leadership, organization, areas of operation, tactics, targets, weapons, size, and sources of support of the group(s) appear(s) in the Terrorism reference guide"
    }
  },
  "Transnational Issues": {
    "Refugees and internally displaced persons": {
      "refugees (country of origin)": {
        "text": "the US admitted 25,465 refugees during FY2022, including: 7,810 (Democratic Republic of the Congo), 4,556 (Syria), 2,156 (Burma), 1,669 (Sudan), 1,618 (Afghanistan), 1,610 (Ukraine)"
      },
      "stateless persons": {
        "text": "47 (2022)"
      }
    },
    "Illicit drugs": {
      "text": "<p>world's largest consumer of cocaine (shipped from Colombia through Mexico and the Caribbean), Colombian heroin, and Mexican heroin and marijuana; major consumer of ecstasy and Mexican methamphetamine; minor consumer of high-quality Southeast Asian heroin; illicit producer of cannabis, marijuana, depressants, stimulants, hallucinogens, and methamphetamine; money-laundering center</p>"
    }
  }
}