{
  "Introduction": {
    "Background": {
      "text": "A former British colony, Cyprus became independent in 1960 after years of resistance to British rule. Tensions between the Greek Cypriot majority and Turkish Cypriot minority came to a head in December 1963, when violence broke out in the capital of Nicosia. Despite the deployment of UN peacekeepers in 1964, sporadic intercommunal violence continued and forced most Turkish Cypriots into enclaves throughout the island. In 1974, a Greek Government-sponsored attempt to overthrow the elected president of Cyprus was met by military intervention from Turkey, which soon controlled more than a third of the island. In 1983, the Turkish Cypriot administered area declared itself the \"Turkish Republic of Northern Cyprus\" (TRNC), but it is recognized only by Turkey. A UN-mediated agreement to reunite Cyprus, the Annan Plan, failed to win approval from both communities in 2004. The most recent round of reunification negotiations was suspended in 2017 after failure to achieve a breakthrough. <br><br>The entire island joined the EU in 2004, although the EU acquis -- the body of common rights and obligations -- applies only to the areas under the internationally recognized government and is suspended in the TRNC. However, individual Turkish Cypriots able to document their eligibility for Republic of Cyprus citizenship have the same legal rights accorded to citizens of other EU states."
    }
  },
  "Geography": {
    "Location": {
      "text": "Middle East, island in the Mediterranean Sea, south of Turkey; note - Cyprus views itself as part of Europe; geopolitically, it can be classified as falling within Europe, the Middle East, or both"
    },
    "Geographic coordinates": {
      "text": "35 00 N, 33 00 E"
    },
    "Map references": {
      "text": "Middle East"
    },
    "Area": {
      "total ": {
        "text": "9,251 sq km (of which 3,355 sq km are in north Cyprus)"
      },
      "land": {
        "text": "9,241 sq km"
      },
      "water": {
        "text": "10 sq km"
      }
    },
    "Area - comparative": {
      "text": "about 0.6 times the size of Connecticut"
    },
    "Land boundaries": {
      "total": {
        "text": "156 km"
      },
      "border sovereign base areas": {
        "text": "Akrotiri 48 km; Dhekelia 108 km"
      }
    },
    "Coastline": {
      "text": "648 km"
    },
    "Maritime claims": {
      "territorial sea": {
        "text": "12 nm"
      },
      "contiguous zone": {
        "text": "24 nm"
      },
      "continental shelf": {
        "text": "200-m depth or to the depth of exploitation"
      }
    },
    "Climate": {
      "text": "temperate; Mediterranean with hot, dry summers and cool winters"
    },
    "Terrain": {
      "text": "central plain with mountains to north and south; scattered but significant plains along southern coast"
    },
    "Elevation": {
      "highest point": {
        "text": "Mount Olympus 1,951 m"
      },
      "lowest point": {
        "text": "Mediterranean Sea 0 m"
      },
      "mean elevation": {
        "text": "91 m"
      }
    },
    "Natural resources": {
      "text": "copper, pyrites, asbestos, gypsum, timber, salt, marble, clay earth pigment"
    },
    "Land use": {
      "agricultural land": {
        "text": "13.4% (2018 est.)"
      },
      "agricultural land: arable land": {
        "text": "arable land: 9.8% (2018 est.)"
      },
      "agricultural land: permanent crops": {
        "text": "permanent crops: 3.2% (2018 est.)"
      },
      "agricultural land: permanent pasture": {
        "text": "permanent pasture: 0.4% (2018 est.)"
      },
      "forest": {
        "text": "18.8% (2018 est.)"
      },
      "other": {
        "text": "67.8% (2018 est.)"
      }
    },
    "Irrigated land": {
      "text": "268 sq km (2020)"
    },
    "Population distribution": {
      "text": "population concentrated in central Nicosia and in the major cities of the south: Paphos, Limassol, and Larnaca"
    },
    "Natural hazards": {
      "text": "moderate earthquake activity; droughts"
    },
    "Geography - note": {
      "text": "the third largest island in the Mediterranean Sea (after Sicily and Sardinia); several small Cypriot enclaves exist within the Dhekelia Sovereign Base Area"
    }
  },
  "People and Society": {
    "Population": {
      "total": {
        "text": "1,320,525"
      },
      "male": {
        "text": "675,196"
      },
      "female": {
        "text": "645,329 (2024 est.)"
      }
    },
    "Nationality": {
      "noun": {
        "text": "Cypriot(s)"
      },
      "adjective": {
        "text": "Cypriot"
      }
    },
    "Ethnic groups": {
      "text": "Greek 98.8%, other 1% (includes Maronite, Armenian, Turkish-Cypriot), unspecified 0.2% (2011 est.)",
      "note": "<strong>note:</strong> data represent only the Greek-Cypriot citizens in the Republic of Cyprus"
    },
    "Languages": {
      "Languages": {
        "text": "Greek (official) 80.9%, Turkish (official) 0.2%, English 4.1%, Romanian 2.9%, Russian 2.5%, Bulgarian 2.2%, Arabic 1.2%, Filipino 1.1%, other 4.3%, unspecified 0.6%&nbsp; (2011 est.)"
      },
      "major-language sample(s)": {
        "text": "<br>Το Παγκόσμιο Βιβλίο Δεδομένων, η απαραίτητη πηγή βασικών πληροφοριών. (Greek)<br><br>The World Factbook, the indispensable source for basic information."
      },
      "note": "<strong>note:</strong> data represent only the Republic of Cyprus"
    },
    "Religions": {
      "text": "Eastern Orthodox Christian 89.1%, Roman Catholic 2.9%, Protestant/Anglican 2%, Muslim 1.8%, Buddhist 1%, other (includes Maronite Catholic, Armenian Apostolic, Hindu) 1.4%, unknown 1.1%, none/atheist 0.6% (2011 est.)",
      "note": "<strong>note:</strong> data represent only the government-controlled area of Cyprus"
    },
    "Age structure": {
      "0-14 years": {
        "text": "15.6% (male 105,533/female 100,099)"
      },
      "15-64 years": {
        "text": "70% (male 486,569/female 437,651)"
      },
      "65 years and over": {
        "text": "14.4% (2024 est.) (male 83,094/female 107,579)"
      }
    },
    "Dependency ratios": {
      "total dependency ratio": {
        "text": "43.8"
      },
      "youth dependency ratio": {
        "text": "23"
      },
      "elderly dependency ratio": {
        "text": "20.8"
      },
      "potential support ratio": {
        "text": "4.8 (2021 est.)"
      },
      "note": "<strong>note:</strong> data represent the whole country"
    },
    "Median age": {
      "total": {
        "text": "39.5 years (2024 est.)"
      },
      "male": {
        "text": "38.2 years"
      },
      "female": {
        "text": "41 years"
      }
    },
    "Population growth rate": {
      "text": "0.95% (2024 est.)"
    },
    "Birth rate": {
      "text": "10.2 births/1,000 population (2024 est.)"
    },
    "Death rate": {
      "text": "7 deaths/1,000 population (2024 est.)"
    },
    "Net migration rate": {
      "text": "6.3 migrant(s)/1,000 population (2024 est.)"
    },
    "Population distribution": {
      "text": "population concentrated in central Nicosia and in the major cities of the south: Paphos, Limassol, and Larnaca"
    },
    "Urbanization": {
      "urban population": {
        "text": "67% of total population (2023)"
      },
      "rate of urbanization": {
        "text": "0.76% annual rate of change (2020-25 est.)"
      }
    },
    "Major urban areas - population": {
      "text": "269,000 NICOSIA (capital) (2018)"
    },
    "Sex ratio": {
      "at birth": {
        "text": "1.05 male(s)/female"
      },
      "0-14 years": {
        "text": "1.05 male(s)/female"
      },
      "15-64 years": {
        "text": "1.11 male(s)/female"
      },
      "65 years and over": {
        "text": "0.77 male(s)/female"
      },
      "total population": {
        "text": "1.05 male(s)/female (2024 est.)"
      }
    },
    "Mother's mean age at first birth": {
      "text": "30 years (2020 est.)",
      "note": "<strong>note:</strong> data represents only government-controlled areas"
    },
    "Maternal mortality ratio": {
      "text": "68 deaths/100,000 live births (2020 est.)"
    },
    "Infant mortality rate": {
      "total": {
        "text": "8.1 deaths/1,000 live births (2024 est.)"
      },
      "male": {
        "text": "9.7 deaths/1,000 live births"
      },
      "female": {
        "text": "6.4 deaths/1,000 live births"
      }
    },
    "Life expectancy at birth": {
      "total population": {
        "text": "80.2 years (2024 est.)"
      },
      "male": {
        "text": "77.4 years"
      },
      "female": {
        "text": "83.1 years"
      }
    },
    "Total fertility rate": {
      "text": "1.49 children born/woman (2024 est.)"
    },
    "Gross reproduction rate": {
      "text": "0.73 (2024 est.)"
    },
    "Contraceptive prevalence rate": {
      "text": "NA"
    },
    "Drinking water source": {
      "improved: urban": {
        "text": "urban: 99.7% of population"
      },
      "improved: rural": {
        "text": "rural: 99.8% of population"
      },
      "improved: total": {
        "text": "total: 99.8% of population"
      },
      "unimproved: urban": {
        "text": "urban: 0.3% of population"
      },
      "unimproved: rural": {
        "text": "rural: 0.2% of population"
      },
      "unimproved: total": {
        "text": "total: 0.2% of population (2020 est.)"
      }
    },
    "Current health expenditure": {
      "text": "8.1% of GDP (2020)"
    },
    "Physician density": {
      "text": "3.14 physicians/1,000 population (2019)"
    },
    "Hospital bed density": {
      "text": "3.4 beds/1,000 population (2017)"
    },
    "Sanitation facility access": {
      "improved: urban": {
        "text": "urban: 99.7% of population"
      },
      "improved: rural": {
        "text": "rural: 98.8% of population"
      },
      "improved: total": {
        "text": "total: 99.4% of population"
      },
      "unimproved: urban": {
        "text": "urban: 0.3% of population"
      },
      "unimproved: rural": {
        "text": "rural: 1.2% of population"
      },
      "unimproved: total": {
        "text": "total: 0.6% of population (2020 est.)"
      }
    },
    "Obesity - adult prevalence rate": {
      "text": "21.8% (2016)"
    },
    "Alcohol consumption per capita": {
      "total": {
        "text": "9.59 liters of pure alcohol (2019 est.)"
      },
      "beer": {
        "text": "2.85 liters of pure alcohol (2019 est.)"
      },
      "wine": {
        "text": "2.72 liters of pure alcohol (2019 est.)"
      },
      "spirits": {
        "text": "4.02 liters of pure alcohol (2019 est.)"
      },
      "other alcohols": {
        "text": "0 liters of pure alcohol (2019 est.)"
      }
    },
    "Tobacco use": {
      "total": {
        "text": "35.1% (2020 est.)"
      },
      "male": {
        "text": "47% (2020 est.)"
      },
      "female": {
        "text": "23.2% (2020 est.)"
      }
    },
    "Children under the age of 5 years underweight": {
      "text": "NA"
    },
    "Currently married women (ages 15-49)": {
      "text": "54.5% (2023 est.)"
    },
    "Education expenditures": {
      "text": "6.1% of GDP (2020 est.)"
    },
    "Literacy": {
      "definition": {
        "text": "age 15 and over can read and write"
      },
      "total population": {
        "text": "99.4%"
      },
      "male": {
        "text": "99.6%"
      },
      "female": {
        "text": "99.2% (2021)"
      }
    },
    "School life expectancy (primary to tertiary education)": {
      "total": {
        "text": "16 years"
      },
      "male": {
        "text": "16 years"
      },
      "female": {
        "text": "16 years (2020)"
      }
    },
    "People - note": {
      "text": "demographic data for Cyprus represent the population of the government-controlled area and the area administered by Turkish Cypriots, unless otherwise indicated"
    }
  },
  "Environment": {
    "Environment - current issues": {
      "text": "water resource problems (no natural reservoir catchments, seasonal disparity in rainfall, sea water intrusion to island's largest aquifer, increased salination in the north); water pollution from sewage, industrial wastes, and pesticides; coastal degradation; erosion; loss of wildlife habitats from urbanization"
    },
    "Environment - international agreements": {
      "party to": {
        "text": "Air Pollution, Air Pollution-Heavy Metals, Air Pollution-Multi-effect Protocol, Air Pollution-Nitrogen Oxides, Air Pollution-Persistent Organic Pollutants, Air Pollution-Sulphur 94, Biodiversity, Climate Change, Climate Change-Kyoto Protocol, Climate Change-Paris Agreement, Comprehensive Nuclear Test Ban, Desertification, Endangered Species, Environmental Modification, Hazardous Wastes, Law of the Sea, Marine Dumping-London Convention, Nuclear Test Ban, Ozone Layer Protection, Ship Pollution, Tropical Timber 2006, Wetlands, Whaling"
      },
      "signed, but not ratified": {
        "text": "none of the selected agreements"
      }
    },
    "Climate": {
      "text": "temperate; Mediterranean with hot, dry summers and cool winters"
    },
    "Land use": {
      "agricultural land": {
        "text": "13.4% (2018 est.)"
      },
      "agricultural land: arable land": {
        "text": "arable land: 9.8% (2018 est.)"
      },
      "agricultural land: permanent crops": {
        "text": "permanent crops: 3.2% (2018 est.)"
      },
      "agricultural land: permanent pasture": {
        "text": "permanent pasture: 0.4% (2018 est.)"
      },
      "forest": {
        "text": "18.8% (2018 est.)"
      },
      "other": {
        "text": "67.8% (2018 est.)"
      }
    },
    "Urbanization": {
      "urban population": {
        "text": "67% of total population (2023)"
      },
      "rate of urbanization": {
        "text": "0.76% annual rate of change (2020-25 est.)"
      }
    },
    "Revenue from forest resources": {
      "text": "0% of GDP (2018 est.)"
    },
    "Revenue from coal": {
      "text": "0% of GDP (2018 est.)"
    },
    "Air pollutants": {
      "particulate matter emissions": {
        "text": "14.52 micrograms per cubic meter (2019 est.)"
      },
      "carbon dioxide emissions": {
        "text": "6.63 megatons (2016 est.)"
      },
      "methane emissions": {
        "text": "0.86 megatons (2020 est.)"
      }
    },
    "Waste and recycling": {
      "municipal solid waste generated annually": {
        "text": "541,000 tons (2015 est.)"
      },
      "municipal solid waste recycled annually": {
        "text": "72,007 tons (2015 est.)"
      },
      "percent of municipal solid waste recycled": {
        "text": "13.3% (2015 est.)"
      }
    },
    "Total water withdrawal": {
      "municipal": {
        "text": "100 million cubic meters (2020 est.)"
      },
      "industrial": {
        "text": "20 million cubic meters (2020 est.)"
      },
      "agricultural": {
        "text": "170 million cubic meters (2020 est.)"
      }
    },
    "Total renewable water resources": {
      "text": "780 million cubic meters (2020 est.)"
    },
    "Geoparks": {
      "total global geoparks and regional networks": {
        "text": "1"
      },
      "global geoparks and regional networks": {
        "text": "Troodos (2023)"
      }
    }
  },
  "Government": {
    "Country name": {
      "conventional long form": {
        "text": "Republic of Cyprus"
      },
      "conventional short form": {
        "text": "Cyprus"
      },
      "local long form": {
        "text": "Kypriaki Dimokratia (Greek)/ Kibris Cumhuriyeti (Turkish)"
      },
      "local short form": {
        "text": "Kypros (Greek)/ Kibris (Turkish)"
      },
      "etymology": {
        "text": "the derivation of the name \"Cyprus\" is unknown, but the extensive mining of copper metal on the island in antiquity gave rise to the Latin word \"cuprum\" for copper"
      },
      "note": "<strong>note:</strong> the Turkish Cypriot community, which administers the northern part of the island, refers to itself as the \"Turkish Republic of Northern Cyprus\" or \"TRNC\" (\"Kuzey Kibris Turk Cumhuriyeti\" or \"KKTC\")"
    },
    "Government type": {
      "text": "Republic of Cyprus - presidential republic; self-declared \"Turkish Republic of Northern Cyprus\" (TRNC) - parliamentary republic with enhanced presidency",
      "note": "<strong>note:</strong> a separation of the two main ethnic communities inhabiting the island began following the outbreak of communal strife in 1963; this separation was further solidified when a Greek military-junta-supported coup attempt prompted the Turkish military intervention in July 1974 that gave the Turkish Cypriots de facto control in the north; Greek Cypriots control the only internationally recognized government on the island; on 15 November 1983, then Turkish Cypriot \"President\" Rauf DENKTAS declared independence and the formation of the \"TRNC,” which is recognized only by Turkey"
    },
    "Capital": {
      "name": {
        "text": "Nicosia (Lefkosia/Lefkosa)"
      },
      "geographic coordinates": {
        "text": "35 10 N, 33 22 E"
      },
      "time difference": {
        "text": "UTC+2 (7 hours ahead of Washington, DC, during Standard Time)"
      },
      "daylight saving time": {
        "text": "+1hr, begins last Sunday in March; ends last Sunday in October"
      },
      "etymology": {
        "text": "may have been named after Nike, the Greek goddess of victory; the Greek name for the city, Lefkosia, and the Turkish name, Lefkosa, both mean \"White City\""
      }
    },
    "Administrative divisions": {
      "text": "6 districts; Ammochostos (Famagusta; all but a small part located in the Turkish Cypriot community), Keryneia (Kyrenia; the only district located entirely in the Turkish Cypriot community), Larnaka (Larnaca; with a small part located in the Turkish Cypriot community), Lefkosia (Nicosia; a small part administered by Turkish Cypriots), Lemesos (Limassol), Pafos (Paphos); note - the 5 \"districts\" of the \"Turkish Republic of Northern Cyprus\" are Gazimagusa (Famagusta), Girne (Kyrenia), Guzelyurt (Morphou), Iskele (Trikomo), Lefkosa (Nicosia)"
    },
    "Independence": {
      "text": "16 August 1960 (from the UK); note - Turkish Cypriots proclaimed self-rule on 13 February 1975 and independence in 1983, but these proclamations are recognized only by Turkey"
    },
    "National holiday": {
      "text": "Independence Day, 1 October (1960); note - Turkish Cypriots celebrate 15 November (1983) as \"Republic Day\""
    },
    "Legal system": {
      "text": "mixed legal system of English common law and civil law with European law supremacy"
    },
    "Constitution": {
      "history": {
        "text": "ratified 16 August 1960; note - in 1963, the constitution was partly suspended as Turkish Cypriots withdrew from the government; Turkish-held territory in 1983 was declared the \"Turkish Republic of Northern Cyprus\" (\"TRNC\"); in 1985, the \"TRNC\" approved its own constitution"
      },
      "amendments": {
        "text": "constitution of the Republic of Cyprus - proposed by the House of Representatives; passage requires at least two-thirds majority vote of the total membership of the \"Greek Community\" and the \"Turkish Community\"; however, all seats of Turkish Cypriot members have remained vacant since 1964; amended many times, last in 2020;<br>constitution of the “Turkish Republic of Northern Cyprus” - proposed by at least 10 members of the \"Assembly of the Republic\"; passage requires at least two-thirds majority vote of the total Assembly membership and approval by referendum; amended 2014"
      }
    },
    "International law organization participation": {
      "text": "accepts compulsory ICJ jurisdiction with reservations; accepts ICCt jurisdiction"
    },
    "Citizenship": {
      "citizenship by birth": {
        "text": "no"
      },
      "citizenship by descent only": {
        "text": "at least one parent must be a citizen of Cyprus"
      },
      "dual citizenship recognized": {
        "text": "yes"
      },
      "residency requirement for naturalization": {
        "text": "7 years"
      }
    },
    "Suffrage": {
      "text": "18 years of age; universal"
    },
    "Executive branch": {
      "chief of state": {
        "text": "President Nikos CHRISTODOULIDIS (since 28 February 2023)"
      },
      "head of government": {
        "text": "President Nikos CHRISTODOULIDIS (since 28 February 2023)"
      },
      "cabinet": {
        "text": "Council of Ministers appointed by the president; note - under the 1960 constitution, 3 of the ministerial posts reserved for Turkish Cypriots, appointed by the vice president; positions currently filled by Greek Cypriots"
      },
      "elections/appointments": {
        "text": "president directly elected by absolute majority popular vote in 2 rounds if needed for a 5-year term (limited to 2 consecutive terms); election last held on held 5 February 2023 with a runoff on 12 February 2023 (next to be held in 2028)"
      },
      "election results": {
        "text": "<em><br>2023: </em>Nikos CHRISTODOULIDIS elected president in second round; percent of vote in first round - Nikos CHRISTODOULIDIS (independent) 32%, Andreas MAVROGIANNIS (independent) 29.6%, Averof NEOFYTOU (DISY) 26.1%, Christos CHRISTOU (ELAM) 6%, other 6.3%; percent of vote in second round - Nikos CHRISTODOULIDS 52%, Andreas MAVROGIANNIS 48%<em><br><br>2018: </em>Nikos ANASTASIADIS reelected president in second round; percent of vote in first round - Nikos ANASTASIADIS (DISY) 35.5%, Stavros MALAS (AKEL) 30.2%, Nicolas PAPADOPOULOS (DIKO) 25.7%, other 8.6%; percent of vote in second round - Nikos ANASTASIADIS 56%, Stavros MALAS 44%"
      },
      "note": "<strong>note:</strong> vice presidency reserved for a Turkish Cypriot, but the post has been vacant since 1974 because Turkish Cypriots do not participate in the Republic of Cyprus Government"
    },
    "Legislative branch": {
      "legislature name": {
        "text": "House of Representatives (Vouli Antiprosopon)"
      },
      "legislative structure": {
        "text": "unicameral"
      },
      "number of seats": {
        "text": "80 (all directly elected)"
      },
      "electoral system": {
        "text": "proportional representation"
      },
      "scope of elections": {
        "text": "full renewal"
      },
      "term in office": {
        "text": "5 years"
      },
      "most recent election date": {
        "text": "5/30/2021"
      },
      "parties elected and seats per party": {
        "text": "Democratic Rally (DISY) (17); Progressive Party of the Working People (AKEL) (15); Democratic Party (DIKO) (9); National Popular Front (ELAM) (4); Movement of Social Democrats (EDEK) (4); Democratic Alignment (DIPA) (4); Cyprus Green Party (KOP) (3)"
      },
      "percentage of women in chamber": {
        "text": "14.3%"
      },
      "expected date of next election": {
        "text": "May 2026"
      },
      "note": "<strong>note:</strong> the area of Cyprus that Turkish Cypriots administer has a separate unicameral Assembly of the Republic, or Cumhuriyet Meclisi (50 seats); members are directly elected in multi-seat constituencies by proportional representation vote"
    },
    "Judicial branch": {
      "highest court(s)": {
        "text": "Supreme Court of Cyprus (consists of 13 judges, including the court president); note - the highest court in the \"TRNC\" is the \"Supreme Court\" (consists of 8 \"judges,\" including the \"court president\")"
      },
      "judge selection and term of office": {
        "text": "Republic of Cyprus Supreme Court judges appointed by the president of the republic upon the recommendation of the Supreme Court judges; judges can serve until age 68; \"TRNC Supreme Court\" judges appointed by the \"Supreme Council of Judicature,\" a 12-member body of judges, the attorney general, appointees by the president of the \"TRNC,\" and by the \"Legislative Assembly,\" and members elected by the bar association; judge tenure NA"
      },
      "subordinate courts": {
        "text": "Republic of Cyprus district courts; Assize Courts; Administrative Court; specialized courts for issues relating to family, industrial disputes, the military, and rent control; \"TRNC Assize Courts\"; \"district and family courts\""
      }
    },
    "Political parties": {
      "text": "<strong>area under government control:</strong> <br>Democratic Front or DIPA <br>Democratic Party or DIKO<br>Democratic Rally or DISY <br>Movement of Ecologists - Citizens' Alliance <br>Movement of Social Democrats EDEK<br>National Popular Front or ELAM <br>Progressive Party of the Working People or AKEL (Communist Party) <br>Solidarity Movement<br><br><strong>area administered by Turkish Cypriots:</strong> <br>Communal Democracy Party or TDP<br>Communal Liberation Party - New Forces or TKP-YG<br>Cyprus Socialist Party or KSP<br>Democratic Party or DP<br>National Democratic Party or NDP<br>National Unity Party or UBP <br>New Cyprus Party or YKP<br>People's Party or HP <br>Rebirth Party or YDP<br>Republican Turkish Party or CTP<br>United Cyprus Party or BKP"
    },
    "International organization participation": {
      "text": "Australia Group, C, CD, CE, EBRD, ECB, EIB, EMU, EU, FAO, IAEA, IBRD, ICAO, ICC (national committees), ICCt, ICRM, IDA, IFAD, IFC, IFRCS, IHO, ILO, IMF, IMO, IMSO, Interpol, IOC, IOM, IPU, ISO, ITSO, ITU, ITUC (NGOs), MIGA, NAM, NSG, OAS (observer), OIF, OPCW, OSCE, PCA, UN, UNCTAD, UNESCO, UNHCR, UNIDO, UNIFIL, UNOOSA, UNWTO, UPU, WCO, WFTU (NGOs), WHO, WIPO, WMO, WTO"
    },
    "Diplomatic representation in the US": {
      "chief of mission": {
        "text": "Ambassador Evangelos SAVVA (since 15 September 2023)"
      },
      "chancery": {
        "text": "2211 R Street NW, Washington, DC 20008"
      },
      "telephone": {
        "text": "[1] (202) 462-5772"
      },
      "FAX": {
        "text": "[1] (202) 483-6710"
      },
      "email address and website": {
        "text": "<br>info@cyprusembassy.net<br><br>https://www.cyprusembassy.net/"
      },
      "consulate(s) general": {
        "text": "New York"
      },
      "honorary consulate(s)": {
        "text": "Atlanta, Chicago, Houston, Kirkland (WA), Los Angeles, New Orleans, San Francisco"
      }
    },
    "Diplomatic representation from the US": {
      "chief of mission": {
        "text": "Ambassador Julie D. FISHER (since 21 February 2023)"
      },
      "embassy": {
        "text": "Metochiou and Ploutarchou Street, 2407, Engomi, Nicosia"
      },
      "mailing address": {
        "text": "5450 Nicosia Place, Washington DC&nbsp; 20521-5450"
      },
      "telephone": {
        "text": "[357] (22) 393939"
      },
      "FAX": {
        "text": "[357] (22) 780944"
      },
      "email address and website": {
        "text": "<br>ACSNicosia@state.gov<br><br>https://cy.usembassy.gov/"
      }
    },
    "Flag description": {
      "text": "centered on a white field is a copper-colored silhouette of the island (the island has long been famous for its copper deposits) above two olive-green-colored, crossed olive branches; the branches symbolize the hope for peace and reconciliation between the Greek and Turkish communities",
      "note": "<strong>note:</strong> one of only two national flags that uses a map as a design element; the flag of Kosovo is the other<br><br><strong>note:</strong> the \"Turkish Republic of Northern Cyprus\" flag retains the white field of the Cyprus national flag but displays narrow horizontal red stripes positioned a small distance from the top and bottom edges between which are centered a red crescent and a red five-pointed star; the banner is modeled after the Turkish national flag but with the colors reversed"
    },
    "National symbol(s)": {
      "text": "Cypriot mouflon (wild sheep), white dove; national colors: blue, white"
    },
    "National anthem": {
      "name": {
        "text": "\"Ymnos eis tin Eleftherian\" (Hymn to Liberty)"
      },
      "lyrics/music": {
        "text": "Dionysios SOLOMOS/Nikolaos MANTZAROS"
      },
      "note": "<strong>note:</strong> adopted 1960; Cyprus adopted the Greek national anthem as its own; the Turkish Cypriot community in Cyprus uses the anthem of Turkey"
    },
    "National heritage": {
      "total World Heritage Sites": {
        "text": "3 (all cultural)"
      },
      "selected World Heritage Site locales": {
        "text": "Paphos; Painted Churches in the Troodos Region; Choirokoitia"
      }
    }
  },
  "Economy": {
    "Economic overview": {
      "text": "services-based, high-income EU island economy; heavy tourism; sustained growth between recovery of national banking system and COVID-19 trade restrictions; high living standards; a known financial hub, its stock exchange functions as an investment bridge between EU-and EEU-member countries",
      "note": "<strong>note: </strong>Even though the whole of the island is part of the EU, implementation of the EU \"acquis communautaire\" has been suspended in the area administered by Turkish Cypriots, known locally as the Turkish Republic of Northern Cyprus, until political conditions permit the reunification of the island. Its market-based economy is roughly one-fifth the size of its southern neighbor and is likewise dominated by the service sector with a large portion of the population employed by the government. Manufacturing is limited mainly to food and beverages, furniture and fixtures, construction materials, metal and non-metal products, textiles and clothing. Little trade exists with the Republic of Cyprus outside of construction, historically relying heavily upon Turkey for financial aid, defense, telecommunications, utilities, and postal services. The Turkish Lira is the preferred currency, though foreign currencies are widely accepted in business transactions."
    },
    "Real GDP (purchasing power parity)": {
      "Real GDP (purchasing power parity) 2023": {
        "text": "$49.526 billion (2023 est.)"
      },
      "Real GDP (purchasing power parity) 2022": {
        "text": "$48.266 billion (2022 est.)"
      },
      "Real GDP (purchasing power parity) 2021": {
        "text": "$44.955 billion (2021 est.)"
      },
      "note": "<b>note:</b> data in 2021 dollars"
    },
    "Real GDP growth rate": {
      "Real GDP growth rate 2023": {
        "text": "2.61% (2023 est.)"
      },
      "Real GDP growth rate 2022": {
        "text": "7.37% (2022 est.)"
      },
      "Real GDP growth rate 2021": {
        "text": "9.91% (2021 est.)"
      },
      "note": "<b>note:</b> annual GDP % growth based on constant local currency"
    },
    "Real GDP per capita": {
      "Real GDP per capita 2023": {
        "text": "$53,400 (2023 est.)"
      },
      "Real GDP per capita 2022": {
        "text": "$52,900 (2022 est.)"
      },
      "Real GDP per capita 2021": {
        "text": "$49,900 (2021 est.)"
      },
      "note": "<b>note:</b> data in 2021 dollars"
    },
    "GDP (official exchange rate)": {
      "text": "$33.887 billion (2023 est.)",
      "note": "<b>note:</b> data in current dollars at official exchange rate"
    },
    "Inflation rate (consumer prices)": {
      "Inflation rate (consumer prices) 2023": {
        "text": "3.54% (2023 est.)"
      },
      "Inflation rate (consumer prices) 2022": {
        "text": "8.4% (2022 est.)"
      },
      "Inflation rate (consumer prices) 2021": {
        "text": "2.45% (2021 est.)"
      },
      "note": "<b>note:</b> annual % change based on consumer prices"
    },
    "Credit ratings": {
      "Fitch rating": {
        "text": "BBB- (2018)"
      },
      "Moody's rating": {
        "text": "Ba2 (2018)"
      },
      "Standard & Poors rating": {
        "text": "BBB- (2018)"
      },
      "note": "<strong>note: </strong>The year refers to the year in which the current credit rating was first obtained."
    },
    "GDP - composition, by sector of origin": {
      "agriculture": {
        "text": "1.2% (2023 est.)"
      },
      "industry": {
        "text": "10.5% (2023 est.)"
      },
      "services": {
        "text": "76.6% (2023 est.)"
      },
      "note": "<b>note:</b> figures may not total 100% due to non-allocated consumption not captured in sector-reported data"
    },
    "GDP - composition, by end use": {
      "household consumption": {
        "text": "59.7% (2023 est.)"
      },
      "government consumption": {
        "text": "18.6% (2023 est.)"
      },
      "investment in fixed capital": {
        "text": "21.2% (2023 est.)"
      },
      "investment in inventories": {
        "text": "-0.7% (2023 est.)"
      },
      "exports of goods and services": {
        "text": "97% (2023 est.)"
      },
      "imports of goods and services": {
        "text": "-95.8% (2023 est.)"
      },
      "note": "<b>note:</b> figures may not total 100% due to rounding or gaps in data collection"
    },
    "Agricultural products": {
      "text": "milk, potatoes, sheep milk, pork, goat milk, wheat, chicken, barley, grapes, olives (2022)",
      "note": "<b>note:</b> top ten agricultural products based on tonnage"
    },
    "Industries": {
      "text": "tourism, food and beverage processing, cement and gypsum, ship repair and refurbishment, textiles, light chemicals, metal products, wood, paper, stone and clay products",
      "note": "<strong>note:</strong> area administered by Turkish Cypriots - foodstuffs, textiles, clothing, ship repair, clay, gypsum, copper, furniture"
    },
    "Industrial production growth rate": {
      "text": "3.11% (2023 est.)",
      "note": "<b>note:</b> annual % change in industrial value added based on constant local currency"
    },
    "Labor force": {
      "text": "738,000 (2023 est.)",
      "note": "<b>note:</b> number of people ages 15 or older who are employed or seeking work"
    },
    "Unemployment rate": {
      "Unemployment rate 2023": {
        "text": "5.96% (2023 est.)"
      },
      "Unemployment rate 2022": {
        "text": "6.81% (2022 est.)"
      },
      "Unemployment rate 2021": {
        "text": "7.51% (2021 est.)"
      },
      "note": "<b>note:</b> % of labor force seeking employment"
    },
    "Youth unemployment rate (ages 15-24)": {
      "total": {
        "text": "17.5% (2023 est.)"
      },
      "male": {
        "text": "19.6% (2023 est.)"
      },
      "female": {
        "text": "15.1% (2023 est.)"
      },
      "note": "<b>note:</b> % of labor force ages 15-24 seeking employment"
    },
    "Population below poverty line": {
      "text": "13.9% (2021 est.)",
      "note": "<b>note:</b> % of population with income below national poverty line"
    },
    "Gini Index coefficient - distribution of family income": {
      "Gini Index coefficient - distribution of family income 2021": {
        "text": "31.3 (2021 est.)"
      },
      "note": "<b>note:</b> index (0-100) of income distribution; higher values represent greater inequality"
    },
    "Household income or consumption by percentage share": {
      "lowest 10%": {
        "text": "3.5% (2021 est.)"
      },
      "highest 10%": {
        "text": "25.7% (2021 est.)"
      },
      "note": "<b>note:</b> % share of income accruing to lowest and highest 10% of population"
    },
    "Remittances": {
      "Remittances 2023": {
        "text": "1.83% of GDP (2023 est.)"
      },
      "Remittances 2022": {
        "text": "1.69% of GDP (2022 est.)"
      },
      "Remittances 2021": {
        "text": "2.06% of GDP (2021 est.)"
      },
      "note": "<b>note:</b> personal transfers and compensation between resident and non-resident individuals/households/entities"
    },
    "Budget": {
      "revenues": {
        "text": "$11.644 billion (2022 est.)"
      },
      "expenditures": {
        "text": "$10.765 billion (2022 est.)"
      },
      "note": "<b>note:</b> central government revenues (excluding grants) and expenses converted to US dollars at average official exchange rate for year indicated"
    },
    "Public debt": {
      "Public debt 2017": {
        "text": "97.5% of GDP (2017 est.)"
      },
      "note": "<strong>note:</strong> data cover general government debt and include debt instruments issued (or owned) by government entities other than the treasury; the data include treasury debt held by foreign entities; the data exclude debt issued by subnational entities, as well as intragovernmental debt; intragovernmental debt consists of treasury borrowings from surpluses in the social funds, such as for retirement, medical care, and unemployment"
    },
    "Taxes and other revenues": {
      "text": "23.33% (of GDP) (2022 est.)",
      "note": "<b>note:</b> central government tax revenue as a % of GDP"
    },
    "Current account balance": {
      "Current account balance 2023": {
        "text": "-$3.886 billion (2023 est.)"
      },
      "Current account balance 2022": {
        "text": "-$2.357 billion (2022 est.)"
      },
      "Current account balance 2021": {
        "text": "-$1.812 billion (2021 est.)"
      },
      "note": "<b>note:</b> balance of payments - net trade and primary/secondary income in current dollars"
    },
    "Exports": {
      "Exports 2023": {
        "text": "$28.808 billion (2023 est.)"
      },
      "Exports 2022": {
        "text": "$27.72 billion (2022 est.)"
      },
      "Exports 2021": {
        "text": "$26.303 billion (2021 est.)"
      },
      "note": "<b>note:</b> balance of payments - exports of goods and services in current dollars"
    },
    "Exports - partners": {
      "text": "Hong Kong 10%, Greece 10%, Lebanon 7%, UK 6%, Liberia 5% (2022)",
      "note": "<b>note:</b> top five export partners based on percentage share of exports"
    },
    "Exports - commodities": {
      "text": "ships, refined petroleum, packaged medicine, cheese, scented mixtures (2022)",
      "note": "<b>note:</b> top five export commodities based on value in dollars"
    },
    "Imports": {
      "Imports 2023": {
        "text": "$29.091 billion (2023 est.)"
      },
      "Imports 2022": {
        "text": "$27.658 billion (2022 est.)"
      },
      "Imports 2021": {
        "text": "$25.164 billion (2021 est.)"
      },
      "note": "<b>note:</b> balance of payments - imports of goods and services in current dollars"
    },
    "Imports - partners": {
      "text": "Greece 19%, Turkey 12%, Italy 9%, China 9%, Israel 5% (2022)",
      "note": "<b>note:</b> top five import partners based on percentage share of imports"
    },
    "Imports - commodities": {
      "text": "refined petroleum, ships, cars, packaged medicine, garments (2022)",
      "note": "<b>note:</b> top five import commodities based on value in dollars"
    },
    "Reserves of foreign exchange and gold": {
      "Reserves of foreign exchange and gold 2023": {
        "text": "$1.789 billion (2023 est.)"
      },
      "Reserves of foreign exchange and gold 2022": {
        "text": "$1.671 billion (2022 est.)"
      },
      "Reserves of foreign exchange and gold 2021": {
        "text": "$1.611 billion (2021 est.)"
      },
      "note": "<b>note:</b> holdings of gold (year-end prices)/foreign exchange/special drawing rights in current dollars"
    },
    "Exchange rates": {
      "Currency": {
        "text": "euros (EUR) per US dollar -"
      },
      "Exchange rates 2023": {
        "text": "0.925 (2023 est.)"
      },
      "Exchange rates 2022": {
        "text": "0.95 (2022 est.)"
      },
      "Exchange rates 2021": {
        "text": "0.845 (2021 est.)"
      },
      "Exchange rates 2020": {
        "text": "0.876 (2020 est.)"
      },
      "Exchange rates 2019": {
        "text": "0.893 (2019 est.)"
      }
    }
  },
  "Energy": {
    "Electricity access": {
      "electrification - total population": {
        "text": "100% (2022 est.)"
      }
    },
    "Electricity": {
      "installed generating capacity": {
        "text": "2.145 million kW (2022 est.)"
      },
      "consumption": {
        "text": "5.024 billion kWh (2022 est.)"
      },
      "transmission/distribution losses": {
        "text": "236.617 million kWh (2022 est.)"
      }
    },
    "Electricity generation sources": {
      "fossil fuels": {
        "text": "83.3% of total installed capacity (2022 est.)"
      },
      "solar": {
        "text": "11.5% of total installed capacity (2022 est.)"
      },
      "wind": {
        "text": "4.3% of total installed capacity (2022 est.)"
      },
      "biomass and waste": {
        "text": "1% of total installed capacity (2022 est.)"
      }
    },
    "Coal": {
      "consumption": {
        "text": "53,000 metric tons (2022 est.)"
      },
      "exports": {
        "text": "71.6 metric tons (2022 est.)"
      },
      "imports": {
        "text": "78,000 metric tons (2022 est.)"
      }
    },
    "Petroleum": {
      "refined petroleum consumption": {
        "text": "45,000 bbl/day (2022 est.)"
      }
    },
    "Carbon dioxide emissions": {
      "total emissions": {
        "text": "6.713 million metric tonnes of CO2 (2022 est.)"
      },
      "from coal and metallurgical coke": {
        "text": "118,000 metric tonnes of CO2 (2022 est.)"
      },
      "from petroleum and other liquids": {
        "text": "6.595 million metric tonnes of CO2 (2022 est.)"
      }
    },
    "Energy consumption per capita": {
      "Total energy consumption per capita 2022": {
        "text": "106.317 million Btu/person (2022 est.)"
      }
    }
  },
  "Communications": {
    "Telephones - fixed lines": {
      "total subscriptions": {
        "text": "270,000 (2023 est.)"
      },
      "subscriptions per 100 inhabitants": {
        "text": "29 (2023 est.)"
      }
    },
    "Telephones - mobile cellular": {
      "total subscriptions": {
        "text": "1.43 million (2023 est.)"
      },
      "subscriptions per 100 inhabitants": {
        "text": "149 (2021 est.)"
      }
    },
    "Telecommunication systems": {
      "general assessment": {
        "text": "Cyprus suffered from the effects of the pandemic in 2020 and 2021, when the tourism sector was essentially closed; during 2022, there were adverse effects caused by Russia&rsquo;s invasion of Ukraine, which has resulted in a dramatic drop in the number of Russian tourists entering the country; the mobile market is served by four mobile network operators; the number of mobile subscribers fell in 2020, largely the result of subscribers scaling back on multiple SIM cards as an economic measure; the broadband market continues to develop steadily, providing the country with one of the highest broadband penetration rates in the region; DSL remains the dominant access platform, accounting for about two-thirds of fixed broadband connections; although fiber infrastructure in Cyprus is minimal (supported by the government and regulator) to extend an FttP service to about 200,000 premises; as a result, the number of DSL subscribers is set to fall steadily in coming years as customers are migrated to the fiber platform (2023)"
      },
      "domestic": {
        "text": "fixed-line about 34 per 100 and about 149 per 100 for mobile-cellular teledensity (2021)"
      },
      "international": {
        "text": "country code - 357 (area administered by Turkish Cypriots uses the country code of Turkey - 90); a number of submarine cables, including the SEA-ME-WE-3, CADMOS, MedNautilus Submarine System, POSEIDON, TE North/TGN-Eurasia/SEACOM/Alexandros/Medes, UGARIT, Aphrodite2, Hawk, Lev Submarine System, and Tamares combine to provide connectivity to&nbsp;Europe, the Middle East, Africa, Asia, Australia, and Southeast Asia; Turcyos-1 and Turcyos-2 submarine cable in Turkish North Cyprus link to Turkey; tropospheric scatter; satellite earth stations - 8 (3 Intelsat - 1 Atlantic Ocean and 2 Indian Ocean, 2 Eutelsat, 2 Intersputnik, and 1 Arabsat) (2019)"
      }
    },
    "Broadcast media": {
      "text": "mixture of state and privately run TV and radio services; the public broadcaster operates 2 TV channels and 4 radio stations; 6 private TV broadcasters, satellite and cable TV services including telecasts from Greece and Turkey, and a number of private radio stations are available; in areas administered by Turkish Cypriots, there are 2 public TV stations, 4 public radio stations, and 7 privately owned TV and 21 radio broadcast stations plus 6 radio and 4 TV channels of local universities, plus 1 radio station of military, security forces and 1 radio station of civil defense cooperation, as well as relay stations from Turkey (2019)"
    },
    "Internet country code": {
      "text": ".cy"
    },
    "Internet users": {
      "percent of population": {
        "text": "91% (2023 est.)"
      }
    },
    "Broadband - fixed subscriptions": {
      "total": {
        "text": "357,000 (2023 est.)"
      },
      "subscriptions per 100 inhabitants": {
        "text": "39 (2023 est.)"
      }
    }
  },
  "Transportation": {
    "National air transport system": {
      "number of registered air carriers": {
        "text": "2 (2020)"
      },
      "inventory of registered aircraft operated by air carriers": {
        "text": "6"
      },
      "annual passenger traffic on registered air carriers": {
        "text": "401,408 (2018)"
      },
      "annual freight traffic on registered air carriers": {
        "text": "20,000 (2018) mt-km"
      }
    },
    "Civil aircraft registration country code prefix": {
      "text": "5B"
    },
    "Airports": {
      "text": "13 (2024)"
    },
    "Heliports": {
      "text": "69 (2024)"
    },
    "Roadways": {
      "total": {
        "text": "13,027 km (2022)"
      },
      "Turkish Cypriot control": {
        "text": "7,000 km (2011)"
      }
    },
    "Merchant marine": {
      "total": {
        "text": "1,005 (2023)"
      },
      "by type": {
        "text": "bulk carrier 243, container ship 154, general cargo 211, oil tanker 47, other 350"
      }
    },
    "Ports": {
      "total ports": {
        "text": "6 (2024)"
      },
      "large": {
        "text": "0"
      },
      "medium": {
        "text": "0"
      },
      "small": {
        "text": "3"
      },
      "very small": {
        "text": "3"
      },
      "ports with oil terminals": {
        "text": "4"
      },
      "key ports": {
        "text": "Dhekelia, Famagusta, Kyrenia, Larnaca, Limassol, Xeros"
      }
    }
  },
  "Military and Security": {
    "Military and security forces": {
      "text": "Republic of Cyprus: Cypriot National Guard (Ethniki Froura, EF; includes Army Land Forces, Naval Command, Air Command) (2024)"
    },
    "Military expenditures": {
      "Military Expenditures 2023": {
        "text": "1.8% of GDP (2023 est.)"
      },
      "Military Expenditures 2022": {
        "text": "1.8% of GDP (2022)"
      },
      "Military Expenditures 2021": {
        "text": "1.8% of GDP (2021)"
      },
      "Military Expenditures 2020": {
        "text": "1.8% of GDP (2020)"
      },
      "Military Expenditures 2019": {
        "text": "1.6% of GDP (2019)"
      }
    },
    "Military and security service personnel strengths": {
      "text": "approximately 12-15,000 active-duty personnel (2024)"
    },
    "Military equipment inventories and acquisitions": {
      "text": "the military's inventory includes a large quantity of Russian and Soviet-era weapons and equipment along with a smaller mix of mostly older Brazilian, European, Israeli, and US armaments; in 2023, Cyprus announced a 5-year modernization program to replace its Russian-made weapon systems with modern equipment from the West; the country had been under an arms embargo by the US since 1987 but the embargo was lifted in 2022 with conditions that require certifying each year (2024)"
    },
    "Military service age and obligation": {
      "text": "Cypriot National Guard (CNG): 18-50 years of age for compulsory military service for all Greek Cypriot males; 17 years of age for voluntary service; 14-month service obligation (2023)",
      "note": "<strong>note:</strong> the CNG accepts all foreign nationals of at least partial Cypriot descent under age 32 as volunteers; dual citizenship Cypriot origin citizens, who were born in Cyprus or abroad, have the obligation to serve in the CNG on repatriation, regardless of whether or not they possess a foreign citizenship; a person is considered as having Cypriot origin where a grandparent or parent was/is a Cypriot citizen"
    },
    "Military - note": {
      "text": "established in 1964, the National Guard (EF) is responsible for ensuring Cyprus&rsquo;s territorial integrity and sovereignty; its primary focus is Turkey, which invaded Cyprus in 1974 and maintains a large military presence in the unrecognized Turkish Republic of Northern Cyprus; the majority of the force is deployed along the &ldquo;Green Line&rdquo; that separates the Greek Cypriots from the Turkish Cypriots; the EF also participates in some internal missions, such as providing assistance during natural disasters; Greece is its main security partner and maintains about 1,000 troops on Cyprus; the EF has conducted training exercises with other militaries including France, Israel, and the US; since Cyprus joined the EU in 2004, the EF has actively participated in the EU&rsquo;s Common Security and Defense Policy and has sent small numbers of personnel to some EU and missions; Cyprus is also part of the Organization for Security and Cooperation in Europe (2024)"
    }
  },
  "Terrorism": {
    "Terrorist group(s)": {
      "text": "Islamic State of Iraq and ash-Sham (ISIS)",
      "note": "<strong>note:</strong> details about the history, aims, leadership, organization, areas of operation, tactics, targets, weapons, size, and sources of support of the group(s) appear(s) in the Terrorism reference guide"
    }
  },
  "Transnational Issues": {
    "Refugees and internally displaced persons": {
      "refugees (country of origin)": {
        "text": "10,869 (Syria) (mid-year 2022); 17,270 (Ukraine) (as of 11 February 2024)"
      },
      "IDPs": {
        "text": "246,000 (both Turkish and Greek Cypriots; many displaced since 1974) (2022)"
      },
      "stateless persons": {
        "text": "74 (2022)"
      },
      "note": "<strong>note:</strong> 55,098 estimated refugee and migrant arrivals (January 2015-August 2023)"
    },
    "Illicit drugs": {
      "text": "<p>the ROC financial system is vulnerable to money laundering by domestic and foreign criminals; proceeds generated by illicit activity abroad pose a greater threat; primary sources of illicit proceeds are investment fraud, corruption, advance fee fraud, tax evasion, illegal drugs, and tobacco smuggling. Additionally, cybercrime, especially phishing, e-mail hacking, and ransomware use, continues to increase. Criminals have reportedly used ROC banks to launder proceeds, particularly from Russian and Ukrainian illicit activity.</p> <p> </p>"
    }
  }
}