{
  "Introduction": {
    "Background": {
      "text": "<p>Spain reluctantly ceded the strategically important Gibraltar to Great Britain in the 1713 Treaty of Utrecht, and the British garrison at Gibraltar was formally declared a colony in 1830. In a referendum held in 1967, Gibraltarians voted overwhelmingly to remain a British dependency. After the UK granted Gibraltar autonomy in 1969, Spain closed the border and severed all communication links. Between 1997 and 2002, the UK and Spain held a series of talks on establishing temporary joint sovereignty over Gibraltar. In response to these talks, the Gibraltar Government called a referendum in 2002 in which the majority of citizens voted overwhelmingly against sharing sovereignty with Spain. Since 2004, Spain, the UK, and Gibraltar have held tripartite talks to resolve problems that affect the local population, and work continues on cooperation agreements in areas such as taxation and financial services, communications and maritime security, legal and customs services, environmental protection, and education and visa services. A new noncolonial constitution came into force in 2007, and the European Court of First Instance recognized Gibraltar's right to regulate its own tax regime in 2008. The UK retains responsibility for defense, foreign relations, internal security, and financial stability.</p> <p>Spain and the UK continue to spar over the territory. In 2009, for example, a dispute over Gibraltar's claim to territorial waters extending out three miles gave rise to periodic non-violent maritime confrontations between Spanish and UK naval patrols. Spain renewed its demands for an eventual return of Gibraltar to Spanish control after the UK’s 2016 vote to leave the EU, but London has dismissed any connection between the vote and its sovereignty over Gibraltar. </p>"
    }
  },
  "Geography": {
    "Location": {
      "text": "Southwestern Europe, bordering the Strait of Gibraltar, which links the Mediterranean Sea and the North Atlantic Ocean, on the southern coast of Spain"
    },
    "Geographic coordinates": {
      "text": "36 08 N, 5 21 W"
    },
    "Map references": {
      "text": "Europe"
    },
    "Area": {
      "total ": {
        "text": "7 sq km"
      },
      "land": {
        "text": "6.5 sq km"
      },
      "water": {
        "text": "0 sq km"
      }
    },
    "Area - comparative": {
      "text": "more than 10 times the size of The National Mall in Washington, D.C."
    },
    "Land boundaries": {
      "total": {
        "text": "1.2 km"
      },
      "border countries": {
        "text": "Spain 1.2 km"
      }
    },
    "Coastline": {
      "text": "12 km"
    },
    "Maritime claims": {
      "territorial sea": {
        "text": "3 nm"
      }
    },
    "Climate": {
      "text": "Mediterranean with mild winters and warm summers"
    },
    "Terrain": {
      "text": "a narrow coastal lowland borders the Rock of Gibraltar"
    },
    "Elevation": {
      "highest point": {
        "text": "Rock of Gibraltar 426 m"
      },
      "lowest point": {
        "text": "Mediterranean Sea 0 m"
      }
    },
    "Natural resources": {
      "text": "none"
    },
    "Land use": {
      "agricultural land": {
        "text": "0% (2011 est.)"
      },
      "other": {
        "text": "100% (2018 est.)"
      }
    },
    "Irrigated land": {
      "text": "NA"
    },
    "Natural hazards": {
      "text": "occasional droughts; no streams or large bodies of water on the peninsula (all potable water comes from desalination)"
    },
    "Geography - note": {
      "text": "<p><strong>note 1:</strong> strategic location on Strait of Gibraltar that links the North Atlantic Ocean and Mediterranean Sea</p> <p><strong>note 2:</strong> one of only two British territories where traffic drives on the right, the other being the island of Diego Garcia in the British Indian Ocean Territory</p>"
    }
  },
  "People and Society": {
    "Population": {
      "total": {
        "text": "29,683"
      },
      "male": {
        "text": "14,919"
      },
      "female": {
        "text": "14,764 (2024 est.)"
      }
    },
    "Nationality": {
      "noun": {
        "text": "Gibraltarian(s)"
      },
      "adjective": {
        "text": "Gibraltar"
      }
    },
    "Ethnic groups": {
      "text": "Gibraltarian 79%, other British 13.2%, Spanish 2.1%, Moroccan 1.6%, other EU 2.4%, other 1.6% (2012 est.)",
      "note": "<strong>note:</strong> data represent population by nationality"
    },
    "Languages": {
      "text": "English (used in schools and for official purposes), Spanish, Italian, Portuguese"
    },
    "Religions": {
      "text": "Roman Catholic 72.1%, Church of England 7.7%, other Christian 3.8%, Muslim 3.6%, Jewish 2.4%, Hindu 2%, other 1.1%, none 7.1%, unspecified 0.1% (2012 est.)"
    },
    "Age structure": {
      "0-14 years": {
        "text": "20% (male 3,045/female 2,895)"
      },
      "15-64 years": {
        "text": "62.5% (male 9,383/female 9,179)"
      },
      "65 years and over": {
        "text": "17.5% (2024 est.) (male 2,491/female 2,690)"
      }
    },
    "Dependency ratios": {
      "total dependency ratio": {
        "text": "60.1"
      },
      "youth dependency ratio": {
        "text": "27.4"
      },
      "elderly dependency ratio": {
        "text": "32.7"
      },
      "potential support ratio": {
        "text": "3.1 (2021)"
      }
    },
    "Median age": {
      "total": {
        "text": "36.8 years (2024 est.)"
      },
      "male": {
        "text": "36.2 years"
      },
      "female": {
        "text": "37.5 years"
      }
    },
    "Population growth rate": {
      "text": "0.17% (2024 est.)"
    },
    "Birth rate": {
      "text": "13.7 births/1,000 population (2024 est.)"
    },
    "Death rate": {
      "text": "8.7 deaths/1,000 population (2024 est.)"
    },
    "Net migration rate": {
      "text": "-3.2 migrant(s)/1,000 population (2024 est.)"
    },
    "Urbanization": {
      "urban population": {
        "text": "100% of total population (2023)"
      },
      "rate of urbanization": {
        "text": "0.45% annual rate of change (2015-20 est.)"
      }
    },
    "Major urban areas - population": {
      "text": "35,000 GIBRALTAR (capital) (2018)"
    },
    "Sex ratio": {
      "at birth": {
        "text": "1.05 male(s)/female"
      },
      "0-14 years": {
        "text": "1.05 male(s)/female"
      },
      "15-64 years": {
        "text": "1.02 male(s)/female"
      },
      "65 years and over": {
        "text": "0.93 male(s)/female"
      },
      "total population": {
        "text": "1.01 male(s)/female (2024 est.)"
      }
    },
    "Infant mortality rate": {
      "total": {
        "text": "6 deaths/1,000 live births (2024 est.)"
      },
      "male": {
        "text": "6.8 deaths/1,000 live births"
      },
      "female": {
        "text": "5.2 deaths/1,000 live births"
      }
    },
    "Life expectancy at birth": {
      "total population": {
        "text": "80.9 years (2024 est.)"
      },
      "male": {
        "text": "78.1 years"
      },
      "female": {
        "text": "83.8 years"
      }
    },
    "Total fertility rate": {
      "text": "1.89 children born/woman (2024 est.)"
    },
    "Gross reproduction rate": {
      "text": "0.92 (2024 est.)"
    },
    "Contraceptive prevalence rate": {
      "text": "NA"
    },
    "Drinking water source": {
      "improved: urban": {
        "text": "urban: 100% of population"
      },
      "improved: rural": {
        "text": "rural: NA"
      },
      "improved: total": {
        "text": "total: 100% of population"
      },
      "unimproved: urban": {
        "text": "urban: 0% of population"
      },
      "unimproved: rural": {
        "text": "rural: NA"
      },
      "unimproved: total": {
        "text": "total: 0% of population (2020)"
      }
    },
    "Current health expenditure": {
      "text": "NA"
    },
    "Physician density": {
      "text": "NA"
    },
    "Sanitation facility access": {
      "improved: urban": {
        "text": "urban: 100% of population"
      },
      "improved: rural": {
        "text": "rural: NA"
      },
      "improved: total": {
        "text": "total: 100% of population"
      },
      "unimproved: urban": {
        "text": "urban: 0% of population"
      },
      "unimproved: rural": {
        "text": "rural: NA"
      },
      "unimproved: total": {
        "text": "total: 0% of population (2020)"
      }
    },
    "Children under the age of 5 years underweight": {
      "text": "NA"
    },
    "Currently married women (ages 15-49)": {
      "text": "40.7% (2023 est.)"
    },
    "Education expenditures": {
      "text": "NA"
    },
    "Literacy": {
      "total population": {
        "text": "NA"
      },
      "male": {
        "text": "NA"
      },
      "female": {
        "text": "NA"
      }
    }
  },
  "Environment": {
    "Environment - current issues": {
      "text": "limited natural freshwater resources: more than 90% of drinking water supplied by desalination, the remainder from stored rainwater; a separate supply of saltwater used for sanitary services"
    },
    "Climate": {
      "text": "Mediterranean with mild winters and warm summers"
    },
    "Land use": {
      "agricultural land": {
        "text": "0% (2011 est.)"
      },
      "other": {
        "text": "100% (2018 est.)"
      }
    },
    "Urbanization": {
      "urban population": {
        "text": "100% of total population (2023)"
      },
      "rate of urbanization": {
        "text": "0.45% annual rate of change (2015-20 est.)"
      }
    },
    "Air pollutants": {
      "carbon dioxide emissions": {
        "text": "0.63 megatons (2016 est.)"
      }
    },
    "Waste and recycling": {
      "municipal solid waste generated annually": {
        "text": "16,954 tons (2012 est.)"
      }
    }
  },
  "Government": {
    "Country name": {
      "conventional long form": {
        "text": "none"
      },
      "conventional short form": {
        "text": "Gibraltar"
      },
      "etymology": {
        "text": "from the Spanish derivation of the Arabic \"Jabal Tariq,\" which means \"Mountain of Tariq\" and which refers to the Rock of Gibraltar"
      }
    },
    "Government type": {
      "text": "parliamentary democracy (Parliament); self-governing overseas territory of the UK"
    },
    "Dependency status": {
      "text": "overseas territory of the UK"
    },
    "Capital": {
      "name": {
        "text": "Gibraltar"
      },
      "geographic coordinates": {
        "text": "36 08 N, 5 21 W"
      },
      "time difference": {
        "text": "UTC+1 (6 hours ahead of Washington, DC, during Standard Time)"
      },
      "daylight saving time": {
        "text": "+1hr, begins last Sunday in March; ends last Sunday in October"
      },
      "etymology": {
        "text": "from the Spanish derivation of the Arabic \"Jabal Tariq,\" which means \"Mountain of Tariq\" and which refers to the Rock of Gibraltar"
      }
    },
    "Administrative divisions": {
      "text": "none (overseas territory of the UK)"
    },
    "Independence": {
      "text": "none (overseas territory of the UK)"
    },
    "National holiday": {
      "text": "National Day, 10 September (1967); note - day of the national referendum to decide whether to remain with the UK or join Spain"
    },
    "Legal system": {
      "text": "the laws of the UK, where applicable, apply"
    },
    "Constitution": {
      "history": {
        "text": "previous 1969; latest passed by referendum 30 November 2006, entered into effect 14 December 2006, entered into force 2 January 2007"
      },
      "amendments": {
        "text": "proposed by Parliament and requires prior consent of the British monarch (through the Secretary of State); passage requires at least three-fourths majority vote in Parliament followed by simple majority vote in a referendum; note &ndash; only sections 1 through 15 in Chapter 1 (Protection of Fundamental Rights and Freedoms) can be amended by Parliament"
      }
    },
    "Citizenship": {
      "text": "see United Kingdom"
    },
    "Suffrage": {
      "text": "18 years of age; universal; and British citizens with six months residence or more"
    },
    "Executive branch": {
      "chief of state": {
        "text": "King CHARLES III (since 8 September 2022); represented by Governor Sir David STEEL (since 11 June 2020)"
      },
      "head of government": {
        "text": "Chief Minister Fabian PICARDO (since 9 December 2011)"
      },
      "cabinet": {
        "text": "Council of Ministers appointed from among the 17 elected members of Parliament by the governor in consultation with the chief minister"
      },
      "elections/appointments": {
        "text": "the monarchy is hereditary; governor appointed by the monarch; following legislative elections, the leader of the majority party or majority coalition usually appointed chief minister by the governor"
      }
    },
    "Legislative branch": {
      "legislature name": {
        "text": "Parliament"
      },
      "legislative structure": {
        "text": "unicameral"
      },
      "number of seats": {
        "text": "18 (17 directly elected, 1 appointed)"
      },
      "electoral system": {
        "text": "plurality/majority"
      },
      "scope of elections": {
        "text": "full renewal"
      },
      "term in office": {
        "text": "4 years"
      },
      "most recent election date": {
        "text": "10/12/2023"
      },
      "parties elected and seats per party": {
        "text": "GSLP-Liberal Alliance (9) (GSLP 7, LPG 2); GSD (8)"
      },
      "percentage of women in chamber": {
        "text": "38.5%"
      },
      "expected date of next election": {
        "text": "October 2027"
      }
    },
    "Judicial branch": {
      "highest court(s)": {
        "text": "Court of Appeal (consists of at least 3 judges, including the court president); Supreme Court of Gibraltar (consists of the chief justice and 3 judges); note - appeals beyond the Court of Appeal are heard by the Judicial Committee of the Privy Council (in London)"
      },
      "judge selection and term of office": {
        "text": "Court of Appeal and Supreme Court judges appointed by the governor upon the advice of the Judicial Service Commission, a 7-member body of judges and appointees of the governor; tenure of the Court of Appeal president based on terms of appointment; Supreme Court chief justice and judges normally appointed until retirement at age 67 but tenure can be extended 3 years"
      },
      "subordinate courts": {
        "text": "Court of First Instance; Magistrates' Court; specialized tribunals for issues relating to social security, taxes, and employment"
      }
    },
    "Political parties": {
      "text": "Gibraltar Liberal Party or Liberal Party of Gibraltar or LPG <br>Gibraltar Social Democrats or GSD <br>Gibraltar Socialist Labor Party or GSLP <br>GSLP-Liberal Alliance <br>Together Gibraltar or TG "
    },
    "International organization participation": {
      "text": "ICC (NGOs), Interpol (subbureau), UPU"
    },
    "Diplomatic representation in the US": {
      "text": "none (overseas territory of the UK)"
    },
    "Diplomatic representation from the US": {
      "embassy": {
        "text": "none (overseas territory of the UK)"
      }
    },
    "Flag description": {
      "text": "two horizontal bands of white (top, double width) and red with a three-towered red castle in the center of the white band; hanging from the castle gate is a gold key centered in the red band; the design is that of Gibraltar's coat of arms granted on 10 July 1502 by King Ferdinand and Queen Isabella of Spain; the castle symbolizes Gibraltar as a fortress, while the key represents Gibraltar's strategic importance - the key to the Mediterranean"
    },
    "National symbol(s)": {
      "text": "Barbary macaque; national colors: red, white, yellow"
    },
    "National anthem": {
      "name": {
        "text": "\"Gibraltar Anthem\""
      },
      "lyrics/music": {
        "text": "Peter EMBERLEY"
      },
      "note": "<strong>note:</strong> adopted 1994; serves as a local anthem; as an overseas territory of the United Kingdom, \"God Save the King\" is official (see United Kingdom)"
    }
  },
  "Economy": {
    "Economic overview": {
      "text": "British territorial high-income economy; Brexit caused significant economic disruption to longstanding financial services, shipping, and tourism industries; ongoing negotiations to rejoin EU Schengen Area; independent taxation authority"
    },
    "Real GDP (purchasing power parity)": {
      "Real GDP (purchasing power parity) 2014": {
        "text": "$2.044 billion (2014 est.)"
      },
      "note": "<strong>note:</strong> data are in 2014 dollars"
    },
    "Real GDP per capita": {
      "Real GDP per capita 2014": {
        "text": "$61,700 (2014 est.)"
      }
    },
    "GDP (official exchange rate)": {
      "text": "$2.044 billion (2014 est.)"
    },
    "Agricultural products": {
      "text": "none"
    },
    "Industries": {
      "text": "tourism, banking and finance, ship repairing, tobacco"
    },
    "Industrial production growth rate": {
      "text": "4.3% (2014 est.)",
      "note": "<b>note:</b> annual % change in industrial value added based on constant local currency"
    },
    "Labor force": {
      "text": "24,420 (2014 est.)"
    },
    "Unemployment rate": {
      "Unemployment rate 2016": {
        "text": "1% (2016 est.)"
      }
    },
    "Exports": {
      "Exports 2014": {
        "text": "$202.3 million (2014 est.)"
      }
    },
    "Exports - partners": {
      "text": "Ireland 20%, India 18%, Brazil 12%, Netherlands 10%, South Korea 8% (2022)",
      "note": "<b>note:</b> top five export partners based on percentage share of exports"
    },
    "Exports - commodities": {
      "text": "refined petroleum, crude petroleum, ships, cars, natural gas (2022)",
      "note": "<b>note:</b> top five export commodities based on value in dollars"
    },
    "Imports - partners": {
      "text": "Spain 19%, Italy 17%, Greece 11%, Nigeria 10%, UK 6% (2022)",
      "note": "<b>note:</b> top five import partners based on percentage share of imports"
    },
    "Imports - commodities": {
      "text": "refined petroleum, crude petroleum, coal tar oil, ships, cars (2022)",
      "note": "<b>note:</b> top five import commodities based on value in dollars"
    },
    "Exchange rates": {
      "Currency": {
        "text": "Gibraltar pounds (GIP) per US dollar -"
      },
      "Exchange rates 2023": {
        "text": "0.805 (2023 est.)"
      },
      "Exchange rates 2022": {
        "text": "0.811 (2022 est.)"
      },
      "Exchange rates 2021": {
        "text": "0.727 (2021 est.)"
      },
      "Exchange rates 2020": {
        "text": "0.78 (2020 est.)"
      },
      "Exchange rates 2019": {
        "text": "0.783 (2019 est.)"
      }
    }
  },
  "Energy": {
    "Electricity access": {
      "electrification - total population": {
        "text": "100% (2022 est.)"
      }
    },
    "Electricity": {
      "installed generating capacity": {
        "text": "43,000 kW (2022 est.)"
      },
      "consumption": {
        "text": "244.5 million kWh (2022 est.)"
      },
      "transmission/distribution losses": {
        "text": "7 million kWh (2022 est.)"
      }
    },
    "Electricity generation sources": {
      "fossil fuels": {
        "text": "100% of total installed capacity (2022 est.)"
      }
    },
    "Petroleum": {
      "refined petroleum consumption": {
        "text": "84,000 bbl/day (2022 est.)"
      }
    },
    "Natural gas": {
      "consumption": {
        "text": "75.781 million cubic meters (2022 est.)"
      },
      "imports": {
        "text": "75.781 million cubic meters (2022 est.)"
      }
    },
    "Carbon dioxide emissions": {
      "total emissions": {
        "text": "14.297 million metric tonnes of CO2 (2022 est.)"
      },
      "from petroleum and other liquids": {
        "text": "14.149 million metric tonnes of CO2 (2022 est.)"
      },
      "from consumed natural gas": {
        "text": "148,000 metric tonnes of CO2 (2022 est.)"
      }
    }
  },
  "Communications": {
    "Telephones - fixed lines": {
      "total subscriptions": {
        "text": "17,000 (2022 est.)"
      },
      "subscriptions per 100 inhabitants": {
        "text": "46 (2022 est.)"
      }
    },
    "Telephones - mobile cellular": {
      "total subscriptions": {
        "text": "37,000 (2022 est.)"
      },
      "subscriptions per 100 inhabitants": {
        "text": "112 (2022 est.)"
      }
    },
    "Telecommunication systems": {
      "general assessment": {
        "text": "Gibraltar&rsquo;s population is urban-based, served by a digital telephone exchange supported by a fiber optic and copper infrastructure; near universal mobile and Internet use (2019)"
      },
      "domestic": {
        "text": "53 per 100 fixed-line and 100 per 100 mobile-cellular (2021)"
      },
      "international": {
        "text": "country code - 350; landing point for the EIG to Europe, Asia, Africa and the Middle East via submarine cables;&nbsp;radiotelephone; microwave radio relay; satellite earth station - 1 Intelsat (Atlantic Ocean) (2019)"
      }
    },
    "Broadcast media": {
      "text": "Gibraltar Broadcasting Corporation (GBC) provides TV and radio broadcasting services via 1 TV station and 4 radio stations; British Forces Broadcasting Service (BFBS) operates 1 radio station; broadcasts from Spanish radio and TV stations are accessible"
    },
    "Internet country code": {
      "text": ".gi"
    },
    "Internet users": {
      "percent of population": {
        "text": "94% (2016 est.)"
      }
    },
    "Broadband - fixed subscriptions": {
      "total": {
        "text": "23,000 (2022 est.)"
      },
      "subscriptions per 100 inhabitants": {
        "text": "61 (2022 est.)"
      }
    }
  },
  "Transportation": {
    "Civil aircraft registration country code prefix": {
      "text": "VP-G"
    },
    "Airports": {
      "text": "1 (2024)"
    },
    "Roadways": {
      "total": {
        "text": "29 km"
      },
      "paved": {
        "text": "29 km (2007)"
      }
    },
    "Merchant marine": {
      "total": {
        "text": "129 (2023)"
      },
      "by type": {
        "text": "bulk carrier 8, container ship 5, general cargo 31, oil tanker 16, other 69"
      }
    },
    "Ports": {
      "total ports": {
        "text": "1 (2024)"
      },
      "large": {
        "text": "0"
      },
      "medium": {
        "text": "1"
      },
      "small": {
        "text": "0"
      },
      "very small": {
        "text": "0"
      },
      "ports with oil terminals": {
        "text": "1"
      },
      "key ports": {
        "text": "Europa Point"
      }
    }
  },
  "Military and Security": {
    "Military and security forces": {
      "text": "Royal Gibraltar Regiment (2024)"
    },
    "Military - note": {
      "text": "defense is the responsibility of the UK"
    }
  },
  "Transnational Issues": {
  }
}