{
  "Introduction": {
    "Background": {
      "text": "Greece won independence from the Ottoman Empire in 1830 and became a kingdom. During the second half of the 19th century and the first half of the 20th century, it gradually added neighboring islands and territories, most with Greek-speaking populations. In World War II, Greece was first invaded by Italy (1940) and subsequently occupied by Germany (1941-44); fighting endured in a protracted civil war between supporters of the king and other anti-communist and communist rebels. The communists were defeated in 1949, and Greece joined NATO in 1952. In 1967, a military coup forced the king to flee the country. The ensuing military dictatorship collapsed in 1974, and Greece abolished the monarchy to become a parliamentary republic. <br><br>In 1981, Greece joined the EC (now the EU); it became the 12th member of the European Economic and Monetary Union in 2001. From 2009 until 2019, Greece suffered a severe economic crisis due to nearly a decade of chronic overspending and structural rigidities. Beginning in 2010, Greece entered three bailout agreements -- the first two with the European Commission, the European Central Bank, and the IMF; and the third in 2015 with the European Stability Mechanism -- worth in total about $300 billion. The Greek Government formally exited the third bailout in 2018, and Greece's economy has since improved significantly. In 2022, the country finalized its early repayment to the IMF and graduated on schedule from the EU's enhanced surveillance framework."
    }
  },
  "Geography": {
    "Location": {
      "text": "Southern Europe, bordering the Aegean Sea, Ionian Sea, and the Mediterranean Sea, between Albania and Turkey"
    },
    "Geographic coordinates": {
      "text": "39 00 N, 22 00 E"
    },
    "Map references": {
      "text": "Europe"
    },
    "Area": {
      "total ": {
        "text": "131,957 sq km"
      },
      "land": {
        "text": "130,647 sq km"
      },
      "water": {
        "text": "1,310 sq km"
      }
    },
    "Area - comparative": {
      "text": "slightly smaller than Alabama"
    },
    "Land boundaries": {
      "total": {
        "text": "1,110 km"
      },
      "border countries": {
        "text": "Albania 212 km; Bulgaria 472 km; North Macedonia 234 km; Turkey 192 km"
      }
    },
    "Coastline": {
      "text": "13,676 km"
    },
    "Maritime claims": {
      "territorial sea": {
        "text": "6 nm"
      },
      "continental shelf": {
        "text": "200-m depth or to the depth of exploitation"
      }
    },
    "Climate": {
      "text": "temperate; mild, wet winters; hot, dry summers"
    },
    "Terrain": {
      "text": "mountainous with ranges extending into the sea as peninsulas or chains of islands"
    },
    "Elevation": {
      "highest point": {
        "text": "Mount Olympus 2,917"
      },
      "lowest point": {
        "text": "Mediterranean Sea 0 m"
      },
      "mean elevation": {
        "text": "498 m"
      },
      "note": "<strong>note:</strong> Mount Olympus actually has 52 peaks but its highest point, Mytikas (meaning \"nose\"), rises to 2,917 meters; in Greek mythology, Olympus' Mytikas peak was the home of the Greek gods"
    },
    "Natural resources": {
      "text": "lignite, petroleum, iron ore, bauxite, lead, zinc, nickel, magnesite, marble, salt, hydropower potential"
    },
    "Land use": {
      "agricultural land": {
        "text": "63.4% (2018 est.)"
      },
      "agricultural land: arable land": {
        "text": "arable land: 19.7% (2018 est.)"
      },
      "agricultural land: permanent crops": {
        "text": "permanent crops: 8.9% (2018 est.)"
      },
      "agricultural land: permanent pasture": {
        "text": "permanent pasture: 34.8% (2018 est.)"
      },
      "forest": {
        "text": "30.5% (2018 est.)"
      },
      "other": {
        "text": "6.1% (2018 est.)"
      }
    },
    "Irrigated land": {
      "text": "11,853 sq km (2019)"
    },
    "Population distribution": {
      "text": "one-third of the population lives in and around metropolitan Athens; the remainder of the country has moderate population density mixed with sizeable urban clusters"
    },
    "Natural hazards": {
      "text": "<p>severe earthquakes</p><p><strong>volcanism:</strong> Santorini (367 m) has been deemed a Decade Volcano by the International Association of Volcanology and Chemistry of the Earth's Interior, worthy of study due to its explosive history and close proximity to human populations; although there have been very few eruptions in recent centuries, Methana and Nisyros in the Aegean are classified as historically active</p>"
    },
    "Geography - note": {
      "text": "strategic location dominating the Aegean Sea and southern approach to Turkish Straits; a peninsular country, possessing an archipelago of about 2,000 islands"
    }
  },
  "People and Society": {
    "Population": {
      "total": {
        "text": "10,461,091"
      },
      "male": {
        "text": "5,117,862"
      },
      "female": {
        "text": "5,343,229 (2024 est.)"
      }
    },
    "Nationality": {
      "noun": {
        "text": "Greek(s)"
      },
      "adjective": {
        "text": "Greek"
      }
    },
    "Ethnic groups": {
      "text": "Greek 91.6%, Albanian 4.4%, other 4% (2011 est.)",
      "note": "<strong>note:</strong> data represent citizenship; Greece does not collect data on ethnicity"
    },
    "Languages": {
      "Languages": {
        "text": "Greek (official) 99%, other (includes English and French) 1%"
      },
      "major-language sample(s)": {
        "text": "<br>Το Παγκόσμιο Βιβλίο Δεδομένων, η απαραίτητη πηγή βασικών πληροφοριών. (Greek)<br><br>The World Factbook, the indispensable source for basic information."
      }
    },
    "Religions": {
      "text": "Greek Orthodox 81-90%, Muslim 2%, other 3%, none 4-15%, unspecified 1% (2015 est.)"
    },
    "Age structure": {
      "0-14 years": {
        "text": "13.8% (male 742,131/female 699,079)"
      },
      "15-64 years": {
        "text": "62.6% (male 3,278,906/female 3,267,140)"
      },
      "65 years and over": {
        "text": "23.6% (2024 est.) (male 1,096,825/female 1,377,010)"
      }
    },
    "Dependency ratios": {
      "total dependency ratio": {
        "text": "57.7"
      },
      "youth dependency ratio": {
        "text": "22.2"
      },
      "elderly dependency ratio": {
        "text": "35.5"
      },
      "potential support ratio": {
        "text": "2.8 (2021 est.)"
      }
    },
    "Median age": {
      "total": {
        "text": "46.5 years (2024 est.)"
      },
      "male": {
        "text": "44.6 years"
      },
      "female": {
        "text": "48.3 years"
      }
    },
    "Population growth rate": {
      "text": "-0.35% (2024 est.)"
    },
    "Birth rate": {
      "text": "7.4 births/1,000 population (2024 est.)"
    },
    "Death rate": {
      "text": "12 deaths/1,000 population (2024 est.)"
    },
    "Net migration rate": {
      "text": "1.1 migrant(s)/1,000 population (2024 est.)"
    },
    "Population distribution": {
      "text": "one-third of the population lives in and around metropolitan Athens; the remainder of the country has moderate population density mixed with sizeable urban clusters"
    },
    "Urbanization": {
      "urban population": {
        "text": "80.7% of total population (2023)"
      },
      "rate of urbanization": {
        "text": "0.11% annual rate of change (2020-25 est.)"
      }
    },
    "Major urban areas - population": {
      "text": "3.154 million ATHENS (capital), 815,000 Thessaloniki (2023)"
    },
    "Sex ratio": {
      "at birth": {
        "text": "1.07 male(s)/female"
      },
      "0-14 years": {
        "text": "1.06 male(s)/female"
      },
      "15-64 years": {
        "text": "1 male(s)/female"
      },
      "65 years and over": {
        "text": "0.8 male(s)/female"
      },
      "total population": {
        "text": "0.96 male(s)/female (2024 est.)"
      }
    },
    "Mother's mean age at first birth": {
      "text": "30.7 years (2020 est.)"
    },
    "Maternal mortality ratio": {
      "text": "8 deaths/100,000 live births (2020 est.)"
    },
    "Infant mortality rate": {
      "total": {
        "text": "3.4 deaths/1,000 live births (2024 est.)"
      },
      "male": {
        "text": "3.8 deaths/1,000 live births"
      },
      "female": {
        "text": "3 deaths/1,000 live births"
      }
    },
    "Life expectancy at birth": {
      "total population": {
        "text": "81.9 years (2024 est.)"
      },
      "male": {
        "text": "79.4 years"
      },
      "female": {
        "text": "84.6 years"
      }
    },
    "Total fertility rate": {
      "text": "1.41 children born/woman (2024 est.)"
    },
    "Gross reproduction rate": {
      "text": "0.68 (2024 est.)"
    },
    "Contraceptive prevalence rate": {
      "text": "NA"
    },
    "Drinking water source": {
      "improved: urban": {
        "text": "urban: 100% of population"
      },
      "improved: rural": {
        "text": "rural: 100% of population"
      },
      "improved: total": {
        "text": "total: 100% of population"
      },
      "unimproved: urban": {
        "text": "urban: 0% of population"
      },
      "unimproved: rural": {
        "text": "rural: 0% of population"
      },
      "unimproved: total": {
        "text": "total: 0% of population (2020 est.)"
      }
    },
    "Current health expenditure": {
      "text": "9.5% of GDP (2020)"
    },
    "Physician density": {
      "text": "6.31 physicians/1,000 population (2019)"
    },
    "Hospital bed density": {
      "text": "4.2 beds/1,000 population (2018)"
    },
    "Sanitation facility access": {
      "improved: urban": {
        "text": "urban: 100% of population"
      },
      "improved: rural": {
        "text": "rural: 100% of population"
      },
      "improved: total": {
        "text": "total: 100% of population"
      },
      "unimproved: urban": {
        "text": "urban: 0% of population"
      },
      "unimproved: rural": {
        "text": "rural: 0% of population"
      },
      "unimproved: total": {
        "text": "total: 0% of population (2020 est.)"
      }
    },
    "Obesity - adult prevalence rate": {
      "text": "24.9% (2016)"
    },
    "Alcohol consumption per capita": {
      "total": {
        "text": "6.33 liters of pure alcohol (2019 est.)"
      },
      "beer": {
        "text": "2.13 liters of pure alcohol (2019 est.)"
      },
      "wine": {
        "text": "2.66 liters of pure alcohol (2019 est.)"
      },
      "spirits": {
        "text": "1.45 liters of pure alcohol (2019 est.)"
      },
      "other alcohols": {
        "text": "0.08 liters of pure alcohol (2019 est.)"
      }
    },
    "Tobacco use": {
      "total": {
        "text": "33.5% (2020 est.)"
      },
      "male": {
        "text": "36.5% (2020 est.)"
      },
      "female": {
        "text": "30.5% (2020 est.)"
      }
    },
    "Children under the age of 5 years underweight": {
      "text": "NA"
    },
    "Currently married women (ages 15-49)": {
      "text": "54.1% (2023 est.)"
    },
    "Education expenditures": {
      "text": "4.4% of GDP (2020 est.)"
    },
    "Literacy": {
      "definition": {
        "text": "age 15 and over can read and write"
      },
      "total population": {
        "text": "97.9%"
      },
      "male": {
        "text": "98.5%"
      },
      "female": {
        "text": "97.4% (2018)"
      }
    },
    "School life expectancy (primary to tertiary education)": {
      "total": {
        "text": "20 years"
      },
      "male": {
        "text": "20 years"
      },
      "female": {
        "text": "20 years (2020)"
      }
    }
  },
  "Environment": {
    "Environment - current issues": {
      "text": "air pollution; air emissions from transport and electricity power stations; water pollution; degradation of coastal zones; loss of biodiversity in terrestrial and marine ecosystems; increasing municipal and industrial waste"
    },
    "Environment - international agreements": {
      "party to": {
        "text": "Air Pollution, Air Pollution-Nitrogen Oxides, Air Pollution-Sulphur 94, Antarctic-Environmental Protection, Antarctic-Marine Living Resources, Antarctic Treaty, Biodiversity, Climate Change, Climate Change-Kyoto Protocol, Climate Change-Paris Agreement, Comprehensive Nuclear Test Ban, Desertification, Endangered Species, Environmental Modification, Hazardous Wastes, Law of the Sea, Marine Dumping-London Convention, Nuclear Test Ban, Ozone Layer Protection, Ship Pollution, Tropical Timber 2006, Wetlands"
      },
      "signed, but not ratified": {
        "text": "Air Pollution-Heavy Metals, Air Pollution-Multi-effect Protocol, Air Pollution-Persistent Organic Pollutants, Air Pollution-Volatile Organic Compounds"
      }
    },
    "Climate": {
      "text": "temperate; mild, wet winters; hot, dry summers"
    },
    "Land use": {
      "agricultural land": {
        "text": "63.4% (2018 est.)"
      },
      "agricultural land: arable land": {
        "text": "arable land: 19.7% (2018 est.)"
      },
      "agricultural land: permanent crops": {
        "text": "permanent crops: 8.9% (2018 est.)"
      },
      "agricultural land: permanent pasture": {
        "text": "permanent pasture: 34.8% (2018 est.)"
      },
      "forest": {
        "text": "30.5% (2018 est.)"
      },
      "other": {
        "text": "6.1% (2018 est.)"
      }
    },
    "Urbanization": {
      "urban population": {
        "text": "80.7% of total population (2023)"
      },
      "rate of urbanization": {
        "text": "0.11% annual rate of change (2020-25 est.)"
      }
    },
    "Revenue from forest resources": {
      "text": "0.01% of GDP (2018 est.)"
    },
    "Revenue from coal": {
      "text": "0.04% of GDP (2018 est.)"
    },
    "Air pollutants": {
      "particulate matter emissions": {
        "text": "14.62 micrograms per cubic meter (2019 est.)"
      },
      "carbon dioxide emissions": {
        "text": "62.43 megatons (2016 est.)"
      },
      "methane emissions": {
        "text": "9.8 megatons (2020 est.)"
      }
    },
    "Waste and recycling": {
      "municipal solid waste generated annually": {
        "text": "5,477,424 tons (2014 est.)"
      },
      "municipal solid waste recycled annually": {
        "text": "1,040,711 tons (2014 est.)"
      },
      "percent of municipal solid waste recycled": {
        "text": "19% (2014 est.)"
      }
    },
    "Total water withdrawal": {
      "municipal": {
        "text": "1.69 billion cubic meters (2020 est.)"
      },
      "industrial": {
        "text": "330 million cubic meters (2020 est.)"
      },
      "agricultural": {
        "text": "8.11 billion cubic meters (2020 est.)"
      }
    },
    "Total renewable water resources": {
      "text": "68.4 billion cubic meters (2020 est.)"
    },
    "Geoparks": {
      "total global geoparks and regional networks": {
        "text": "9 (2024)"
      },
      "global geoparks and regional networks": {
        "text": "Chelmos Vouraikos; Grevena - Kozani; Kefalonia-Ithaca; Lavreotiki;&nbsp; Lesvos Island; Meteora Pyli; Psiloritis; Sitia; Vikos - Aoos (2024)"
      }
    }
  },
  "Government": {
    "Country name": {
      "conventional long form": {
        "text": "Hellenic Republic"
      },
      "conventional short form": {
        "text": "Greece"
      },
      "local long form": {
        "text": "Elliniki Dimokratia"
      },
      "local short form": {
        "text": "Ellas or Ellada"
      },
      "former": {
        "text": "Hellenic State, Kingdom of Greece"
      },
      "etymology": {
        "text": "the English name derives from the Roman (Latin) designation \"Graecia,\" meaning \"Land of the Greeks\"; the Greeks call their country \"Hellas\" or \"Ellada\""
      }
    },
    "Government type": {
      "text": "parliamentary republic"
    },
    "Capital": {
      "name": {
        "text": "Athens"
      },
      "geographic coordinates": {
        "text": "37 59 N, 23 44 E"
      },
      "time difference": {
        "text": "UTC+2 (7 hours ahead of Washington, DC, during Standard Time)"
      },
      "daylight saving time": {
        "text": "+1hr, begins last Sunday in March; ends last Sunday in October"
      },
      "etymology": {
        "text": "Athens is the oldest European capital city; according to tradition, the city is named after Athena, the Greek goddess of wisdom; in actuality, the appellation probably derives from a lost name in a pre-Hellenic language"
      }
    },
    "Administrative divisions": {
      "text": "13 regions (perifereies, singular - perifereia) and 1 autonomous monastic state* (aftonomi monastiki politeia); Agion Oros* (Mount Athos), Anatoliki Makedonia kai Thraki (East Macedonia and Thrace), Attiki (Attica), Dytiki Ellada (West Greece), Dytiki Makedonia (West Macedonia), Ionia Nisia (Ionian Islands), Ipeiros (Epirus), Kentriki Makedonia (Central Macedonia), Kriti (Crete), Notio Aigaio (South Aegean), Peloponnisos (Peloponnese), Sterea Ellada (Central Greece), Thessalia (Thessaly), Voreio Aigaio (North Aegean)"
    },
    "Independence": {
      "text": "3 February 1830 (from the Ottoman Empire); note - 25 March 1821, outbreak of the national revolt against the Ottomans; 3 February 1830, signing of the London Protocol recognizing Greek independence by Great Britain, France, and Russia"
    },
    "National holiday": {
      "text": "Independence Day, 25 March (1821)"
    },
    "Legal system": {
      "text": "civil legal system based on Roman law"
    },
    "Constitution": {
      "history": {
        "text": "many previous; latest entered into force 11 June 1975"
      },
      "amendments": {
        "text": "proposed by at least 50 members of Parliament and agreed by three-fifths majority vote in two separate ballots at least 30 days apart; passage requires absolute majority vote by the next elected Parliament; entry into force finalized through a \"special parliamentary resolution\"; articles on human rights and freedoms and the form of government cannot be amended; amended 1986, 2001, 2008, 2019"
      }
    },
    "International law organization participation": {
      "text": "accepts compulsory ICJ jurisdiction with reservations; accepts ICCt jurisdiction"
    },
    "Citizenship": {
      "citizenship by birth": {
        "text": "no"
      },
      "citizenship by descent only": {
        "text": "at least one parent must be a citizen of Greece"
      },
      "dual citizenship recognized": {
        "text": "yes"
      },
      "residency requirement for naturalization": {
        "text": "10 years"
      }
    },
    "Suffrage": {
      "text": "17 years of age; universal and compulsory"
    },
    "Executive branch": {
      "chief of state": {
        "text": "President Ekaterini SAKELLAROPOULOU (since 13 March 2020)"
      },
      "head of government": {
        "text": "Prime Minister Kyriakos MITSOTAKIS (since 26 June 2023)"
      },
      "cabinet": {
        "text": "Cabinet appointed by the president on the recommendation of the prime minister"
      },
      "elections/appointments": {
        "text": "president elected by Hellenic Parliament for a 5-year term (eligible for a second term); election last held on&nbsp;22 January 2020&nbsp;(next to be held by February 2025); president appoints as prime minister the leader of the majority party or coalition in the Hellenic Parliament"
      },
      "election results": {
        "text": "<em><br>2020:</em> Katerina SAKELLAROPOULOU (independent) elected president by Parliament - 261 of 300 votes; note - SAKELLAROPOULOU is Greece's first woman president<br><em><br>2015:</em> Prokopis PAVLOPOULOS (ND) elected president by Parliament - 233 of 300 votes"
      }
    },
    "Legislative branch": {
      "legislature name": {
        "text": "Hellenic Parliament (Vouli Ton Ellinon)"
      },
      "legislative structure": {
        "text": "unicameral"
      },
      "number of seats": {
        "text": "300 (all directly elected)"
      },
      "electoral system": {
        "text": "proportional representation"
      },
      "scope of elections": {
        "text": "full renewal"
      },
      "term in office": {
        "text": "4 years"
      },
      "most recent election date": {
        "text": "6/25/2023"
      },
      "parties elected and seats per party": {
        "text": "New Democracy (ND) (158); Coalition of the Radical Left (SYRIZA) (47); Panhellenic Socialist Movement - Movement for Change (PASOK-KINAL) (32); Communist Party (KKE) (21); Other (42)"
      },
      "percentage of women in chamber": {
        "text": "23.3%"
      },
      "expected date of next election": {
        "text": "June 2027"
      },
      "note": "<strong>note:</strong> only parties surpassing a 3% vote threshold are entitled to parliamentary seats; parties need 10 seats to become formal parliamentary groups but can retain that status if the party participated in the last election and received the minimum 3% threshold"
    },
    "Judicial branch": {
      "highest court(s)": {
        "text": "Supreme Civil and Criminal Court or Areios Pagos (consists of 56 judges, including the court presidents); Council of State (supreme administrative court) (consists of the president, 7 vice presidents, 42 privy councilors, 48 associate councilors and 50 reporting judges, organized into six 5- and 7-member chambers; Court of Audit (government audit and enforcement) consists of the president, 5 vice presidents, 20 councilors, and 90 associate and reporting judges"
      },
      "judge selection and term of office": {
        "text": "Supreme Court judges appointed by presidential decree on the advice of the Supreme Judicial Council (SJC), which includes the president of the Supreme Court, other judges, and the prosecutor of the Supreme Court; judges appointed for life following a 2-year probationary period; Council of State president appointed by the Greek Cabinet to serve a 4-year term; other judge appointments and tenure NA; Court of Audit president appointed by decree of the president of the republic on the advice of the SJC; court president serves a 4-year term or until age 67; tenure of vice presidents, councilors, and judges NA"
      },
      "subordinate courts": {
        "text": "Courts of Appeal and Courts of First Instance (district courts)"
      }
    },
    "Political parties": {
      "text": "Coalition of the Radical Left-Progressive Alliance or SYRIZA-PS <br>Communist Party of Greece or KKE <br>Course of Freedom<br>Democratic Patriotic Movement-Victory or NIKI<br>Greek Solution<br>New Democracy or ND<br>PASOK - Movement for Change or PASOK-KINAL<br>Spartans"
    },
    "International organization participation": {
      "text": "Australia Group, BIS, BSEC, CD, CE, CERN, EAPC, EBRD, ECB, EIB, EMU, ESA, EU, FAO, FATF, IAEA, IBRD, ICAO, ICC (national committees), ICCt, ICRM, IDA, IEA, IFAD, IFC, IFRCS, IGAD (partners), IHO, ILO, IMF, IMO, IMSO, Interpol, IOC, IOM, IPU, ISO, ITSO, ITU, ITUC (NGOs), MIGA, NATO, NEA, NSG, OAS (observer), OECD, OIF, OPCW, OSCE, PCA, Schengen Convention, SELEC, UN, UNCTAD, UNESCO, UNHCR, UNIDO, UNIFIL, UNOOSA, UNWTO, UPU, Wassenaar Arrangement, WCO, WFTU (NGOs), WHO, WIPO, WMO, WTO, ZC"
    },
    "Diplomatic representation in the US": {
      "chief of mission": {
        "text": "Ambassador Ekaterini NASSIKA (since 27 February 2024)"
      },
      "chancery": {
        "text": "2217 Massachusetts Avenue NW, Washington, DC 20008"
      },
      "telephone": {
        "text": "[1] (202) 939-1300"
      },
      "FAX": {
        "text": "[1] (202) 939-1324"
      },
      "email address and website": {
        "text": "<br>gremb.was@mfa.gr<br><br>https://www.mfa.gr/usa/en/the-embassy/"
      },
      "consulate(s) general": {
        "text": "Boston, Chicago, Los Angeles, New York, Tampa (FL), San Francisco"
      },
      "consulate(s)": {
        "text": "Atlanta, Houston"
      }
    },
    "Diplomatic representation from the US": {
      "chief of mission": {
        "text": "Ambassador&nbsp;(vacant); Charg&eacute; d&rsquo;Affaires Maria OLSON (since January 2025)"
      },
      "embassy": {
        "text": "91 Vasillisis Sophias Avenue, 10160 Athens"
      },
      "mailing address": {
        "text": "7100 Athens Place, Washington DC&nbsp; 20521-7100"
      },
      "telephone": {
        "text": "[30] (210) 721-2951"
      },
      "FAX": {
        "text": "[30] (210) 724-5313"
      },
      "email address and website": {
        "text": "<br>athensamericancitizenservices@state.gov<br><br>https://gr.usembassy.gov/"
      },
      "consulate(s) general": {
        "text": "Thessaloniki"
      }
    },
    "Flag description": {
      "text": "nine equal horizontal stripes of blue alternating with white; a blue square bearing a white cross appears in the upper hoist-side corner; the cross symbolizes Greek Orthodoxy, the established religion of the country; there is no agreed upon meaning for the nine stripes or for the colors",
      "note": "<strong>note:</strong> Greek legislation states that the flag colors are cyan and white, but cyan can mean \"blue\" in Greek, so the exact shade of blue has never been set and has varied from a light to a dark blue over time; in general, the hue of blue normally encountered is a form of azure"
    },
    "National symbol(s)": {
      "text": "Greek cross (white cross on blue field, arms equal length); national colors: blue, white"
    },
    "National anthem": {
      "name": {
        "text": "\"Ymnos eis tin Eleftherian\" (Hymn to Liberty)"
      },
      "lyrics/music": {
        "text": "Dionysios SOLOMOS/Nikolaos MANTZAROS"
      },
      "note": "<strong>note:</strong> adopted 1864; the anthem is based on a 158-stanza poem by the same name, which was inspired by the Greek Revolution of 1821 against the Ottomans (only the first two stanzas are used); Cyprus also uses \"Hymn to Liberty\" as its anthem"
    },
    "National heritage": {
      "total World Heritage Sites": {
        "text": "19 (17 cultural, 2 mixed)"
      },
      "selected World Heritage Site locales": {
        "text": "Acropolis, Athens (c); Archaeological site of Delphi (c); Meteora (m); Medieval City of Rhodes (c); Archaeological site of Olympia (c); Archaeological site of Mycenae and Tiryns (c); Old Town of Corfu (c); Mount Athos (m); Delos (c); Archaeological Site of Philippi (c)"
      }
    }
  },
  "Economy": {
    "Economic overview": {
      "text": "developed EU and eurozone economy; strong post-COVID growth driven by tourism, shipping industry, exports, and foreign investment supported by EU cohesion funds; public debt remains high despite recent budget surplus; challenges from negative household savings, high unemployment, corruption, and competitiveness gaps"
    },
    "Real GDP (purchasing power parity)": {
      "Real GDP (purchasing power parity) 2023": {
        "text": "$384.023 billion (2023 est.)"
      },
      "Real GDP (purchasing power parity) 2022": {
        "text": "$375.271 billion (2022 est.)"
      },
      "Real GDP (purchasing power parity) 2021": {
        "text": "$354.888 billion (2021 est.)"
      },
      "note": "<b>note:</b> data in 2021 dollars"
    },
    "Real GDP growth rate": {
      "Real GDP growth rate 2023": {
        "text": "2.33% (2023 est.)"
      },
      "Real GDP growth rate 2022": {
        "text": "5.74% (2022 est.)"
      },
      "Real GDP growth rate 2021": {
        "text": "8.38% (2021 est.)"
      },
      "note": "<b>note:</b> annual GDP % growth based on constant local currency"
    },
    "Real GDP per capita": {
      "Real GDP per capita 2023": {
        "text": "$36,900 (2023 est.)"
      },
      "Real GDP per capita 2022": {
        "text": "$36,000 (2022 est.)"
      },
      "Real GDP per capita 2021": {
        "text": "$33,600 (2021 est.)"
      },
      "note": "<b>note:</b> data in 2021 dollars"
    },
    "GDP (official exchange rate)": {
      "text": "$243.498 billion (2023 est.)",
      "note": "<b>note:</b> data in current dollars at official exchange rate"
    },
    "Inflation rate (consumer prices)": {
      "Inflation rate (consumer prices) 2023": {
        "text": "3.46% (2023 est.)"
      },
      "Inflation rate (consumer prices) 2022": {
        "text": "9.65% (2022 est.)"
      },
      "Inflation rate (consumer prices) 2021": {
        "text": "1.22% (2021 est.)"
      },
      "note": "<b>note:</b> annual % change based on consumer prices"
    },
    "Credit ratings": {
      "Fitch rating": {
        "text": "BB (2020)"
      },
      "Moody's rating": {
        "text": "Ba3 (2020)"
      },
      "Standard & Poors rating": {
        "text": "BB- (2019)"
      },
      "note": "<strong>note: </strong>The year refers to the year in which the current credit rating was first obtained."
    },
    "GDP - composition, by sector of origin": {
      "agriculture": {
        "text": "3.3% (2023 est.)"
      },
      "industry": {
        "text": "15.3% (2023 est.)"
      },
      "services": {
        "text": "68.6% (2023 est.)"
      },
      "note": "<b>note:</b> figures may not total 100% due to non-allocated consumption not captured in sector-reported data"
    },
    "GDP - composition, by end use": {
      "household consumption": {
        "text": "66.9% (2023 est.)"
      },
      "government consumption": {
        "text": "19.3% (2023 est.)"
      },
      "investment in fixed capital": {
        "text": "15.2% (2023 est.)"
      },
      "investment in inventories": {
        "text": "1.6% (2023 est.)"
      },
      "exports of goods and services": {
        "text": "43.7% (2023 est.)"
      },
      "imports of goods and services": {
        "text": "-48.4% (2023 est.)"
      },
      "note": "<b>note:</b> figures may not total 100% due to rounding or gaps in data collection"
    },
    "Agricultural products": {
      "text": "maize, wheat, sheep milk, peaches/nectarines, oranges, grapes, tomatoes, milk, watermelons, potatoes (2022)",
      "note": "<b>note:</b> top ten agricultural products based on tonnage"
    },
    "Industries": {
      "text": "tourism, food and tobacco processing, textiles, chemicals, metal products; mining, petroleum"
    },
    "Industrial production growth rate": {
      "text": "4.74% (2023 est.)",
      "note": "<b>note:</b> annual % change in industrial value added based on constant local currency"
    },
    "Labor force": {
      "text": "4.666 million (2023 est.)",
      "note": "<b>note:</b> number of people ages 15 or older who are employed or seeking work"
    },
    "Unemployment rate": {
      "Unemployment rate 2023": {
        "text": "11% (2023 est.)"
      },
      "Unemployment rate 2022": {
        "text": "12.43% (2022 est.)"
      },
      "Unemployment rate 2021": {
        "text": "14.66% (2021 est.)"
      },
      "note": "<b>note:</b> % of labor force seeking employment"
    },
    "Youth unemployment rate (ages 15-24)": {
      "total": {
        "text": "26.6% (2023 est.)"
      },
      "male": {
        "text": "24.3% (2023 est.)"
      },
      "female": {
        "text": "29.5% (2023 est.)"
      },
      "note": "<b>note:</b> % of labor force ages 15-24 seeking employment"
    },
    "Population below poverty line": {
      "text": "18.8% (2021 est.)",
      "note": "<b>note:</b> % of population with income below national poverty line"
    },
    "Gini Index coefficient - distribution of family income": {
      "Gini Index coefficient - distribution of family income 2021": {
        "text": "32.9 (2021 est.)"
      },
      "note": "<b>note:</b> index (0-100) of income distribution; higher values represent greater inequality"
    },
    "Average household expenditures": {
      "on food": {
        "text": "16.4% of household expenditures (2023 est.)"
      },
      "on alcohol and tobacco": {
        "text": "4.4% of household expenditures (2023 est.)"
      }
    },
    "Household income or consumption by percentage share": {
      "lowest 10%": {
        "text": "2.6% (2021 est.)"
      },
      "highest 10%": {
        "text": "24.8% (2021 est.)"
      },
      "note": "<b>note:</b> % share of income accruing to lowest and highest 10% of population"
    },
    "Remittances": {
      "Remittances 2023": {
        "text": "0.22% of GDP (2023 est.)"
      },
      "Remittances 2022": {
        "text": "0.27% of GDP (2022 est.)"
      },
      "Remittances 2021": {
        "text": "0.32% of GDP (2021 est.)"
      },
      "note": "<b>note:</b> personal transfers and compensation between resident and non-resident individuals/households/entities"
    },
    "Budget": {
      "revenues": {
        "text": "$105.353 billion (2022 est.)"
      },
      "expenditures": {
        "text": "$110.844 billion (2022 est.)"
      },
      "note": "<b>note:</b> central government revenues (excluding grants) and expenses converted to US dollars at average official exchange rate for year indicated"
    },
    "Public debt": {
      "Public debt 2022": {
        "text": "202.08% of GDP (2022 est.)"
      },
      "note": "<b>note:</b> central government debt as a % of GDP"
    },
    "Taxes and other revenues": {
      "text": "27.64% (of GDP) (2022 est.)",
      "note": "<b>note:</b> central government tax revenue as a % of GDP"
    },
    "Current account balance": {
      "Current account balance 2023": {
        "text": "-$15.008 billion (2023 est.)"
      },
      "Current account balance 2022": {
        "text": "-$22.623 billion (2022 est.)"
      },
      "Current account balance 2021": {
        "text": "-$13.858 billion (2021 est.)"
      },
      "note": "<b>note:</b> balance of payments - net trade and primary/secondary income in current dollars"
    },
    "Exports": {
      "Exports 2023": {
        "text": "$107.218 billion (2023 est.)"
      },
      "Exports 2022": {
        "text": "$106.189 billion (2022 est.)"
      },
      "Exports 2021": {
        "text": "$87.521 billion (2021 est.)"
      },
      "note": "<b>note:</b> balance of payments - exports of goods and services in current dollars"
    },
    "Exports - partners": {
      "text": "Italy 10%, Bulgaria 7%, Germany 6%, Cyprus 5%, Turkey 5% (2022)",
      "note": "<b>note:</b> top five export partners based on percentage share of exports"
    },
    "Exports - commodities": {
      "text": "refined petroleum, packaged medicine, aluminum, natural gas, plastic products (2022)",
      "note": "<b>note:</b> top five export commodities based on value in dollars"
    },
    "Imports": {
      "Imports 2023": {
        "text": "$119.234 billion (2023 est.)"
      },
      "Imports 2022": {
        "text": "$127.82 billion (2022 est.)"
      },
      "Imports 2021": {
        "text": "$103.532 billion (2021 est.)"
      },
      "note": "<b>note:</b> balance of payments - imports of goods and services in current dollars"
    },
    "Imports - partners": {
      "text": "China 12%, Germany 9%, Russia 9%, Italy 7%, Iraq 7% (2022)",
      "note": "<b>note:</b> top five import partners based on percentage share of imports"
    },
    "Imports - commodities": {
      "text": "crude petroleum, natural gas, refined petroleum, garments, packaged medicine (2022)",
      "note": "<b>note:</b> top five import commodities based on value in dollars"
    },
    "Reserves of foreign exchange and gold": {
      "Reserves of foreign exchange and gold 2023": {
        "text": "$13.608 billion (2023 est.)"
      },
      "Reserves of foreign exchange and gold 2022": {
        "text": "$12.061 billion (2022 est.)"
      },
      "Reserves of foreign exchange and gold 2021": {
        "text": "$14.447 billion (2021 est.)"
      },
      "note": "<b>note:</b> holdings of gold (year-end prices)/foreign exchange/special drawing rights in current dollars"
    },
    "Exchange rates": {
      "Currency": {
        "text": "euros (EUR) per US dollar -"
      },
      "Exchange rates 2023": {
        "text": "0.925 (2023 est.)"
      },
      "Exchange rates 2022": {
        "text": "0.95 (2022 est.)"
      },
      "Exchange rates 2021": {
        "text": "0.845 (2021 est.)"
      },
      "Exchange rates 2020": {
        "text": "0.876 (2020 est.)"
      },
      "Exchange rates 2019": {
        "text": "0.893 (2019 est.)"
      }
    }
  },
  "Energy": {
    "Electricity access": {
      "electrification - total population": {
        "text": "100% (2022 est.)"
      }
    },
    "Electricity": {
      "installed generating capacity": {
        "text": "22.336 million kW (2022 est.)"
      },
      "consumption": {
        "text": "47.283 billion kWh (2022 est.)"
      },
      "exports": {
        "text": "4.303 billion kWh (2022 est.)"
      },
      "imports": {
        "text": "7.751 billion kWh (2022 est.)"
      },
      "transmission/distribution losses": {
        "text": "5.344 billion kWh (2022 est.)"
      }
    },
    "Electricity generation sources": {
      "fossil fuels": {
        "text": "53.4% of total installed capacity (2022 est.)"
      },
      "solar": {
        "text": "14.5% of total installed capacity (2022 est.)"
      },
      "wind": {
        "text": "22.1% of total installed capacity (2022 est.)"
      },
      "hydroelectricity": {
        "text": "8.9% of total installed capacity (2022 est.)"
      },
      "biomass and waste": {
        "text": "1% of total installed capacity (2022 est.)"
      }
    },
    "Coal": {
      "production": {
        "text": "13.703 million metric tons (2022 est.)"
      },
      "consumption": {
        "text": "13.988 million metric tons (2022 est.)"
      },
      "exports": {
        "text": "362,000 metric tons (2022 est.)"
      },
      "imports": {
        "text": "71,000 metric tons (2022 est.)"
      },
      "proven reserves": {
        "text": "2.876 billion metric tons (2022 est.)"
      }
    },
    "Petroleum": {
      "total petroleum production": {
        "text": "5,000 bbl/day (2023 est.)"
      },
      "refined petroleum consumption": {
        "text": "303,000 bbl/day (2023 est.)"
      },
      "crude oil estimated reserves": {
        "text": "10 million barrels (2021 est.)"
      }
    },
    "Natural gas": {
      "production": {
        "text": "3.284 million cubic meters (2021 est.)"
      },
      "consumption": {
        "text": "5.173 billion cubic meters (2022 est.)"
      },
      "exports": {
        "text": "10.647 billion cubic meters (2022 est.)"
      },
      "imports": {
        "text": "15.946 billion cubic meters (2022 est.)"
      },
      "proven reserves": {
        "text": "991.09 million cubic meters (2021 est.)"
      }
    },
    "Carbon dioxide emissions": {
      "total emissions": {
        "text": "62.142 million metric tonnes of CO2 (2022 est.)"
      },
      "from coal and metallurgical coke": {
        "text": "6.449 million metric tonnes of CO2 (2022 est.)"
      },
      "from petroleum and other liquids": {
        "text": "45.457 million metric tonnes of CO2 (2022 est.)"
      },
      "from consumed natural gas": {
        "text": "10.236 million metric tonnes of CO2 (2022 est.)"
      }
    },
    "Energy consumption per capita": {
      "Total energy consumption per capita 2022": {
        "text": "94.151 million Btu/person (2022 est.)"
      }
    }
  },
  "Communications": {
    "Telephones - fixed lines": {
      "total subscriptions": {
        "text": "4.962 million (2023 est.)"
      },
      "subscriptions per 100 inhabitants": {
        "text": "48 (2023 est.)"
      }
    },
    "Telephones - mobile cellular": {
      "total subscriptions": {
        "text": "11.3 million (2023 est.)"
      },
      "subscriptions per 100 inhabitants": {
        "text": "109 (2022 est.)"
      }
    },
    "Telecommunication systems": {
      "general assessment": {
        "text": "Greece&rsquo;s telecom market is susceptible to the country&rsquo;s volatile economy, and, as a result, revenue among the key networks has been variable; broadband subscriptions in Greece are developing steadily; the main networks are concentrating investment on fiber-based next generation networks, enabling them to reach the European broadband targets for 2025; their work is also supported by government ultra-fast broadband projects, largely funded by the EC and aimed at delivering a service of at least 100Mb/s to under served areas; Greece&rsquo;s well-developed mobile market is dominated by the three MNOs; Networks continue to invest in LTE infrastructure and technologies to provide networks capable of meeting customer demand for data services; after extensive trials of 5G, the MNOs were able to launch commercial services in early 2021 following the December 2020 allocation of frequencies in a range of bands; the rapid rollout of 5G encouraged the shut down of the 3G network (a process expected to be completed by the end of 2021) and reallocate for LTE and 5G. (2023)"
      },
      "domestic": {
        "text": "47 per 100 subscribers for fixed-line and 110 per 100 for mobile-cellular (2021)"
      },
      "international": {
        "text": "country code - 30; landing points for the SEA-ME-WE-3, Adria-1, Italy-Greece 1, OTEGLOBE, MedNautilus Submarine System, Aphrodite 2, AAE-1&nbsp;and Silphium optical telecommunications submarine cable that provides links to Europe, the Middle East, Africa, Southeast Asia, Asia and Australia;&nbsp; tropospheric scatter; satellite earth stations - 4 (2 Intelsat - 1 Atlantic Ocean and 1 Indian Ocean, 1 Eutelsat, and 1 Inmarsat - Indian Ocean region) (2019)"
      }
    },
    "Broadcast media": {
      "text": "broadcast media dominated by the private sector; roughly 150 private TV channels, about 10 of which broadcast nationwide; 1 government-owned terrestrial TV channel with national coverage; 3 privately owned satellite channels; multi-channel satellite and cable TV services available; upwards of 1,500 radio stations, all of them privately owned; government-owned broadcaster has 2 national radio stations"
    },
    "Internet country code": {
      "text": ".gr"
    },
    "Internet users": {
      "percent of population": {
        "text": "85% (2023 est.)"
      }
    },
    "Broadband - fixed subscriptions": {
      "total": {
        "text": "4.48 million (2023 est.)"
      },
      "subscriptions per 100 inhabitants": {
        "text": "44 (2023 est.)"
      }
    }
  },
  "Transportation": {
    "National air transport system": {
      "number of registered air carriers": {
        "text": "11 (2020)"
      },
      "inventory of registered aircraft operated by air carriers": {
        "text": "97"
      },
      "annual passenger traffic on registered air carriers": {
        "text": "15,125,933 (2018)"
      },
      "annual freight traffic on registered air carriers": {
        "text": "21.91 million (2018) mt-km"
      }
    },
    "Civil aircraft registration country code prefix": {
      "text": "SX"
    },
    "Airports": {
      "text": "81 (2024)"
    },
    "Heliports": {
      "text": "51 (2024)"
    },
    "Pipelines": {
      "text": "1,466 km gas, 94 km oil (2013)"
    },
    "Railways": {
      "total": {
        "text": "2,345 km (2020) 731 km electrified"
      }
    },
    "Roadways": {
      "total": {
        "text": "117,000 km (2018)"
      }
    },
    "Waterways": {
      "text": "6 km (2012) (the 6-km-long Corinth Canal crosses the Isthmus of Corinth; it shortens a sea voyage by 325 km)"
    },
    "Merchant marine": {
      "total": {
        "text": "1,215 (2023)"
      },
      "by type": {
        "text": "bulk carrier 132, container ship 4, general cargo 79, oil tanker 299, other 701"
      }
    },
    "Ports": {
      "total ports": {
        "text": "57 (2024)"
      },
      "large": {
        "text": "1"
      },
      "medium": {
        "text": "7"
      },
      "small": {
        "text": "7"
      },
      "very small": {
        "text": "42"
      },
      "ports with oil terminals": {
        "text": "13"
      },
      "key ports": {
        "text": "Alexandroupoli, Iraklion, Kerkira, Ormos Aliveriou, Piraievs, Soudha, Thessaloniki, Volos"
      }
    }
  },
  "Military and Security": {
    "Military and security forces": {
      "text": "Hellenic Armed Forces: Hellenic Army (Ellinikos Stratos, ES; includes National Guard), Hellenic Navy (Elliniko Polemiko Navtiko, EPN), Hellenic Air Force (Elliniki Polemiki Aeroporia, EPA; includes air defense) (2024)",
      "note": "<strong>note 1:</strong> the police (under the Ministry of Citizen Protection) and the armed forces (Ministry of National Defense) share law enforcement duties in certain border areas; the Greek Coast Guard is under the Ministry of Shipping Affairs and Island Policy<br><br><strong>note 2:</strong> the National Guard was established in 1982 as an official part of the Army to help protect Greece and provide reinforcements and support to the Army in peacetime and in times of mobilization and war; members undergo weekly training run by the Army, which also provides weapons and ammunition"
    },
    "Military expenditures": {
      "Military Expenditures 2024": {
        "text": "3.1% of GDP (2024 est.)"
      },
      "Military Expenditures 2023": {
        "text": "3.1% of GDP (2023)"
      },
      "Military Expenditures 2022": {
        "text": "3.9% of GDP (2022)"
      },
      "Military Expenditures 2021": {
        "text": "3.7% of GDP (2021)"
      },
      "Military Expenditures 2020": {
        "text": "2.9% of GDP (2020)"
      }
    },
    "Military and security service personnel strengths": {
      "text": "approximately 115,000 active-duty personnel (80,000 Army; 15,000 Navy; 20,000 Air Force); approximately 35,000 National Guard (2024)"
    },
    "Military equipment inventories and acquisitions": {
      "text": "the military's inventory consists of a mix of domestically produced and imported weapons and equipment from Europe and the US; in recent years, France, Germany, and the US have been major suppliers; Greece's defense industry is capable of producing a range of military hardware, including naval vessels and associated subsystems (2024)",
      "note": "<strong>note:</strong> Greece is in the midst of a military modernization program which includes acquisitions of fighter aircraft and naval ships from France and armored vehicles and tanks from Germany; it has also boosted purchases of US equipment, including fighter aircraft upgrades, helicopters, and naval patrol craft"
    },
    "Military service age and obligation": {
      "text": "19-45 years of age for compulsory military service for men; 12-month obligation for all services (note - as an exception, the duration of the full military service is 9 instead of 12 months if conscripts, after the initial training, serve the entire remaining time in certain areas of the eastern borders, in Cyprus, or in certain military units); 18 years of age for voluntary military service for men and women (2023)",
      "note": "<strong>note 1: </strong>compulsory service applies to any individual whom the Greek authorities consider to be Greek, regardless of whether the individual considers himself Greek, has a foreign citizenship and passport, or was born or lives outside of Greece; Greek citizens living permanently outside of Greece have the right to postpone their conscription; they are permanently exempted from their military obligations when they reach the age of 45 years old<strong><br></strong><br><strong>note 2: </strong>as of 2023, women comprised nearly 17% of the military's full-time personnel"
    },
    "Military deployments": {
      "text": "approximately 1,000 Cyprus; 110 Kosovo (NATO); 120 Lebanon (UNIFIL) (2024)"
    },
    "Military - note": {
      "text": "the Hellenic Armed Forces (HAF) are responsible for protecting Greece’s independence, sovereignty, and territorial integrity; the HAF also maintains a presence on Cyprus (the Hellenic Force in Cyprus or ELDYK) to assist and support the Cypriot National Guard; as a member of the EU, NATO, and other international organizations, the HAF participates in multinational peacekeeping and other security missions abroad, taking a particular interest in missions occurring in the near regions, such as the Balkans, the Mediterranean and Aegean seas, the Middle East, and North Africa; areas of focus for the HAF include instability in the Balkans, territorial disputes with Turkey, and support to European security through the EU and NATO<br><br>Greece’s NATO membership is a key component of its security; it became a NATO member in 1952 and occupies a strategic location in the Eastern Mediterranean on NATO’s southern flank; Greece is host to several NATO facilities, including the Deployable Corps Greece (NDC-GR) headquarters in Thessaloniki, the Combined Air Operations Center in Larissa, the Multinational Peace Support Operations Training Center in Kilkis, the Multinational Sealift Coordination Center in Athens, and the Naval Base, Maritime Interdiction Operational Training Centre, and NATO Missile Firing Installation at Souda, Crete (2024)"
    }
  },
  "Space": {
    "Space agency/agencies": {
      "text": "Hellenic Space Center (HSC; aka Hellenic Space Agency; established 2018) (2024)"
    },
    "Space program overview": {
      "text": "has a relatively new and growing space program focused on building and operating satellites; also researches and develops technologies in a variety of other space sectors, including such areas as remote sensing (RS), telecommunications, defense, environmental studies, and agricultural development; has a national space strategy; as a member of the European Space Agency (ESA), it contributes to, participates in, and benefits from ESA capabilities and programs; cooperates with space agencies and commercial space sectors of ESA and EU member states, as well as the US; has a robust commercial space sector that researches, develops, and produces a variety of space technologies and capabilities, including satellite components, electronics, sensors, and communications (2024)",
      "note": "<strong>note:</strong> further details about the key activities, programs, and milestones of the country’s space program, as well as government spending estimates on the space sector, appear in the Space Programs reference guide"
    }
  },
  "Terrorism": {
    "Terrorist group(s)": {
      "text": "Islamic State of Iraq and ash-Sham (ISIS); Revolutionary Struggle; Revolutionary People's Liberation Party/Front (DHKP/C)",
      "note": "<strong>note:</strong> details about the history, aims, leadership, organization, areas of operation, tactics, targets, weapons, size, and sources of support of the group(s) appear(s) in the Terrorism reference guide"
    }
  },
  "Transnational Issues": {
    "Refugees and internally displaced persons": {
      "refugees (country of origin)": {
        "text": "41,594 (Syria), 33,549 (Afghanistan), 14,228 (Iraq), 6,366 (West Bank and Gaza) (mid-year 2022); 27,365 (Ukraine) (as of 31 December 2023)"
      },
      "stateless persons": {
        "text": "4,488 (2022)"
      },
      "note": "<strong>note:</strong> 1,289,013 estimated refugee and migrant arrivals (January 2015-March 2024)"
    },
    "Illicit drugs": {
      "text": "a gateway to Europe for traffickers smuggling cannabis products and heroin from the Middle East and Southwest Asia to the West and precursor chemicals to the East; some South American cocaine transits or is consumed in Greece; money laundering related to drug trafficking and organized crime"
    }
  }
}