{
  "Introduction": {
    "Background": {
      "text": "Jersey and the other Channel Islands represent the last remnants of the medieval Duchy of Normandy that held sway in both France and England. These islands were the only British soil that Germany occupied in World War II. The Bailiwick of Jersey is a British Crown dependency, which means that it is not part of the UK but is rather a self-governing possession of the British Crown. However, the UK Government is constitutionally responsible for its defense and international representation."
    }
  },
  "Geography": {
    "Location": {
      "text": "Western Europe, island in the English Channel, northwest of France"
    },
    "Geographic coordinates": {
      "text": "49 15 N, 2 10 W"
    },
    "Map references": {
      "text": "Europe"
    },
    "Area": {
      "total ": {
        "text": "116 sq km"
      },
      "land": {
        "text": "116 sq km"
      },
      "water": {
        "text": "0 sq km"
      }
    },
    "Area - comparative": {
      "text": "about two-thirds the size of Washington, DC"
    },
    "Land boundaries": {
      "total": {
        "text": "0 km"
      }
    },
    "Coastline": {
      "text": "70 km"
    },
    "Maritime claims": {
      "territorial sea": {
        "text": "12 nm"
      },
      "exclusive fishing zone": {
        "text": "12 nm"
      }
    },
    "Climate": {
      "text": "temperate; mild winters and cool summers"
    },
    "Terrain": {
      "text": "gently rolling plain with low, rugged hills along north coast"
    },
    "Elevation": {
      "highest point": {
        "text": "Les Platons 136 m"
      },
      "lowest point": {
        "text": "English Channel 0 m"
      }
    },
    "Natural resources": {
      "text": "arable land"
    },
    "Land use": {
      "agricultural land": {
        "text": "66% (2018 est.)"
      },
      "agricultural land: arable land": {
        "text": "arable land: 66% (2018 est.)"
      },
      "agricultural land: permanent crops": {
        "text": "permanent crops: 0% (2018 est.)"
      },
      "agricultural land: permanent pasture": {
        "text": "permanent pasture: 0% (2018 est.)"
      },
      "forest": {
        "text": "0% (2018 est.)"
      },
      "other": {
        "text": "34% (2018 est.)"
      }
    },
    "Irrigated land": {
      "text": "NA"
    },
    "Population distribution": {
      "text": "fairly even distribution; no notable trends"
    },
    "Natural hazards": {
      "text": "very large tidal variation can be hazardous to navigation"
    },
    "Geography - note": {
      "text": "largest and southernmost of Channel Islands; about 30% of population concentrated in Saint Helier"
    }
  },
  "People and Society": {
    "Population": {
      "total": {
        "text": "103,387"
      },
      "male": {
        "text": "51,028"
      },
      "female": {
        "text": "52,359 (2024 est.)"
      }
    },
    "Nationality": {
      "noun": {
        "text": "Channel Islander(s)"
      },
      "adjective": {
        "text": "Channel Islander"
      }
    },
    "Ethnic groups": {
      "text": "Jersey 44.4%, British 30.5%, Portuguese/Madeiran 9.4%, Polish 3%, Irish 2.1%, other 10.6% (2021 est.)"
    },
    "Languages": {
      "text": "<p>English (official) 94.5%, Portuguese 4.6%, other 0.9% (includes French (official) and Jerriais)</p> (2001 est.)",
      "note": "<strong>note: </strong>data represent main spoken language; the traditional language of Jersey is Jerriais or Jersey French (a Norman language), which was spoken by fewer than 3,000 people as of 2001;  two thirds of Jerriais speakers are aged 60 and over"
    },
    "Religions": {
      "text": "Christian 85.2%, Baha'i 0.3%, Hindu 0.1%, Jewish 0.1%, Muslim 0.1%, atheist 1.1%, agnostic 13.1% (2020 est.)"
    },
    "Age structure": {
      "0-14 years": {
        "text": "17% (male 9,082/female 8,530)"
      },
      "15-64 years": {
        "text": "64.6% (male 33,840/female 32,989)"
      },
      "65 years and over": {
        "text": "18.3% (2024 est.) (male 8,106/female 10,840)"
      }
    },
    "Dependency ratios": {
      "total dependency ratio": {
        "text": "44.5"
      },
      "youth dependency ratio": {
        "text": "21.3"
      },
      "elderly dependency ratio": {
        "text": "23.2"
      },
      "potential support ratio": {
        "text": "4.3 (2021 est.)"
      },
      "note": "<strong>note:</strong> data represent Guernsey and Jersey"
    },
    "Median age": {
      "total": {
        "text": "38.2 years (2024 est.)"
      },
      "male": {
        "text": "37 years"
      },
      "female": {
        "text": "39.7 years"
      }
    },
    "Population growth rate": {
      "text": "0.56% (2024 est.)"
    },
    "Birth rate": {
      "text": "12.2 births/1,000 population (2024 est.)"
    },
    "Death rate": {
      "text": "7.8 deaths/1,000 population (2024 est.)"
    },
    "Net migration rate": {
      "text": "1.2 migrant(s)/1,000 population (2024 est.)"
    },
    "Population distribution": {
      "text": "fairly even distribution; no notable trends"
    },
    "Urbanization": {
      "urban population": {
        "text": "31.2% of total population (2023)"
      },
      "rate of urbanization": {
        "text": "0.68% annual rate of change (2020-25 est.)"
      },
      "note": "<strong>note:</strong> data include Guernsey and Jersey"
    },
    "Major urban areas - population": {
      "text": "34,000 SAINT HELIER (capital) (2018)"
    },
    "Sex ratio": {
      "at birth": {
        "text": "1.06 male(s)/female"
      },
      "0-14 years": {
        "text": "1.06 male(s)/female"
      },
      "15-64 years": {
        "text": "1.03 male(s)/female"
      },
      "65 years and over": {
        "text": "0.75 male(s)/female"
      },
      "total population": {
        "text": "0.98 male(s)/female (2024 est.)"
      }
    },
    "Infant mortality rate": {
      "total": {
        "text": "3.7 deaths/1,000 live births (2024 est.)"
      },
      "male": {
        "text": "4.2 deaths/1,000 live births"
      },
      "female": {
        "text": "3.3 deaths/1,000 live births"
      }
    },
    "Life expectancy at birth": {
      "total population": {
        "text": "83 years (2024 est.)"
      },
      "male": {
        "text": "80.6 years"
      },
      "female": {
        "text": "85.7 years"
      }
    },
    "Total fertility rate": {
      "text": "1.66 children born/woman (2024 est.)"
    },
    "Gross reproduction rate": {
      "text": "0.81 (2024 est.)"
    },
    "Contraceptive prevalence rate": {
      "text": "NA"
    },
    "Drinking water source": {
      "improved: total": {
        "text": "total: 94.2% of population"
      },
      "unimproved: total": {
        "text": "total: 5.9% of population (2017 est.)"
      },
      "note": "<strong>note</strong>: includes data for Guernsey"
    },
    "Current health expenditure": {
      "text": "NA"
    },
    "Physician density": {
      "text": "NA"
    },
    "Sanitation facility access": {
      "improved: urban": {
        "text": "urban: NA"
      },
      "improved: rural": {
        "text": "rural: NA"
      },
      "improved: total": {
        "text": "total: 98.5% of population"
      },
      "unimproved: urban": {
        "text": "urban: NA"
      },
      "unimproved: rural": {
        "text": "rural: NA"
      },
      "unimproved: total": {
        "text": "total: 1.5% of population (2017)"
      }
    },
    "Children under the age of 5 years underweight": {
      "text": "NA"
    },
    "Education expenditures": {
      "text": "NA"
    },
    "Literacy": {
      "total population": {
        "text": "NA"
      },
      "male": {
        "text": "NA"
      },
      "female": {
        "text": "NA"
      }
    }
  },
  "Environment": {
    "Environment - current issues": {
      "text": "habitat and species depletion due to human encroachment; water pollution; improper solid waste disposal"
    },
    "Climate": {
      "text": "temperate; mild winters and cool summers"
    },
    "Land use": {
      "agricultural land": {
        "text": "66% (2018 est.)"
      },
      "agricultural land: arable land": {
        "text": "arable land: 66% (2018 est.)"
      },
      "agricultural land: permanent crops": {
        "text": "permanent crops: 0% (2018 est.)"
      },
      "agricultural land: permanent pasture": {
        "text": "permanent pasture: 0% (2018 est.)"
      },
      "forest": {
        "text": "0% (2018 est.)"
      },
      "other": {
        "text": "34% (2018 est.)"
      }
    },
    "Urbanization": {
      "urban population": {
        "text": "31.2% of total population (2023)"
      },
      "rate of urbanization": {
        "text": "0.68% annual rate of change (2020-25 est.)"
      },
      "note": "<strong>note:</strong> data include Guernsey and Jersey"
    },
    "Waste and recycling": {
      "municipal solid waste generated annually": {
        "text": "178,933 tons (2016 est.)"
      },
      "municipal solid waste recycled annually": {
        "text": "50,871 tons (2016 est.)"
      },
      "percent of municipal solid waste recycled": {
        "text": "28.4% (2016 est.)"
      },
      "note": "<strong>note:</strong> data include combined totals for Guernsey and Jersey."
    }
  },
  "Government": {
    "Country name": {
      "conventional long form": {
        "text": "Bailiwick of Jersey"
      },
      "conventional short form": {
        "text": "Jersey"
      },
      "former": {
        "text": "Norman Isles"
      },
      "etymology": {
        "text": "the name is of Old Norse origin, but the meaning of the root \"Jer(s)\" is uncertain; the \"-ey\" ending means \"island\""
      }
    },
    "Government type": {
      "text": "parliamentary democracy (Assembly of the States of Jersey)"
    },
    "Dependency status": {
      "text": "British crown dependency"
    },
    "Capital": {
      "name": {
        "text": "Saint Helier"
      },
      "geographic coordinates": {
        "text": "49 11 N, 2 06 W"
      },
      "time difference": {
        "text": "UTC 0 (5 hours ahead of Washington, DC, during Standard Time)"
      },
      "daylight saving time": {
        "text": "+1hr, begins last Sunday in March; ends last Sunday in October"
      },
      "etymology": {
        "text": "named after Saint HELIER, the patron saint of Jersey, who was reputedly martyred on the island in A.D. 555"
      }
    },
    "Administrative divisions": {
      "text": "none (British crown dependency); there are no first-order administrative divisions as defined by the US Government, but there are 12 parishes; Grouville, Saint Brelade, Saint Clement, Saint Helier, Saint John, Saint Lawrence, Saint Martin, Saint Mary, Saint Ouen, Saint Peter, Saint Saviour, Trinity"
    },
    "Independence": {
      "text": "none (British Crown dependency)"
    },
    "National holiday": {
      "text": "Liberation Day, 9 May (1945)"
    },
    "Legal system": {
      "text": "the laws of the UK apply where applicable; includes local statutes"
    },
    "Constitution": {
      "history": {
        "text": "unwritten; partly statutes, partly common law and practice"
      },
      "amendments": {
        "text": "proposed by a government minister to the Assembly of the States of Jersey, by an Assembly member, or by an elected parish head; passage requires several Assembly readings, a majority vote by the Assembly, review by the UK Ministry of Justice, and approval of the British monarch (Royal Assent)"
      }
    },
    "Citizenship": {
      "text": "see United Kingdom"
    },
    "Suffrage": {
      "text": "16 years of age; universal"
    },
    "Executive branch": {
      "chief of state": {
        "text": "King CHARLES III (since 8 September 2022); represented by Lieutenant Governor Jerry KYD (since 8 October 2022)"
      },
      "head of government": {
        "text": "Chief Minister Lyndon FARNHAM (since 25 January 2024); Bailiff Timothy Le COCQ (since 17 October 2019)"
      },
      "cabinet": {
        "text": "Council of Ministers appointed individually by the states"
      },
      "elections/appointments": {
        "text": "the monarchy is hereditary; Council of Ministers, including the chief minister, indirectly elected by the Assembly of States; lieutenant governor and bailiff appointed by the monarch"
      }
    },
    "Legislative branch": {
      "legislature name": {
        "text": "Assembly of the States of Jersey"
      },
      "legislative structure": {
        "text": "unicameral"
      },
      "number of seats": {
        "text": "54 (49 directly elected, 5 appointed)"
      },
      "term in office": {
        "text": "4 years"
      },
      "most recent election date": {
        "text": "6/22/2022"
      },
      "parties elected and seats per party": {
        "text": "BW (35); RJ (10); JLC (2); JA (1); PP (1)"
      },
      "percentage of women in chamber": {
        "text": "42.9%"
      },
      "expected date of next election": {
        "text": "2026"
      },
      "note": "<strong>note:</strong> 5 non-voting members appointed by the monarch include the bailiff, lieutenant governor, dean of Jersey, attorney general, and the solicitor general"
    },
    "Judicial branch": {
      "highest court(s)": {
        "text": "Jersey Court of Appeal (consists of the bailiff, deputy bailiff, and 12 judges); Royal Court (consists of the bailiff, deputy bailiff, 6 commissioners and lay people referred to as jurats, and is organized into Heritage, Family, Probate, and Samedi Divisions); appeals beyond the Court of Appeal are heard by the Judicial Committee of the Privy Council (in London)"
      },
      "judge selection and term of office": {
        "text": "Jersey Court of Appeal bailiffs and judges appointed by the Crown upon the advice of the Secretary of State for Justice; bailiffs and judges appointed for \"extent of good behavior;\" Royal Court bailiffs appointed by the Crown upon the advice of the Secretary of State for Justice; commissioners appointed by the bailiff; jurats appointed by the Electoral College; bailiffs and commissioners appointed for \"extent of good behavior;\" jurats appointed until retirement at age 72"
      },
      "subordinate courts": {
        "text": "Magistrate's Court; Youth Court; Petty Debts Court; Parish Hall Enquiries (a process of preliminary investigation into youth and minor adult offenses to determine need for presentation before a court)"
      }
    },
    "Political parties": {
      "text": "Better Way or BW (group of independent candidates)<br>Jersey Alliance or JA <br>Jersey Liberal Conservatives or JLC <br>Progress Party or PP <br>Reform Jersey or RJ",
      "note": "<strong>note:</strong> most deputies sit as independents"
    },
    "International organization participation": {
      "text": "UPU"
    },
    "Diplomatic representation in the US": {
      "text": "none (British Crown dependency)"
    },
    "Diplomatic representation from the US": {
      "embassy": {
        "text": "none (British Crown dependency)"
      }
    },
    "Flag description": {
      "text": "white with a diagonal red cross extending to the corners of the flag; in the upper quadrant, surmounted by a yellow crown, a red shield with three lions in yellow; according to tradition, the ships of Jersey - in an attempt to differentiate themselves from English ships flying the horizontal cross of St. George - rotated the cross to the \"X\" (saltire) configuration; because this arrangement still resembled the Irish cross of St. Patrick, the yellow Plantagenet crown and Jersey coat of arms were added"
    },
    "National symbol(s)": {
      "text": "Jersey cow; national colors: red, white"
    },
    "National anthem": {
      "name": {
        "text": "\"Isle de Siez Nous\" (Island Home)"
      },
      "lyrics/music": {
        "text": "Gerard LE FEUVRE"
      },
      "note": "<strong>note:</strong> adopted 2008; serves as a local anthem; as a British Crown dependency, \"God Save the King\" is official (see United Kingdom)"
    }
  },
  "Economy": {
    "Economic overview": {
      "text": "British territorial island economy; strong offshore banking and finance sectors; low asset taxation; strong tourism sector prior to COVID-19 and Brexit; one of the most expensive places to live; minimal welfare system; historical cider industry"
    },
    "Real GDP (purchasing power parity)": {
      "Real GDP (purchasing power parity) 2016": {
        "text": "$5.569 billion (2016 est.)"
      },
      "Real GDP (purchasing power parity) 2015": {
        "text": "$5.514 billion (2015 est.)"
      },
      "Real GDP (purchasing power parity) 2014": {
        "text": "$4.98 billion (2014 est.)"
      },
      "note": "<strong>note:</strong> data are in 2015 dollars"
    },
    "Real GDP growth rate": {
      "Real GDP growth rate 2023": {
        "text": "3.72% (2023 est.)"
      },
      "Real GDP growth rate 2022": {
        "text": "5.34% (2022 est.)"
      },
      "Real GDP growth rate 2021": {
        "text": "15.46% (2021 est.)"
      },
      "note": "<b>note:</b> annual GDP % growth based on constant local currency; entry includes Jersey and Guernsey"
    },
    "Real GDP per capita": {
      "Real GDP per capita 2016": {
        "text": "$56,600 (2016 est.)"
      },
      "Real GDP per capita 2015": {
        "text": "$49,500 (2015 est.)"
      }
    },
    "GDP (official exchange rate)": {
      "text": "$12.508 billion (2023 est.)",
      "note": "<b>note:</b> data in current dollars at official exchange rate; entry includes Jersey and Guernsey"
    },
    "GDP - composition, by sector of origin": {
      "agriculture": {
        "text": "0.6% (2023 est.)"
      },
      "industry": {
        "text": "8.2% (2023 est.)"
      },
      "services": {
        "text": "91.2% (2023 est.)"
      },
      "note": "<b>note:</b> figures may not total 100% due to non-allocated consumption not captured in sector-reported data"
    },
    "Agricultural products": {
      "text": "potatoes, cauliflower, tomatoes; beef, dairy products"
    },
    "Industries": {
      "text": "tourism, banking and finance, dairy, electronics"
    },
    "Industrial production growth rate": {
      "text": "1.26% (2023 est.)",
      "note": "<b>note:</b> annual % change in industrial value added based on constant local currency; entry includes Jersey and Guernsey"
    },
    "Labor force": {
      "text": "83,000 (2023 est.)",
      "note": "<b>note:</b> number of people ages 15 or older who are employed or seeking work;entry includes Jersey and Guernsey"
    },
    "Unemployment rate": {
      "Unemployment rate 2023": {
        "text": "5.98% (2023 est.)"
      },
      "Unemployment rate 2022": {
        "text": "5.91% (2022 est.)"
      },
      "Unemployment rate 2021": {
        "text": "6.61% (2021 est.)"
      },
      "note": "<b>note:</b> % of labor force seeking employment; entry includes Jersey and Guernsey"
    },
    "Youth unemployment rate (ages 15-24)": {
      "total": {
        "text": "13.5% (2023 est.)"
      },
      "male": {
        "text": "13.7% (2023 est.)"
      },
      "female": {
        "text": "13.2% (2023 est.)"
      },
      "note": "<b>note:</b> % of labor force ages 15-24 seeking employment"
    },
    "Gini Index coefficient - distribution of family income": {
      "Gini Index coefficient - distribution of family income 2014": {
        "text": "0.3 (2014 est.)"
      }
    },
    "Exports - partners": {
      "text": "almost entirely United Kingdom (2022)"
    },
    "Exports - commodities": {
      "text": "refined petroleum, beverages, ships, jewelry, artwork (2022)"
    },
    "Imports - partners": {
      "text": "almost entirely United Kingdom (2022)"
    },
    "Imports - commodities": {
      "text": "artwork, ships, vegetables, fruits, jewelry (2022)"
    },
    "Exchange rates": {
      "Currency": {
        "text": "Jersey pounds (JEP) per US dollar"
      },
      "Exchange rates 2023": {
        "text": "0.805 (2023 est.)"
      },
      "Exchange rates 2022": {
        "text": "0.811 (2022 est.)"
      },
      "Exchange rates 2021": {
        "text": "0.727 (2021 est.)"
      },
      "Exchange rates 2020": {
        "text": "0.78 (2020 est.)"
      },
      "Exchange rates 2019": {
        "text": "0.783 (2019 est.)"
      }
    }
  },
  "Energy": {
    "Electricity access": {
      "electrification - total population": {
        "text": "100% (2022 est.)"
      },
      "note": "<strong>note:</strong> includes Guernsey and Jersey"
    },
    "Carbon dioxide emissions": {
      "text": "450,000 metric tonnes of CO2 (2012 est.)"
    }
  },
  "Communications": {
    "Telephones - fixed lines": {
      "total subscriptions": {
        "text": "48,122 (2021 est.)"
      },
      "subscriptions per 100 inhabitants": {
        "text": "47 (2021 est.)"
      }
    },
    "Telephones - mobile cellular": {
      "total subscriptions": {
        "text": "124,083 (2021 est.)"
      },
      "subscriptions per 100 inhabitants": {
        "text": "120 (2021 est.)"
      }
    },
    "Telecommunication systems": {
      "general assessment": {
        "text": "the telecommunication services comprise of Internet, telephone, broadcasting and postal services, which allow islanders to contact people and receive information; Internet connectivity to the rest of the world is provided by undersea cables linked to Guernsey, the UK and France; (2021)"
      },
      "domestic": {
        "text": "fixed-line 47 per 100 and mobile-cellular 120 per 100 subscriptions (2021)"
      },
      "international": {
        "text": "country code - 44; landing points for the INGRID, UK-Channel Islands-8, and Guernsey-Jersey-4, submarine cable connectivity to Guernsey, the UK, and France (2019)"
      }
    },
    "Broadcast media": {
      "text": "multiple UK terrestrial TV broadcasts are received via a transmitter in Jersey; satellite packages available; BBC Radio Jersey and 1 other radio station operating"
    },
    "Internet country code": {
      "text": ".je"
    },
    "Internet users": {
      "percent of population": {
        "text": "93% (2021 est.)"
      }
    },
    "Broadband - fixed subscriptions": {
      "total": {
        "text": "39,699 (2020 est.)"
      },
      "subscriptions per 100 inhabitants": {
        "text": "37 (2020 est.)"
      }
    }
  },
  "Transportation": {
    "National air transport system": {
      "number of registered air carriers": {
        "text": "1 (2020) (registered in UK)"
      },
      "inventory of registered aircraft operated by air carriers": {
        "text": "4 (registered in UK)"
      }
    },
    "Airports": {
      "text": "1 (2024)"
    },
    "Roadways": {
      "total": {
        "text": "576 km (2010)"
      }
    },
    "Ports": {
      "total ports": {
        "text": "1 (2024)"
      },
      "large": {
        "text": "0"
      },
      "medium": {
        "text": "0"
      },
      "small": {
        "text": "1"
      },
      "very small": {
        "text": "0"
      },
      "ports with oil terminals": {
        "text": "1"
      },
      "key ports": {
        "text": "Saint Helier Harbour"
      }
    }
  },
  "Military and Security": {
    "Military - note": {
      "text": "defense is the responsibility of the UK"
    }
  },
  "Transnational Issues": {
  }
}