{
  "Introduction": {
    "Background": {
      "text": "Lithuanian lands were united under MINDAUGAS in 1236; over the next century, Lithuania extended its territory through alliances and conquest to include most of present-day Belarus and Ukraine. By the end of the 14th century, Lithuania was the largest state in Europe. An alliance with Poland in 1386 led the two countries into a union through a common ruler. In 1569, Lithuania and Poland formally united into a single dual state, the Polish-Lithuanian Commonwealth. This entity survived until 1795 when surrounding countries partitioned its remnants. Lithuania regained its independence after World War I, but the USSR annexed it in 1940 -- an action never recognized by the US and many other countries. In 1990, Lithuania became the first of the Soviet republics to declare its independence, but Moscow did not recognize this proclamation until 1991. The last Russian troops withdrew in 1993. Lithuania subsequently restructured its economy for integration into West European institutions; it joined both NATO and the EU in 2004. In 2015, Lithuania joined the euro zone, and it joined the Organization for Economic Cooperation and Development in 2018."
    }
  },
  "Geography": {
    "Location": {
      "text": "Eastern Europe, bordering the Baltic Sea, between Latvia and Russia, west of Belarus"
    },
    "Geographic coordinates": {
      "text": "56 00 N, 24 00 E"
    },
    "Map references": {
      "text": "Europe"
    },
    "Area": {
      "total ": {
        "text": "65,300 sq km"
      },
      "land": {
        "text": "62,680 sq km"
      },
      "water": {
        "text": "2,620 sq km"
      }
    },
    "Area - comparative": {
      "text": "slightly larger than West Virginia"
    },
    "Land boundaries": {
      "total": {
        "text": "1,545 km"
      },
      "border countries": {
        "text": "Belarus 640 km; Latvia 544 km; Poland 100 km; Russia (Kaliningrad) 261 km"
      }
    },
    "Coastline": {
      "text": "90 km"
    },
    "Maritime claims": {
      "territorial sea": {
        "text": "12 nm"
      }
    },
    "Climate": {
      "text": "transitional, between maritime and continental; wet, moderate winters and summers"
    },
    "Terrain": {
      "text": "lowland, many scattered small lakes, fertile soil"
    },
    "Elevation": {
      "highest point": {
        "text": "Aukstojas 294 m"
      },
      "lowest point": {
        "text": "Baltic Sea 0 m"
      },
      "mean elevation": {
        "text": "110 m"
      }
    },
    "Natural resources": {
      "text": "peat, arable land, amber"
    },
    "Land use": {
      "agricultural land": {
        "text": "44.8% (2018 est.)"
      },
      "agricultural land: arable land": {
        "text": "arable land: 34.9% (2018 est.)"
      },
      "agricultural land: permanent crops": {
        "text": "permanent crops: 0.5% (2018 est.)"
      },
      "agricultural land: permanent pasture": {
        "text": "permanent pasture: 9.4% (2018 est.)"
      },
      "forest": {
        "text": "34.6% (2018 est.)"
      },
      "other": {
        "text": "20.6% (2018 est.)"
      }
    },
    "Irrigated land": {
      "text": "16 sq km (2013)"
    },
    "Major lakes (area sq km)": {
      "salt water lake(s)": {
        "text": "Curonian Lagoon (shared with Russia) - 1,620 sq km"
      }
    },
    "Population distribution": {
      "text": "fairly even population distribution throughout the country, but somewhat greater concentrations in the southern cities of Vilnius and Kaunas, and the western port of Klaipeda"
    },
    "Natural hazards": {
      "text": "occasional floods, droughts"
    },
    "Geography - note": {
      "text": "fertile central plains are separated by hilly uplands that are ancient glacial deposits"
    }
  },
  "People and Society": {
    "Population": {
      "total": {
        "text": "2,628,186"
      },
      "male": {
        "text": "1,214,994"
      },
      "female": {
        "text": "1,413,192 (2024 est.)"
      }
    },
    "Nationality": {
      "noun": {
        "text": "Lithuanian(s)"
      },
      "adjective": {
        "text": "Lithuanian"
      }
    },
    "Ethnic groups": {
      "text": "Lithuanian 84.6%, Polish 6.5%, Russian 5%, Belarusian 1%, other 1.1%, unspecified 1.8% (2021 est.)"
    },
    "Languages": {
      "Languages": {
        "text": "Lithuanian (official) 85.3%, Russian 6.8%, Polish 5.1%, other 1.1%, two mother tongues 1.7% (2021 est.)"
      },
      "major-language sample(s)": {
        "text": "<br>Pasaulio enciklopedija – naudingas bendrosios informacijos šaltinis. (Lithuanian)<br><br>The World Factbook, the indispensable source for basic information."
      }
    },
    "Religions": {
      "text": "Roman Catholic 74.2%, Russian Orthodox 3.7%, Old Believer 0.6%, Evangelical Lutheran 0.6%, Evangelical Reformist 0.2%, other (including Sunni Muslim, Jewish, Greek Catholic, and Karaite) 0.9%, none 6.1%, unspecified 13.7% (2021 est.)"
    },
    "Age structure": {
      "0-14 years": {
        "text": "15.2% (male 205,154/female 194,386)"
      },
      "15-64 years": {
        "text": "62.6% (male 808,435/female 837,908)"
      },
      "65 years and over": {
        "text": "22.2% (2024 est.) (male 201,405/female 380,898)"
      }
    },
    "Dependency ratios": {
      "total dependency ratio": {
        "text": "55.7"
      },
      "youth dependency ratio": {
        "text": "23.6"
      },
      "elderly dependency ratio": {
        "text": "32.1"
      },
      "potential support ratio": {
        "text": "3.1 (2021 est.)"
      }
    },
    "Median age": {
      "total": {
        "text": "45.1 years (2024 est.)"
      },
      "male": {
        "text": "40.9 years"
      },
      "female": {
        "text": "49.2 years"
      }
    },
    "Population growth rate": {
      "text": "-1.05% (2024 est.)"
    },
    "Birth rate": {
      "text": "8.9 births/1,000 population (2024 est.)"
    },
    "Death rate": {
      "text": "15.2 deaths/1,000 population (2024 est.)"
    },
    "Net migration rate": {
      "text": "-4.1 migrant(s)/1,000 population (2024 est.)"
    },
    "Population distribution": {
      "text": "fairly even population distribution throughout the country, but somewhat greater concentrations in the southern cities of Vilnius and Kaunas, and the western port of Klaipeda"
    },
    "Urbanization": {
      "urban population": {
        "text": "68.7% of total population (2023)"
      },
      "rate of urbanization": {
        "text": "-0.12% annual rate of change (2020-25 est.)"
      }
    },
    "Major urban areas - population": {
      "text": "541,000 VILNIUS (capital) (2023)"
    },
    "Sex ratio": {
      "at birth": {
        "text": "1.06 male(s)/female"
      },
      "0-14 years": {
        "text": "1.06 male(s)/female"
      },
      "15-64 years": {
        "text": "0.96 male(s)/female"
      },
      "65 years and over": {
        "text": "0.53 male(s)/female"
      },
      "total population": {
        "text": "0.86 male(s)/female (2024 est.)"
      }
    },
    "Mother's mean age at first birth": {
      "text": "28.2 years (2020 est.)"
    },
    "Maternal mortality ratio": {
      "text": "9 deaths/100,000 live births (2020 est.)"
    },
    "Infant mortality rate": {
      "total": {
        "text": "3.6 deaths/1,000 live births (2024 est.)"
      },
      "male": {
        "text": "4 deaths/1,000 live births"
      },
      "female": {
        "text": "3.1 deaths/1,000 live births"
      }
    },
    "Life expectancy at birth": {
      "total population": {
        "text": "76.1 years (2024 est.)"
      },
      "male": {
        "text": "70.8 years"
      },
      "female": {
        "text": "81.7 years"
      }
    },
    "Total fertility rate": {
      "text": "1.62 children born/woman (2024 est.)"
    },
    "Gross reproduction rate": {
      "text": "0.79 (2024 est.)"
    },
    "Contraceptive prevalence rate": {
      "text": "NA"
    },
    "Drinking water source": {
      "improved: urban": {
        "text": "urban: 100% of population"
      },
      "improved: rural": {
        "text": "rural: 93.8% of population"
      },
      "improved: total": {
        "text": "total: 98% of population"
      },
      "unimproved: urban": {
        "text": "urban: 0% of population"
      },
      "unimproved: rural": {
        "text": "rural: 6.2% of population"
      },
      "unimproved: total": {
        "text": "total: 2% of population (2020 est.)"
      }
    },
    "Current health expenditure": {
      "text": "7.5% of GDP (2020)"
    },
    "Physician density": {
      "text": "5.08 physicians/1,000 population (2020)"
    },
    "Hospital bed density": {
      "text": "6.4 beds/1,000 population (2018)"
    },
    "Sanitation facility access": {
      "improved: urban": {
        "text": "urban: 99.5% of population"
      },
      "improved: rural": {
        "text": "rural: 88.7% of population"
      },
      "improved: total": {
        "text": "total: 96% of population"
      },
      "unimproved: urban": {
        "text": "urban: 0.5% of population"
      },
      "unimproved: rural": {
        "text": "rural: 11.3% of population"
      },
      "unimproved: total": {
        "text": "total: 4% of population (2020 est.)"
      }
    },
    "Obesity - adult prevalence rate": {
      "text": "26.3% (2016)"
    },
    "Alcohol consumption per capita": {
      "total": {
        "text": "11.93 liters of pure alcohol (2019 est.)"
      },
      "beer": {
        "text": "4.61 liters of pure alcohol (2019 est.)"
      },
      "wine": {
        "text": "0.88 liters of pure alcohol (2019 est.)"
      },
      "spirits": {
        "text": "4.96 liters of pure alcohol (2019 est.)"
      },
      "other alcohols": {
        "text": "1.48 liters of pure alcohol (2019 est.)"
      }
    },
    "Tobacco use": {
      "total": {
        "text": "32% (2020 est.)"
      },
      "male": {
        "text": "42.1% (2020 est.)"
      },
      "female": {
        "text": "21.8% (2020 est.)"
      }
    },
    "Children under the age of 5 years underweight": {
      "text": "2.5% (2021) NA"
    },
    "Currently married women (ages 15-49)": {
      "text": "53.4% (2023 est.)"
    },
    "Child marriage": {
      "women married by age 18": {
        "text": "0.3% (2021 est.)"
      }
    },
    "Education expenditures": {
      "text": "4% of GDP (2019 est.)"
    },
    "Literacy": {
      "definition": {
        "text": "age 15 and over can read and write"
      },
      "total population": {
        "text": "99.8%"
      },
      "male": {
        "text": "99.8%"
      },
      "female": {
        "text": "99.8% (2021)"
      }
    },
    "School life expectancy (primary to tertiary education)": {
      "total": {
        "text": "16 years"
      },
      "male": {
        "text": "16 years"
      },
      "female": {
        "text": "17 years (2020)"
      }
    }
  },
  "Environment": {
    "Environment - current issues": {
      "text": "water pollution; air pollution; deforestation; threatened animal and plant species; chemicals and waste materials released into the environment contaminate soil and groundwater; soil degradation and erosion"
    },
    "Environment - international agreements": {
      "party to": {
        "text": "Air Pollution, Air Pollution-Heavy Metals, Air Pollution-Multi-effect Protocol, Air Pollution-Nitrogen Oxides, Air Pollution-Persistent Organic Pollutants, Air Pollution-Sulphur 85, Air Pollution-Sulphur 94, Air Pollution-Volatile Organic Compounds, Biodiversity, Climate Change, Climate Change-Kyoto Protocol, Climate Change-Paris Agreement, Comprehensive Nuclear Test Ban, Desertification, Endangered Species, Environmental Modification, Hazardous Wastes, Law of the Sea, Ozone Layer Protection, Ship Pollution, Tropical Timber 2006, Wetlands, Whaling"
      },
      "signed, but not ratified": {
        "text": "none of the selected agreements"
      }
    },
    "Climate": {
      "text": "transitional, between maritime and continental; wet, moderate winters and summers"
    },
    "Land use": {
      "agricultural land": {
        "text": "44.8% (2018 est.)"
      },
      "agricultural land: arable land": {
        "text": "arable land: 34.9% (2018 est.)"
      },
      "agricultural land: permanent crops": {
        "text": "permanent crops: 0.5% (2018 est.)"
      },
      "agricultural land: permanent pasture": {
        "text": "permanent pasture: 9.4% (2018 est.)"
      },
      "forest": {
        "text": "34.6% (2018 est.)"
      },
      "other": {
        "text": "20.6% (2018 est.)"
      }
    },
    "Urbanization": {
      "urban population": {
        "text": "68.7% of total population (2023)"
      },
      "rate of urbanization": {
        "text": "-0.12% annual rate of change (2020-25 est.)"
      }
    },
    "Revenue from forest resources": {
      "text": "0.31% of GDP (2018 est.)"
    },
    "Revenue from coal": {
      "text": "0% of GDP (2018 est.)"
    },
    "Air pollutants": {
      "particulate matter emissions": {
        "text": "10.37 micrograms per cubic meter (2019 est.)"
      },
      "carbon dioxide emissions": {
        "text": "12.96 megatons (2016 est.)"
      },
      "methane emissions": {
        "text": "3.15 megatons (2020 est.)"
      }
    },
    "Waste and recycling": {
      "municipal solid waste generated annually": {
        "text": "1.3 million tons (2015 est.)"
      },
      "municipal solid waste recycled annually": {
        "text": "297,960 tons (2015 est.)"
      },
      "percent of municipal solid waste recycled": {
        "text": "22.9% (2015 est.)"
      }
    },
    "Major lakes (area sq km)": {
      "salt water lake(s)": {
        "text": "Curonian Lagoon (shared with Russia) - 1,620 sq km"
      }
    },
    "Total water withdrawal": {
      "municipal": {
        "text": "140 million cubic meters (2020 est.)"
      },
      "industrial": {
        "text": "60 million cubic meters (2020 est.)"
      },
      "agricultural": {
        "text": "60 million cubic meters (2020 est.)"
      }
    },
    "Total renewable water resources": {
      "text": "24.5 billion cubic meters (2020 est.)"
    }
  },
  "Government": {
    "Country name": {
      "conventional long form": {
        "text": "Republic of Lithuania"
      },
      "conventional short form": {
        "text": "Lithuania"
      },
      "local long form": {
        "text": "Lietuvos Respublika"
      },
      "local short form": {
        "text": "Lietuva"
      },
      "former": {
        "text": "Lithuanian Soviet Socialist Republic (while occupied by the USSR)"
      },
      "etymology": {
        "text": "meaning of the name \"Lietuva\" remains unclear and is debated by scholars; it may derive from the Lietava, a stream in east central Lithuania"
      }
    },
    "Government type": {
      "text": "semi-presidential republic"
    },
    "Capital": {
      "name": {
        "text": "Vilnius"
      },
      "geographic coordinates": {
        "text": "54 41 N, 25 19 E"
      },
      "time difference": {
        "text": "UTC+2 (7 hours ahead of Washington, DC, during Standard Time)"
      },
      "daylight saving time": {
        "text": "+1hr, begins last Sunday in March; ends last Sunday in October"
      },
      "etymology": {
        "text": "named after the Vilnia River, which flows into the Neris River at Vilnius; the river name derives from the Lithuanian word \"vilnis\" meaning \"a surge\""
      }
    },
    "Administrative divisions": {
      "text": "60 municipalities (savivaldybe, singular - savivaldybe); Akmene, Alytaus Miestas, Alytus, Anksciai, Birstonas, Birzai, Druskininkai, Elektrenai, Ignalina, Jonava, Joniskis, Jurbarkas, Kaisiadorys, Kalvarija, Kauno Miestas, Kaunas, Kazlu Rudos, Kedainiai, Kelme, Klaipedos Miestas, Klaipeda, Kretinga, Kupiskis, Lazdijai, Marijampole, Mazeikiai, Moletai, Neringa, Pagegiai, Pakruojis, Palangos Miestas, Panevezio Miestas, Panevezys, Pasvalys, Plunge, Prienai, Radviliskis, Raseiniai, Rietavas, Rokiskis, Sakiai, Salcininkai, Siauliu Miestas, Siauliai, Silale, Silute, Sirvintos, Skuodas, Svencionys, Taurage, Telsiai, Trakai, Ukmerge, Utena, Varena, Vilkaviskis, Vilniaus Miestas, Vilnius, Visaginas, Zarasai"
    },
    "Independence": {
      "text": "16 February 1918 (from Soviet Russia and Germany); 11 March 1990 (declared from the Soviet Union); 6 September 1991 (recognized by the Soviet Union); notable earlier dates: 6 July 1253 (coronation of MINDAUGAS, traditional founding date); 1 July 1569 (Polish-Lithuanian Commonwealth created)"
    },
    "National holiday": {
      "text": "Independence Day (or National Day), 16 February (1918); note - 16 February 1918 was the date Lithuania established its statehood and its concomitant independence from Soviet Russia and Germany; 11 March 1990 was the date it declared the restoration of Lithuanian statehood and its concomitant independence from the Soviet Union"
    },
    "Legal system": {
      "text": "civil law system; legislative acts can be appealed to the Constitutional Court"
    },
    "Constitution": {
      "history": {
        "text": "several previous; latest adopted by referendum 25 October 1992, entered into force 2 November 1992"
      },
      "amendments": {
        "text": "proposed by at least one fourth of all Parliament members or by petition of at least 300,000 voters; passage requires two-thirds majority vote of Parliament in each of two readings three months apart and a presidential signature; amendments to constitutional articles on national sovereignty and constitutional amendment procedure also require three-fourths voter approval in a referendum; amended many times, last in 2022"
      }
    },
    "International law organization participation": {
      "text": "accepts compulsory ICJ jurisdiction with reservations; accepts ICCt jurisdiction"
    },
    "Citizenship": {
      "citizenship by birth": {
        "text": "no"
      },
      "citizenship by descent only": {
        "text": "at least one parent must be a citizen of Lithuania"
      },
      "dual citizenship recognized": {
        "text": "no"
      },
      "residency requirement for naturalization": {
        "text": "10 years"
      }
    },
    "Suffrage": {
      "text": "18 years of age; universal"
    },
    "Executive branch": {
      "chief of state": {
        "text": "President Gitanas NAUSEDA (since 12 July 2019)"
      },
      "head of government": {
        "text": "Prime Minister Gintautas PALUCKAS (since 12 December 2024)"
      },
      "cabinet": {
        "text": "Council of Ministers nominated by the prime minister, appointed by the president, approved by Parliament"
      },
      "elections/appointments": {
        "text": "president directly elected by absolute majority popular vote in 2 rounds if needed for a 5-year term (eligible for a second term); election last held on 26 May 2024 (next election to be held in 2029); prime minister appointed by the president, approved by Parliament"
      },
      "election results": {
        "text": "<em><br>2024: </em>Gitanas NAUSEDA elected president in second round; percent of vote -Gitanas NAUSEDA (independent) 75.6%, Ingrida SIMONYTE (TS-LKD) 24.4%<br><em><br>2019:</em> Gitanas NAUSEDA elected president in second round; percent of vote - Gitanas NAUSEDA (independent) 66.7%, Ingrida SIMONYTE (independent) 33.3%"
      }
    },
    "Legislative branch": {
      "legislature name": {
        "text": "Parliament (Seimas)"
      },
      "legislative structure": {
        "text": "unicameral"
      },
      "number of seats": {
        "text": "141 (all directly elected)"
      },
      "electoral system": {
        "text": "mixed system"
      },
      "scope of elections": {
        "text": "full renewal"
      },
      "term in office": {
        "text": "4 years"
      },
      "most recent election date": {
        "text": "10/13/2024 to 10/27/2024"
      },
      "parties elected and seats per party": {
        "text": "Lithuanian Social Democratic Party (LSDP) (52); Homeland Union - Lithuanian Christian Democrats (TS-LKD) (28); Political Party \"The Dawn of Nemunas\" (PPNA) (20); Union of Democrats “For Lithuania” (DSVL) (14); Liberals Movement of the Republic of Lithuania (LS) (12); Lithuanian Farmers and Greens Union (LVŽS) (8); Other (7)"
      },
      "percentage of women in chamber": {
        "text": "28.4%"
      },
      "expected date of next election": {
        "text": "October 2028"
      }
    },
    "Judicial branch": {
      "highest court(s)": {
        "text": "Supreme Court (consists of 37 judges); Constitutional Court (consists of 9 judges)"
      },
      "judge selection and term of office": {
        "text": "Supreme Court judges nominated by the president and appointed by the Seimas; judges serve 5-year renewable terms; Constitutional Court judges appointed by the Seimas from nominations - 3 each by the president of the republic, the Seimas speaker, and the Supreme Court president; judges serve 9-year, nonrenewable terms; one-third of membership reconstituted every 3 years"
      },
      "subordinate courts": {
        "text": "Court of Appeals; district and local courts"
      }
    },
    "Political parties": {
      "text": "Dawn of Nemunas or NA<br>Electoral Action of Poles in Lithuania or LLRA–KŠS<br>Freedom and Justice Party or LT (formerly Lithuanian Freedom Union (Liberals))<br>Freedom Party or LP<br>Homeland Union-Lithuanian Christian Democrats or TS-LKD<br>Labour Party or DP<br>Lithuanian Center Party or LCP<br>Lithuanian Christian Democracy Party or LKDP<br>Lithuanian Farmers and Greens Union or LVZS<br>Lithuanian Green Party or LZP<br>Liberals' Movement or LRLS<br>Lithuanian List or LL<br>Lithuanian Regions Party or LRP<br>Social Democratic Party of Lithuania or LSDP<br>Union of Democrats for Lithuania or DSVL"
    },
    "International organization participation": {
      "text": "Australia Group, BA, BIS, CBSS, CD, CE, EAPC, EBRD, ECB, EIB, EU, FAO, IAEA, IBRD, ICAO, ICC (national committees), ICCt, ICRM, IDA, IFC, IFRCS, ILO, IMF, IMO, Interpol, IOC, IOM, IPU, ISO, ITU, ITUC (NGOs), MIGA, NATO, NIB, NSG, OAS (observer), OECD, OIF (observer), OPCW, OSCE, PCA, Schengen Convention, UN, UNCTAD, UNESCO, UNHRC, UNIDO, UNWTO, UPU, Wassenaar Arrangement, WCO, WHO, WIPO, WMO, WTO"
    },
    "Diplomatic representation in the US": {
      "chief of mission": {
        "text": "Ambassador Audra PLEPYTĖ (since 7 July 2021)"
      },
      "chancery": {
        "text": "2622 16th Street NW, Washington, DC 20009"
      },
      "telephone": {
        "text": "[1] (202) 234-5860"
      },
      "FAX": {
        "text": "[1] (202) 328-0466"
      },
      "email address and website": {
        "text": "<br>info@usa.mfa.lt<br><br>https://usa.mfa.lt/usa/en/"
      },
      "consulate(s) general": {
        "text": "Chicago, Los Angeles, New York"
      }
    },
    "Diplomatic representation from the US": {
      "chief of mission": {
        "text": "Ambassador Kara C. McDONALD (since 26 January 2024)"
      },
      "embassy": {
        "text": "Akmenu gatve 6, Vilnius, LT-03106"
      },
      "mailing address": {
        "text": "4510 Vilnius Place, Washington DC&nbsp; 20521-4510"
      },
      "telephone": {
        "text": "[370] (5) 266-5500"
      },
      "FAX": {
        "text": "[370] (5) 266-5510"
      },
      "email address and website": {
        "text": "<br>consec@state.gov<br><br>https://lt.usembassy.gov/"
      }
    },
    "Flag description": {
      "text": "three equal horizontal bands of yellow (top), green, and red; yellow symbolizes golden fields, as well as the sun, light, and goodness; green represents the forests of the countryside, in addition to nature, freedom, and hope; red stands for courage and the blood spilled in defense of the homeland"
    },
    "National symbol(s)": {
      "text": "mounted knight known as Vytis (the Chaser), white stork; national colors: yellow, green, red"
    },
    "National anthem": {
      "name": {
        "text": "\"Tautiska giesme\" (The National Song)"
      },
      "lyrics/music": {
        "text": "Vincas KUDIRKA"
      },
      "note": "<strong>note:</strong> adopted 1918, restored 1990; written in 1898 while Lithuania was a part of Russia; banned during the Soviet occupation from 1940 to 1990"
    },
    "National heritage": {
      "total World Heritage Sites": {
        "text": "5 (all cultural)"
      },
      "selected World Heritage Site locales": {
        "text": "Vilnius Historic Center; Curonian Spit; Kernavė Archaeological Site; Struve Geodetic Arc; Modernist Kaunas: Architecture of Optimism, 1919-1939"
      }
    }
  },
  "Economy": {
    "Economic overview": {
      "text": "high-income EU and eurozone member, largest Baltic economy; growth stalled due to Ukraine war impact on energy, exports, and fiscal spending for defense and refugee support; rebound supported by EU fund-driven investments and reduced inflation; structural challenges include pension reform, labor market inefficiencies, health care, and education spending"
    },
    "Real GDP (purchasing power parity)": {
      "Real GDP (purchasing power parity) 2023": {
        "text": "$134.219 billion (2023 est.)"
      },
      "Real GDP (purchasing power parity) 2022": {
        "text": "$133.761 billion (2022 est.)"
      },
      "Real GDP (purchasing power parity) 2021": {
        "text": "$130.451 billion (2021 est.)"
      },
      "note": "<b>note:</b> data in 2021 dollars"
    },
    "Real GDP growth rate": {
      "Real GDP growth rate 2023": {
        "text": "0.34% (2023 est.)"
      },
      "Real GDP growth rate 2022": {
        "text": "2.54% (2022 est.)"
      },
      "Real GDP growth rate 2021": {
        "text": "6.28% (2021 est.)"
      },
      "note": "<b>note:</b> annual GDP % growth based on constant local currency"
    },
    "Real GDP per capita": {
      "Real GDP per capita 2023": {
        "text": "$46,700 (2023 est.)"
      },
      "Real GDP per capita 2022": {
        "text": "$47,200 (2022 est.)"
      },
      "Real GDP per capita 2021": {
        "text": "$46,600 (2021 est.)"
      },
      "note": "<b>note:</b> data in 2021 dollars"
    },
    "GDP (official exchange rate)": {
      "text": "$79.79 billion (2023 est.)",
      "note": "<b>note:</b> data in current dollars at official exchange rate"
    },
    "Inflation rate (consumer prices)": {
      "Inflation rate (consumer prices) 2023": {
        "text": "9.12% (2023 est.)"
      },
      "Inflation rate (consumer prices) 2022": {
        "text": "19.71% (2022 est.)"
      },
      "Inflation rate (consumer prices) 2021": {
        "text": "4.68% (2021 est.)"
      },
      "note": "<b>note:</b> annual % change based on consumer prices"
    },
    "Credit ratings": {
      "Fitch rating": {
        "text": "A (2020)"
      },
      "Moody's rating": {
        "text": "A3 (2015)"
      },
      "Standard & Poors rating": {
        "text": "A+ (2020)"
      },
      "note": "<strong>note: </strong>The year refers to the year in which the current credit rating was first obtained."
    },
    "GDP - composition, by sector of origin": {
      "agriculture": {
        "text": "2.7% (2023 est.)"
      },
      "industry": {
        "text": "24.2% (2023 est.)"
      },
      "services": {
        "text": "63.1% (2023 est.)"
      },
      "note": "<b>note:</b> figures may not total 100% due to non-allocated consumption not captured in sector-reported data"
    },
    "GDP - composition, by end use": {
      "household consumption": {
        "text": "57.3% (2023 est.)"
      },
      "government consumption": {
        "text": "17.3% (2023 est.)"
      },
      "investment in fixed capital": {
        "text": "23.7% (2023 est.)"
      },
      "investment in inventories": {
        "text": "-1.7% (2023 est.)"
      },
      "exports of goods and services": {
        "text": "76.5% (2023 est.)"
      },
      "imports of goods and services": {
        "text": "-72.6% (2023 est.)"
      },
      "note": "<b>note:</b> figures may not total 100% due to rounding or gaps in data collection"
    },
    "Agricultural products": {
      "text": "wheat, milk, rapeseed, sugar beets, barley, potatoes, beans, triticale, oats, peas (2022)",
      "note": "<b>note:</b> top ten agricultural products based on tonnage"
    },
    "Industries": {
      "text": "metal-cutting machine tools, electric motors, televisions, refrigerators and freezers, petroleum refining, shipbuilding (small ships), furniture, textiles, food processing, fertilizer, agricultural machinery, optical equipment, lasers, electronic components, computers, amber jewelry, information technology, video game development, app/software development, biotechnology"
    },
    "Industrial production growth rate": {
      "text": "-1.39% (2023 est.)",
      "note": "<b>note:</b> annual % change in industrial value added based on constant local currency"
    },
    "Labor force": {
      "text": "1.519 million (2023 est.)",
      "note": "<b>note:</b> number of people ages 15 or older who are employed or seeking work"
    },
    "Unemployment rate": {
      "Unemployment rate 2023": {
        "text": "6.96% (2023 est.)"
      },
      "Unemployment rate 2022": {
        "text": "5.96% (2022 est.)"
      },
      "Unemployment rate 2021": {
        "text": "7.11% (2021 est.)"
      },
      "note": "<b>note:</b> % of labor force seeking employment"
    },
    "Youth unemployment rate (ages 15-24)": {
      "total": {
        "text": "13.9% (2023 est.)"
      },
      "male": {
        "text": "16.3% (2023 est.)"
      },
      "female": {
        "text": "11.3% (2023 est.)"
      },
      "note": "<b>note:</b> % of labor force ages 15-24 seeking employment"
    },
    "Population below poverty line": {
      "text": "20.9% (2021 est.)",
      "note": "<b>note:</b> % of population with income below national poverty line"
    },
    "Gini Index coefficient - distribution of family income": {
      "Gini Index coefficient - distribution of family income 2021": {
        "text": "36.7 (2021 est.)"
      },
      "note": "<b>note:</b> index (0-100) of income distribution; higher values represent greater inequality"
    },
    "Average household expenditures": {
      "on food": {
        "text": "19.4% of household expenditures (2023 est.)"
      },
      "on alcohol and tobacco": {
        "text": "5.5% of household expenditures (2023 est.)"
      }
    },
    "Household income or consumption by percentage share": {
      "lowest 10%": {
        "text": "2.6% (2021 est.)"
      },
      "highest 10%": {
        "text": "29.1% (2021 est.)"
      },
      "note": "<b>note:</b> % share of income accruing to lowest and highest 10% of population"
    },
    "Remittances": {
      "Remittances 2023": {
        "text": "1.22% of GDP (2023 est.)"
      },
      "Remittances 2022": {
        "text": "1.04% of GDP (2022 est.)"
      },
      "Remittances 2021": {
        "text": "1.16% of GDP (2021 est.)"
      },
      "note": "<b>note:</b> personal transfers and compensation between resident and non-resident individuals/households/entities"
    },
    "Budget": {
      "revenues": {
        "text": "$24.347 billion (2022 est.)"
      },
      "expenditures": {
        "text": "$24.219 billion (2022 est.)"
      },
      "note": "<b>note:</b> central government revenues (excluding grants) and expenses converted to US dollars at average official exchange rate for year indicated"
    },
    "Public debt": {
      "Public debt 2022": {
        "text": "36.04% of GDP (2022 est.)"
      },
      "note": "<b>note:</b> central government debt as a % of GDP"
    },
    "Taxes and other revenues": {
      "text": "21.1% (of GDP) (2022 est.)",
      "note": "<b>note:</b> central government tax revenue as a % of GDP"
    },
    "Current account balance": {
      "Current account balance 2023": {
        "text": "$878.388 million (2023 est.)"
      },
      "Current account balance 2022": {
        "text": "-$4.322 billion (2022 est.)"
      },
      "Current account balance 2021": {
        "text": "$985.051 million (2021 est.)"
      },
      "note": "<b>note:</b> balance of payments - net trade and primary/secondary income in current dollars"
    },
    "Exports": {
      "Exports 2023": {
        "text": "$61.02 billion (2023 est.)"
      },
      "Exports 2022": {
        "text": "$61.448 billion (2022 est.)"
      },
      "Exports 2021": {
        "text": "$53.297 billion (2021 est.)"
      },
      "note": "<b>note:</b> balance of payments - exports of goods and services in current dollars"
    },
    "Exports - partners": {
      "text": "Latvia 13%, Poland 8%, Germany 8%, Russia 6%, US 6% (2022)",
      "note": "<b>note:</b> top five export partners based on percentage share of exports"
    },
    "Exports - commodities": {
      "text": "refined petroleum, furniture, plastic products, natural gas, wheat (2022)",
      "note": "<b>note:</b> top five export commodities based on value in dollars"
    },
    "Imports": {
      "Imports 2023": {
        "text": "$57.899 billion (2023 est.)"
      },
      "Imports 2022": {
        "text": "$62.916 billion (2022 est.)"
      },
      "Imports 2021": {
        "text": "$50.295 billion (2021 est.)"
      },
      "note": "<b>note:</b> balance of payments - imports of goods and services in current dollars"
    },
    "Imports - partners": {
      "text": "Poland 12%, Germany 11%, Latvia 8%, US 6%, Russia 5% (2022)",
      "note": "<b>note:</b> top five import partners based on percentage share of imports"
    },
    "Imports - commodities": {
      "text": "crude petroleum, natural gas, electricity, cars, plastic products (2022)",
      "note": "<b>note:</b> top five import commodities based on value in dollars"
    },
    "Reserves of foreign exchange and gold": {
      "Reserves of foreign exchange and gold 2023": {
        "text": "$6.168 billion (2023 est.)"
      },
      "Reserves of foreign exchange and gold 2022": {
        "text": "$5.365 billion (2022 est.)"
      },
      "Reserves of foreign exchange and gold 2021": {
        "text": "$5.58 billion (2021 est.)"
      },
      "note": "<b>note:</b> holdings of gold (year-end prices)/foreign exchange/special drawing rights in current dollars"
    },
    "Exchange rates": {
      "Currency": {
        "text": "euros (EUR) per US dollar -"
      },
      "Exchange rates 2023": {
        "text": "0.925 (2023 est.)"
      },
      "Exchange rates 2022": {
        "text": "0.95 (2022 est.)"
      },
      "Exchange rates 2021": {
        "text": "0.845 (2021 est.)"
      },
      "Exchange rates 2020": {
        "text": "0.876 (2020 est.)"
      },
      "Exchange rates 2019": {
        "text": "0.893 (2019 est.)"
      }
    }
  },
  "Energy": {
    "Electricity access": {
      "electrification - total population": {
        "text": "100% (2022 est.)"
      }
    },
    "Electricity": {
      "installed generating capacity": {
        "text": "4.258 million kW (2022 est.)"
      },
      "consumption": {
        "text": "11.227 billion kWh (2022 est.)"
      },
      "exports": {
        "text": "2.652 billion kWh (2022 est.)"
      },
      "imports": {
        "text": "11.22 billion kWh (2022 est.)"
      },
      "transmission/distribution losses": {
        "text": "855.476 million kWh (2022 est.)"
      }
    },
    "Electricity generation sources": {
      "fossil fuels": {
        "text": "28.1% of total installed capacity (2022 est.)"
      },
      "solar": {
        "text": "4.7% of total installed capacity (2022 est.)"
      },
      "wind": {
        "text": "42.8% of total installed capacity (2022 est.)"
      },
      "hydroelectricity": {
        "text": "6.6% of total installed capacity (2022 est.)"
      },
      "biomass and waste": {
        "text": "17.8% of total installed capacity (2022 est.)"
      }
    },
    "Nuclear energy": {
      "Number of nuclear reactors permanently shut down": {
        "text": "2 (2023)"
      }
    },
    "Coal": {
      "consumption": {
        "text": "263,000 metric tons (2022 est.)"
      },
      "exports": {
        "text": "154,000 metric tons (2022 est.)"
      },
      "imports": {
        "text": "496,000 metric tons (2022 est.)"
      }
    },
    "Petroleum": {
      "total petroleum production": {
        "text": "4,000 bbl/day (2023 est.)"
      },
      "refined petroleum consumption": {
        "text": "68,000 bbl/day (2023 est.)"
      },
      "crude oil estimated reserves": {
        "text": "12 million barrels (2021 est.)"
      }
    },
    "Natural gas": {
      "consumption": {
        "text": "1.601 billion cubic meters (2022 est.)"
      },
      "exports": {
        "text": "1.921 billion cubic meters (2022 est.)"
      },
      "imports": {
        "text": "3.53 billion cubic meters (2022 est.)"
      }
    },
    "Carbon dioxide emissions": {
      "total emissions": {
        "text": "12.803 million metric tonnes of CO2 (2022 est.)"
      },
      "from coal and metallurgical coke": {
        "text": "586,000 metric tonnes of CO2 (2022 est.)"
      },
      "from petroleum and other liquids": {
        "text": "9.115 million metric tonnes of CO2 (2022 est.)"
      },
      "from consumed natural gas": {
        "text": "3.102 million metric tonnes of CO2 (2022 est.)"
      }
    },
    "Energy consumption per capita": {
      "Total energy consumption per capita 2022": {
        "text": "85.201 million Btu/person (2022 est.)"
      }
    }
  },
  "Communications": {
    "Telephones - fixed lines": {
      "total subscriptions": {
        "text": "224,000 (2023 est.)"
      },
      "subscriptions per 100 inhabitants": {
        "text": "8 (2023 est.)"
      }
    },
    "Telephones - mobile cellular": {
      "total subscriptions": {
        "text": "3.92 million (2023 est.)"
      },
      "subscriptions per 100 inhabitants": {
        "text": "139 (2022 est.)"
      }
    },
    "Telecommunication systems": {
      "general assessment": {
        "text": "<p>Lithuania’s small telecoms market is among the more advanced in Europe, particularly given the universal access to long-term evolution (LTE) infrastructure and the extensive fiber footprint; Operator investment has been focused on fiber broadband and mobile network upgrades; Fiber is now by far the dominant fixed broadband platform, with the number of Digital Subscriber Line (DSL) and cable connections in steady decline; LTE services are available nationally, operators have made steady investments in 5G</p> (2024)"
      },
      "domestic": {
        "text": "nearly 9 per 100 for fixed-line subscriptions; mobile-cellular subscriptions at 139 per 100 persons (2022)"
      },
      "international": {
        "text": "country code - 370; landing points for the BCS East, BCS East-West Interlink and NordBalt connecting Lithuania to Sweden, and Latvia&nbsp;; further transmission by satellite; landline connections to Latvia and Poland (2019)"
      }
    },
    "Broadcast media": {
      "text": "public broadcaster operates 3 channels with the third channel - a satellite channel - introduced in 2007; various privately owned commercial TV broadcasters operate national and multiple regional channels; many privately owned local TV stations; multi-channel cable and satellite TV services available; publicly owned broadcaster operates 3 radio networks; many privately owned commercial broadcasters, with repeater stations in various regions throughout the country"
    },
    "Internet country code": {
      "text": ".lt"
    },
    "Internet users": {
      "percent of population": {
        "text": "89% (2023 est.)"
      }
    },
    "Broadband - fixed subscriptions": {
      "total": {
        "text": "806,000 (2023 est.)"
      },
      "subscriptions per 100 inhabitants": {
        "text": "28 (2023 est.)"
      }
    }
  },
  "Transportation": {
    "National air transport system": {
      "number of registered air carriers": {
        "text": "3 (2020)"
      },
      "inventory of registered aircraft operated by air carriers": {
        "text": "50"
      },
      "annual passenger traffic on registered air carriers": {
        "text": "26,031 (2018)"
      }
    },
    "Civil aircraft registration country code prefix": {
      "text": "LY"
    },
    "Airports": {
      "text": "65 (2024)"
    },
    "Heliports": {
      "text": "2 (2024)"
    },
    "Pipelines": {
      "text": "1,921 km gas, 121 km refined products (2013)"
    },
    "Railways": {
      "total": {
        "text": "1,911 km (2020) 152 km electrified"
      }
    },
    "Roadways": {
      "total": {
        "text": "83,821 km (2022)"
      }
    },
    "Waterways": {
      "text": "441 km (2007) (navigable year-round)"
    },
    "Merchant marine": {
      "total": {
        "text": "59 (2023)"
      },
      "by type": {
        "text": "container ship 3, general cargo 19, oil tanker 2, other 35"
      }
    },
    "Ports": {
      "total ports": {
        "text": "2 (2024)"
      },
      "large": {
        "text": "0"
      },
      "medium": {
        "text": "1"
      },
      "small": {
        "text": "0"
      },
      "very small": {
        "text": "1"
      },
      "ports with oil terminals": {
        "text": "2"
      },
      "key ports": {
        "text": "Butinge Oil Terminal, Klaipeda"
      }
    }
  },
  "Military and Security": {
    "Military and security forces": {
      "text": "Lithuanian Armed Forces (Lietuvos Ginkluotosios Pajegos): Land Forces (Sausumos Pajegos), Naval Forces (Karines Juru Pajegos), Air Forces (Karines Oro Pajegos), Special Operations Forces (Specialiuju Operaciju Pajegos); National Defense Volunteer Forces (Krašto Apsaugos Savanorių Pajegos or KASP); National Riflemen's Union (Lietuvos šaulių sąjunga) (2024)",
      "note": "<strong>note 1: </strong>the National Rifleman's Union is a civilian paramilitary organization supported by the Lithuanian Government that cooperates with the military but is not part of it; however, in a state of war, its armed formations would fall under the armed forces<br><br><strong>note 2:</strong> the Lithuanian Police and State Border Guard Service are under the Ministry of Interior; in wartime, the State Border Guard Service becomes part of the armed forces"
    },
    "Military expenditures": {
      "Military Expenditures 2024": {
        "text": "2.9% of GDP (2024 est.)"
      },
      "Military Expenditures 2023": {
        "text": "2.8% of GDP (2023)"
      },
      "Military Expenditures 2022": {
        "text": "2.5% of GDP (2022)"
      },
      "Military Expenditures 2021": {
        "text": "2% of GDP (2021)"
      },
      "Military Expenditures 2020": {
        "text": "2.1% of GDP (2020)"
      }
    },
    "Military and security service personnel strengths": {
      "text": "approximately 18,000 active-duty personnel (14,000 Army, including about 5,000 active National Defense Voluntary Forces); 500 Navy; 1,000 Air Force; 2,500 other, including special operations forces, logistics support, training, etc) (2024)"
    },
    "Military equipment inventories and acquisitions": {
      "text": "the military's inventory is a mix of mostly European and US weapons and equipment (2024)"
    },
    "Military service age and obligation": {
      "text": "19-26 years of age for conscripted military service for men; 9-month service obligation; in 2015, Lithuania reinstated conscription after having converted to a professional military in 2008; 18-38 for voluntary service for men and women (2024)",
      "note": "<strong>note 1:</strong> Lithuania conscripts up to 4,000 males each year; conscripts are selected using an automated lottery system<br><br><strong>note 2:</strong> as of 2020, women comprised about 12% of the military's full-time personnel"
    },
    "Military deployments": {
      "text": "<strong>note: </strong>contributes about 350-550 troops to the Lithuania, Poland, and Ukraine joint military brigade (LITPOLUKRBRIG), which was established in 2014; the brigade is headquartered in Poland and is comprised of an international staff, three battalions, and specialized units; units affiliated with the multinational brigade remain within the structures of the armed forces of their respective countries until the brigade is activated for participation in an international operation"
    },
    "Military - note": {
      "text": "the Lithuanian Armed Forces are responsible for the defense of the country’s interests, sovereignty, and territory, fulfilling Lithuania’s commitments to NATO and European security, and contributing to UN international peacekeeping efforts; Russia is Lithuania’s primary security focus, which has only increased since the Russian seizure of Crimea in 2014 and subsequent full-scale attack on Ukraine in 2022; Lithuania has been a member of NATO since 2004 and is reliant on the Alliance as the country’s security guarantor; it is actively engaged in both NATO and EU security, as well as bilaterally with allies such as the other Baltic States, Germany, Poland, the UK, Ukraine, and the US; the Lithuanian military has participated in NATO and EU missions abroad and regularly conducts training and exercises with NATO and EU partner forces; it hosts NATO forces, is a member of the UK-led Joint Expeditionary Force, and contributes troops to a multinational brigade with Poland and Ukraine; Lithuania participated in its first UN peacekeeping mission in 1994<br><br>since 2017, Lithuania has hosted a German-led multinational NATO ground force battlegroup as part of the Alliance’s Enhanced Forward Presence initiative; NATO has also provided air protection for Lithuania since 2004 through its Baltic Air Policing mission; NATO member countries that possess air combat capabilities voluntarily contribute to the mission on four-month rotations; NATO fighter aircraft are hosted at Lithuania’s Šiauliai Air Base (2024)"
    }
  },
  "Transnational Issues": {
    "Refugees and internally displaced persons": {
      "refugees (country of origin)": {
        "text": "41,490 (Ukraine) (as of 11 March 2024)"
      },
      "stateless persons": {
        "text": "2,720 (2022)"
      }
    },
    "Illicit drugs": {
      "text": "<p>source country for amphetamine tablets</p>"
    }
  }
}