{
  "Introduction": {
    "Background": {
      "text": "Founded in 963, Luxembourg became a grand duchy in 1815 and a constituent part of the Kingdom of the Netherlands after the Congress of Vienna. When Belgium declared independence from the Netherlands in 1839, Luxembourg lost more than half of its territory to Belgium but gained a larger measure of autonomy within the Kingdom of the Netherlands.&nbsp; Luxembourg gained full independence in 1867 by promising to remain permanently neutral. Overrun by Germany in both world wars, its neutrality ended in 1948 when it entered into the Benelux Customs Union and joined NATO the following year. In 1957, Luxembourg became one of the six founding countries of the EEC (later the EU), and in 1999 it joined the euro currency zone."
    }
  },
  "Geography": {
    "Location": {
      "text": "Western Europe, between France and Germany"
    },
    "Geographic coordinates": {
      "text": "49 45 N, 6 10 E"
    },
    "Map references": {
      "text": "Europe"
    },
    "Area": {
      "total ": {
        "text": "2,586 sq km"
      },
      "land": {
        "text": "2,586 sq km"
      },
      "water": {
        "text": "0 sq km"
      }
    },
    "Area - comparative": {
      "text": "slightly smaller than Rhode Island; about half the size of Delaware"
    },
    "Land boundaries": {
      "total": {
        "text": "327 km"
      },
      "border countries": {
        "text": "Belgium 130 km; France 69 km; Germany 128 km"
      }
    },
    "Coastline": {
      "text": "0 km (landlocked)"
    },
    "Maritime claims": {
      "text": "none (landlocked)"
    },
    "Climate": {
      "text": "modified continental with mild winters, cool summers"
    },
    "Terrain": {
      "text": "mostly gently rolling uplands with broad, shallow valleys; uplands to slightly mountainous in the north; steep slope down to Moselle flood plain in the southeast"
    },
    "Elevation": {
      "highest point": {
        "text": "Buurgplaatz 559 m"
      },
      "lowest point": {
        "text": "Moselle River 133 m"
      },
      "mean elevation": {
        "text": "325 m"
      }
    },
    "Natural resources": {
      "text": "iron ore (no longer exploited), arable land"
    },
    "Land use": {
      "agricultural land": {
        "text": "50.7% (2018 est.)"
      },
      "agricultural land: arable land": {
        "text": "arable land: 24% (2018 est.)"
      },
      "agricultural land: permanent crops": {
        "text": "permanent crops: 0.6% (2018 est.)"
      },
      "agricultural land: permanent pasture": {
        "text": "permanent pasture: 26.1% (2018 est.)"
      },
      "forest": {
        "text": "33.5% (2018 est.)"
      },
      "other": {
        "text": "15.8% (2018 est.)"
      }
    },
    "Irrigated land": {
      "text": "0 sq km (2012)"
    },
    "Major watersheds (area sq km)": {
      "text": "Atlantic Ocean drainage: Rhine-Maas (198,735 sq km)"
    },
    "Population distribution": {
      "text": "most people live in the south, on or near the border with France"
    },
    "Natural hazards": {
      "text": "occasional flooding"
    },
    "Geography - note": {
      "text": "landlocked; the only grand duchy in the world"
    }
  },
  "People and Society": {
    "Population": {
      "total": {
        "text": "671,254"
      },
      "male": {
        "text": "338,702"
      },
      "female": {
        "text": "332,552 (2024 est.)"
      }
    },
    "Nationality": {
      "noun": {
        "text": "Luxembourger(s)"
      },
      "adjective": {
        "text": "Luxembourg"
      }
    },
    "Ethnic groups": {
      "text": "Luxembourger 52.9%, Portuguese 14.5%, French 7.6%, Italian 3.7%, Belgian 3%, German 2%, Spanish 1.3%, Romania 1%, other 14% (2022 est.)",
      "note": "<strong>note:</strong> data represent population by nationality"
    },
    "Languages": {
      "text": "Luxembourgish (official administrative, judicial, and national language) 48.9%, Portuguese 15.4%, French (official administrative, judicial, and legislative language) 14.9%, Italian 3.6%, English 3.6%, German (official administrative and judicial language) 2.9%, other 10.8% (2021 est.)"
    },
    "Religions": {
      "text": "Christian (predominantly Roman Catholic) 70.6%, Muslim 2.3%, other (includes Buddhist, folk religions, Hindu, Jewish) 0.4%, unaffiliated 26.7% (2020 est.)"
    },
    "Age structure": {
      "0-14 years": {
        "text": "16.7% (male 57,921/female 54,484)"
      },
      "15-64 years": {
        "text": "67.1% (male 231,214/female 219,497)"
      },
      "65 years and over": {
        "text": "16.1% (2024 est.) (male 49,567/female 58,571)"
      }
    },
    "Dependency ratios": {
      "total dependency ratio": {
        "text": "44.2"
      },
      "youth dependency ratio": {
        "text": "23"
      },
      "elderly dependency ratio": {
        "text": "21.3"
      },
      "potential support ratio": {
        "text": "4.7 (2021 est.)"
      }
    },
    "Median age": {
      "total": {
        "text": "39.9 years (2024 est.)"
      },
      "male": {
        "text": "39.4 years"
      },
      "female": {
        "text": "40.4 years"
      }
    },
    "Population growth rate": {
      "text": "1.52% (2024 est.)"
    },
    "Birth rate": {
      "text": "11.6 births/1,000 population (2024 est.)"
    },
    "Death rate": {
      "text": "7.1 deaths/1,000 population (2024 est.)"
    },
    "Net migration rate": {
      "text": "10.8 migrant(s)/1,000 population (2024 est.)"
    },
    "Population distribution": {
      "text": "most people live in the south, on or near the border with France"
    },
    "Urbanization": {
      "urban population": {
        "text": "92.1% of total population (2023)"
      },
      "rate of urbanization": {
        "text": "1.43% annual rate of change (2020-25 est.)"
      }
    },
    "Major urban areas - population": {
      "text": "120,000 LUXEMBOURG (capital) (2018)"
    },
    "Sex ratio": {
      "at birth": {
        "text": "1.06 male(s)/female"
      },
      "0-14 years": {
        "text": "1.06 male(s)/female"
      },
      "15-64 years": {
        "text": "1.05 male(s)/female"
      },
      "65 years and over": {
        "text": "0.85 male(s)/female"
      },
      "total population": {
        "text": "1.02 male(s)/female (2024 est.)"
      }
    },
    "Mother's mean age at first birth": {
      "text": "31 years (2020 est.)"
    },
    "Maternal mortality ratio": {
      "text": "6 deaths/100,000 live births (2020 est.)"
    },
    "Infant mortality rate": {
      "total": {
        "text": "3.2 deaths/1,000 live births (2024 est.)"
      },
      "male": {
        "text": "3.6 deaths/1,000 live births"
      },
      "female": {
        "text": "2.8 deaths/1,000 live births"
      }
    },
    "Life expectancy at birth": {
      "total population": {
        "text": "83.4 years (2024 est.)"
      },
      "male": {
        "text": "80.9 years"
      },
      "female": {
        "text": "85.9 years"
      }
    },
    "Total fertility rate": {
      "text": "1.63 children born/woman (2024 est.)"
    },
    "Gross reproduction rate": {
      "text": "0.79 (2024 est.)"
    },
    "Contraceptive prevalence rate": {
      "text": "NA"
    },
    "Drinking water source": {
      "improved: urban": {
        "text": "urban: 100% of population"
      },
      "improved: rural": {
        "text": "rural: 98.6% of population"
      },
      "improved: total": {
        "text": "total: 99.9% of population"
      },
      "unimproved: urban": {
        "text": "urban: 0% of population"
      },
      "unimproved: rural": {
        "text": "rural: 1.4% of population"
      },
      "unimproved: total": {
        "text": "total: 0.1% of population (2020 est.)"
      }
    },
    "Current health expenditure": {
      "text": "5.8% of GDP (2020)"
    },
    "Physician density": {
      "text": "3.01 physicians/1,000 population (2017)"
    },
    "Hospital bed density": {
      "text": "4.3 beds/1,000 population (2019)"
    },
    "Sanitation facility access": {
      "improved: urban": {
        "text": "urban: 100% of population"
      },
      "improved: rural": {
        "text": "rural: 99.9% of population"
      },
      "improved: total": {
        "text": "total: 100% of population"
      },
      "unimproved: urban": {
        "text": "urban: 0% of population"
      },
      "unimproved: rural": {
        "text": "rural: 0.1% of population"
      },
      "unimproved: total": {
        "text": "total: 0% of population (2020 est.)"
      }
    },
    "Obesity - adult prevalence rate": {
      "text": "22.6% (2016)"
    },
    "Alcohol consumption per capita": {
      "total": {
        "text": "11 liters of pure alcohol (2019 est.)"
      },
      "beer": {
        "text": "4.04 liters of pure alcohol (2019 est.)"
      },
      "wine": {
        "text": "4.73 liters of pure alcohol (2019 est.)"
      },
      "spirits": {
        "text": "2.14 liters of pure alcohol (2019 est.)"
      },
      "other alcohols": {
        "text": "0 liters of pure alcohol (2019 est.)"
      }
    },
    "Tobacco use": {
      "total": {
        "text": "21.1% (2020 est.)"
      },
      "male": {
        "text": "22.4% (2020 est.)"
      },
      "female": {
        "text": "19.8% (2020 est.)"
      }
    },
    "Children under the age of 5 years underweight": {
      "text": "NA"
    },
    "Currently married women (ages 15-49)": {
      "text": "51.4% (2023 est.)"
    },
    "Education expenditures": {
      "text": "5% of GDP (2020 est.)"
    },
    "Literacy": {
      "total population": {
        "text": "NA"
      },
      "male": {
        "text": "NA"
      },
      "female": {
        "text": "NA"
      }
    },
    "School life expectancy (primary to tertiary education)": {
      "total": {
        "text": "15 years"
      },
      "male": {
        "text": "15 years"
      },
      "female": {
        "text": "15 years (2020)"
      }
    }
  },
  "Environment": {
    "Environment - current issues": {
      "text": "air and water pollution in urban areas, soil pollution of farmland; unsustainable patterns of consumption (transport, energy, recreation, space) threaten biodiversity and landscapes"
    },
    "Environment - international agreements": {
      "party to": {
        "text": "Air Pollution, Air Pollution-Heavy Metals, Air Pollution-Multi-effect Protocol, Air Pollution-Nitrogen Oxides, Air Pollution-Persistent Organic Pollutants, Air Pollution-Sulphur 85, Air Pollution-Sulphur 94, Air Pollution-Volatile Organic Compounds, Biodiversity, Climate Change, Climate Change-Kyoto Protocol, Climate Change-Paris Agreement, Comprehensive Nuclear Test Ban, Desertification, Endangered Species, Hazardous Wastes, Law of the Sea, Marine Dumping-London Convention, Marine Dumping-London Protocol, Nuclear Test Ban, Ozone Layer Protection, Ship Pollution, Tropical Timber 2006, Wetlands, Whaling"
      },
      "signed, but not ratified": {
        "text": "Environmental Modification"
      }
    },
    "Climate": {
      "text": "modified continental with mild winters, cool summers"
    },
    "Land use": {
      "agricultural land": {
        "text": "50.7% (2018 est.)"
      },
      "agricultural land: arable land": {
        "text": "arable land: 24% (2018 est.)"
      },
      "agricultural land: permanent crops": {
        "text": "permanent crops: 0.6% (2018 est.)"
      },
      "agricultural land: permanent pasture": {
        "text": "permanent pasture: 26.1% (2018 est.)"
      },
      "forest": {
        "text": "33.5% (2018 est.)"
      },
      "other": {
        "text": "15.8% (2018 est.)"
      }
    },
    "Urbanization": {
      "urban population": {
        "text": "92.1% of total population (2023)"
      },
      "rate of urbanization": {
        "text": "1.43% annual rate of change (2020-25 est.)"
      }
    },
    "Revenue from forest resources": {
      "text": "0.01% of GDP (2018 est.)"
    },
    "Revenue from coal": {
      "text": "0% of GDP (2018 est.)"
    },
    "Air pollutants": {
      "particulate matter emissions": {
        "text": "8.89 micrograms per cubic meter (2019 est.)"
      },
      "carbon dioxide emissions": {
        "text": "8.99 megatons (2016 est.)"
      },
      "methane emissions": {
        "text": "0.61 megatons (2020 est.)"
      }
    },
    "Waste and recycling": {
      "municipal solid waste generated annually": {
        "text": "356,000 tons (2015 est.)"
      },
      "municipal solid waste recycled annually": {
        "text": "100,997 tons (2015 est.)"
      },
      "percent of municipal solid waste recycled": {
        "text": "28.4% (2015 est.)"
      }
    },
    "Major watersheds (area sq km)": {
      "text": "Atlantic Ocean drainage: Rhine-Maas (198,735 sq km)"
    },
    "Total water withdrawal": {
      "municipal": {
        "text": "50 million cubic meters (2020 est.)"
      },
      "industrial": {
        "text": "1.6 million cubic meters (2017 est.)"
      },
      "agricultural": {
        "text": "400,000 cubic meters (2017 est.)"
      }
    },
    "Total renewable water resources": {
      "text": "3.5 billion cubic meters (2020 est.)"
    },
    "Geoparks": {
      "total global geoparks and regional networks": {
        "text": "1"
      },
      "global geoparks and regional networks": {
        "text": "M&euml;llerdall (2023)"
      }
    }
  },
  "Government": {
    "Country name": {
      "conventional long form": {
        "text": "Grand Duchy of Luxembourg"
      },
      "conventional short form": {
        "text": "Luxembourg"
      },
      "local long form": {
        "text": "Grand Duch&eacute; de Luxembourg"
      },
      "local short form": {
        "text": "Luxembourg"
      },
      "etymology": {
        "text": "the name derives from the Celtic \"lucilem\" (little) and the German \"burg\" (castle or fortress) to produce the meaning of the \"little castle\"; the name is actually ironic, since for centuries the Fortress of Luxembourg was one of Europe's most formidable fortifications; the name passed to the surrounding city and then to the country itself"
      }
    },
    "Government type": {
      "text": "constitutional monarchy"
    },
    "Capital": {
      "name": {
        "text": "Luxembourg"
      },
      "geographic coordinates": {
        "text": "49 36 N, 6 07 E"
      },
      "time difference": {
        "text": "UTC+1 (6 hours ahead of Washington, DC, during Standard Time)"
      },
      "daylight saving time": {
        "text": "+1hr, begins last Sunday in March; ends last Sunday in October"
      },
      "etymology": {
        "text": "the name derives from the Celtic <em>lucilem</em> (little) and the German <em>burg</em> (castle or fortress) to produce the meaning of the \"little castle\"; the name is actually ironic, since for centuries the Fortress of Luxembourg was one of Europe's most formidable fortifications; the name passed to the city that grew around the fortress"
      }
    },
    "Administrative divisions": {
      "text": "12 cantons (cantons, singular - canton); Capellen, Clervaux, Diekirch, Echternach, Esch-sur-Alzette, Grevenmacher, Luxembourg, Mersch, Redange, Remich, Vianden, Wiltz"
    },
    "Independence": {
      "text": "1839 (from the Netherlands)"
    },
    "National holiday": {
      "text": "National Day (birthday of Grand Duke HENRI), 23 June; note - this date of birth is not the true date of birth for any of the Royals, but the national festivities were shifted in 1962 to allow observance during a more favorable time of year"
    },
    "Legal system": {
      "text": "civil law system"
    },
    "Constitution": {
      "history": {
        "text": "previous 1842 (heavily amended 1848, 1856); latest effective 17 October 1868"
      },
      "amendments": {
        "text": "proposed by the Chamber of Deputies or by the monarch to the Chamber; passage requires at least two-thirds majority vote by the Chamber in two successive readings three months apart; a referendum can be substituted for the second reading if approved by more than a quarter of the Chamber members or by 25,000 valid voters; adoption by referendum requires a majority of all valid voters; amended many times, last in 2020"
      }
    },
    "International law organization participation": {
      "text": "accepts compulsory ICJ jurisdiction; accepts ICCt jurisdiction"
    },
    "Citizenship": {
      "citizenship by birth": {
        "text": "limited to situations where the parents are either unknown, stateless, or when the nationality law of the parents' state of origin does not permit acquisition of citizenship by descent when the birth occurs outside of national territory"
      },
      "citizenship by descent only": {
        "text": "at least one parent must be a citizen of Luxembourg"
      },
      "dual citizenship recognized": {
        "text": "yes"
      },
      "residency requirement for naturalization": {
        "text": "7 years"
      }
    },
    "Suffrage": {
      "text": "18 years of age; universal and compulsory"
    },
    "Executive branch": {
      "chief of state": {
        "text": "Grand Duke HENRI (since 7 October 2000)"
      },
      "head of government": {
        "text": "Prime Minister Luc FRIEDEN (since 17 November 2023)"
      },
      "cabinet": {
        "text": "Council of Ministers recommended by the prime minister, appointed by the monarch"
      },
      "elections/appointments": {
        "text": "the monarchy is hereditary; following elections to the Chamber of Deputies, the leader of the majority party or majority coalition usually appointed prime minister by the monarch; deputy prime minister appointed by the monarch; prime minister and deputy prime minister are responsible to the Chamber of Deputies"
      }
    },
    "Legislative branch": {
      "legislature name": {
        "text": "Chamber of Deputies (Chambre des députés)"
      },
      "legislative structure": {
        "text": "unicameral"
      },
      "number of seats": {
        "text": "60 (all directly elected)"
      },
      "electoral system": {
        "text": "proportional representation"
      },
      "scope of elections": {
        "text": "full renewal"
      },
      "term in office": {
        "text": "5 years"
      },
      "most recent election date": {
        "text": "10/8/2023"
      },
      "parties elected and seats per party": {
        "text": "Christian Social People's Party (CSV) (21); Democratic Party (PD/DP) (14); Socialist Workers' Party (POSL/LSAP) (11); Alternative Democratic Reform Party (ADR) (5); Greens (DEI GRÉNG) (4); Pirate Party (PIRATEN) (3); Other (2)"
      },
      "percentage of women in chamber": {
        "text": "35%"
      },
      "expected date of next election": {
        "text": "October 2028"
      },
      "note": "<strong>note:</strong> a 21-member Council of State is appointed by the Grand Duke on the advice of the prime minister and serves as an advisory body to the Chamber of Deputies"
    },
    "Judicial branch": {
      "highest court(s)": {
        "text": "Supreme Court of Justice includes Court of Appeal and Court of Cassation (consists of 27 judges on 9 benches); Constitutional Court (consists of 9 members)"
      },
      "judge selection and term of office": {
        "text": "judges of both courts appointed by the monarch for life"
      },
      "subordinate courts": {
        "text": "Court of Accounts; district and local tribunals and courts"
      }
    },
    "Political parties": {
      "text": "Alternative Democratic Reform Party or ADR <br>Christian Social People's Party or CSV <br>Democratic Party or DP <br>Green Party <br>Luxembourg Socialist Workers' Party or LSAP <br>Pirate Party <br>The Left (dei Lenk/la Gauche) "
    },
    "International organization participation": {
      "text": "ADB (nonregional member), Australia Group, Benelux, BIS, CD, CE, EAPC, EBRD, ECB, EIB, EMU, ESA, EU, FAO, FATF, IAEA, IBRD, ICAO, ICC (national committees), ICCt, ICRM, IDA, IEA, IFAD, IFC, IFRCS, ILO, IMF, IMO, Interpol, IOC, IOM, IPU, ISO, ITSO, ITU, ITUC (NGOs), MIGA, NATO, NEA, NSG, OAS (observer), OECD, OIF, OPCW, OSCE, PCA, Schengen Convention, UN, UNCTAD, UNESCO, UNHCR, UNHRC, UNIDO, UNOOSA, UNRWA, UPU, Wassenaar Arrangement, WCO, WHO, WIPO, WMO, WTO, ZC"
    },
    "Diplomatic representation in the US": {
      "chief of mission": {
        "text": "Ambassador Nicole BINTNER-BAKSHIAN (since 15 August 2021)"
      },
      "chancery": {
        "text": "2200 Massachusetts Avenue NW, Washington, DC 20008"
      },
      "telephone": {
        "text": "[1] (202) 265-4171"
      },
      "FAX": {
        "text": "[1] (202) 328-8270"
      },
      "email address and website": {
        "text": "<br>washington.amb@mae.etat.lu<br><br>https://washington.mae.lu/en.html"
      },
      "consulate(s) general": {
        "text": "New York, San Francisco"
      }
    },
    "Diplomatic representation from the US": {
      "chief of mission": {
        "text": "Ambassador&nbsp;(vacant); Charg&eacute; d'Affaires Michael KONSTANTINO (since 19 January 2025)"
      },
      "embassy": {
        "text": "22 Boulevard Emmanuel Servais, L-2535 Luxembourg City"
      },
      "mailing address": {
        "text": "5380 Luxembourg Place, Washington DC&nbsp; 20521-5380"
      },
      "telephone": {
        "text": "[352] 46-01-23-00"
      },
      "FAX": {
        "text": "[352] 46-14-01"
      },
      "email address and website": {
        "text": "<br>Luxembourgconsular@state.gov<br><br>https://lu.usembassy.gov/"
      }
    },
    "Flag description": {
      "text": "three equal horizontal bands of red (top), white, and light blue; similar to the flag of the Netherlands, which uses a darker blue and is shorter; the coloring is derived from the Grand Duke's coat of arms (a red lion on a white and blue striped field)"
    },
    "National symbol(s)": {
      "text": "red, rampant lion; national colors: red, white, light blue"
    },
    "National anthem": {
      "name": {
        "text": "\"Ons Heemecht\" (Our Motherland); \"De Wilhelmus\" (The William)"
      },
      "lyrics/music": {
        "text": "Michel LENTZ/Jean-Antoine ZINNEN; Nikolaus WELTER/unknown"
      },
      "note": "<strong>note:</strong> \"Ons Heemecht,\" adopted 1864, is the national anthem, while \"De Wilhelmus,\" adopted 1919, serves as a royal anthem for use when members of the grand ducal family enter or exit a ceremony in Luxembourg"
    },
    "National heritage": {
      "total World Heritage Sites": {
        "text": "1 (cultural)"
      },
      "selected World Heritage Site locales": {
        "text": "Luxembourg City Old Quarters and Fortifications"
      }
    }
  },
  "Economy": {
    "Economic overview": {
      "text": "high-income EU and eurozone economy; global, highly capitalized banking sector; one of highest GDP-per-capita countries; trending toward recovery after economic contraction from energy-driven inflation, reduced exports and investments, and financial sector weakness"
    },
    "Real GDP (purchasing power parity)": {
      "Real GDP (purchasing power parity) 2023": {
        "text": "$88.533 billion (2023 est.)"
      },
      "Real GDP (purchasing power parity) 2022": {
        "text": "$89.514 billion (2022 est.)"
      },
      "Real GDP (purchasing power parity) 2021": {
        "text": "$88.295 billion (2021 est.)"
      },
      "note": "<b>note:</b> data in 2021 dollars"
    },
    "Real GDP growth rate": {
      "Real GDP growth rate 2023": {
        "text": "-1.1% (2023 est.)"
      },
      "Real GDP growth rate 2022": {
        "text": "1.38% (2022 est.)"
      },
      "Real GDP growth rate 2021": {
        "text": "7.17% (2021 est.)"
      },
      "note": "<b>note:</b> annual GDP % growth based on constant local currency"
    },
    "Real GDP per capita": {
      "Real GDP per capita 2023": {
        "text": "$132,800 (2023 est.)"
      },
      "Real GDP per capita 2022": {
        "text": "$137,100 (2022 est.)"
      },
      "Real GDP per capita 2021": {
        "text": "$137,900 (2021 est.)"
      },
      "note": "<b>note:</b> data in 2021 dollars"
    },
    "GDP (official exchange rate)": {
      "text": "$85.755 billion (2023 est.)",
      "note": "<b>note:</b> data in current dollars at official exchange rate"
    },
    "Inflation rate (consumer prices)": {
      "Inflation rate (consumer prices) 2023": {
        "text": "3.74% (2023 est.)"
      },
      "Inflation rate (consumer prices) 2022": {
        "text": "6.34% (2022 est.)"
      },
      "Inflation rate (consumer prices) 2021": {
        "text": "2.53% (2021 est.)"
      },
      "note": "<b>note:</b> annual % change based on consumer prices"
    },
    "Credit ratings": {
      "Fitch rating": {
        "text": "AAA (1994)"
      },
      "Moody's rating": {
        "text": "Aaa (1989)"
      },
      "Standard & Poors rating": {
        "text": "AAA (1994)"
      },
      "note": "<strong>note: </strong>The year refers to the year in which the current credit rating was first obtained."
    },
    "GDP - composition, by sector of origin": {
      "agriculture": {
        "text": "0.2% (2023 est.)"
      },
      "industry": {
        "text": "10.5% (2023 est.)"
      },
      "services": {
        "text": "80.6% (2023 est.)"
      },
      "note": "<b>note:</b> figures may not total 100% due to non-allocated consumption not captured in sector-reported data"
    },
    "GDP - composition, by end use": {
      "household consumption": {
        "text": "32.2% (2023 est.)"
      },
      "government consumption": {
        "text": "19% (2023 est.)"
      },
      "investment in fixed capital": {
        "text": "18.1% (2023 est.)"
      },
      "investment in inventories": {
        "text": "-0.2% (2023 est.)"
      },
      "exports of goods and services": {
        "text": "212.5% (2023 est.)"
      },
      "imports of goods and services": {
        "text": "-181.7% (2023 est.)"
      },
      "note": "<b>note:</b> figures may not total 100% due to rounding or gaps in data collection"
    },
    "Agricultural products": {
      "text": "milk, wheat, barley, triticale, potatoes, pork, grapes, beef, oats, rapeseed (2022)",
      "note": "<b>note:</b> top ten agricultural products based on tonnage"
    },
    "Industries": {
      "text": "banking and financial services, construction, real estate services, iron, metals, and steel, information technology, telecommunications, cargo transportation and logistics, chemicals, engineering, tires, glass, aluminum, tourism, biotechnology"
    },
    "Industrial production growth rate": {
      "text": "0.48% (2023 est.)",
      "note": "<b>note:</b> annual % change in industrial value added based on constant local currency"
    },
    "Labor force": {
      "text": "350,000 (2023 est.)",
      "note": "<b>note:</b> number of people ages 15 or older who are employed or seeking work"
    },
    "Unemployment rate": {
      "Unemployment rate 2023": {
        "text": "5.19% (2023 est.)"
      },
      "Unemployment rate 2022": {
        "text": "4.59% (2022 est.)"
      },
      "Unemployment rate 2021": {
        "text": "5.25% (2021 est.)"
      },
      "note": "<b>note:</b> % of labor force seeking employment"
    },
    "Youth unemployment rate (ages 15-24)": {
      "total": {
        "text": "19% (2023 est.)"
      },
      "male": {
        "text": "15.7% (2023 est.)"
      },
      "female": {
        "text": "22.9% (2023 est.)"
      },
      "note": "<b>note:</b> % of labor force ages 15-24 seeking employment"
    },
    "Population below poverty line": {
      "text": "17.3% (2021 est.)",
      "note": "<b>note:</b> % of population with income below national poverty line"
    },
    "Gini Index coefficient - distribution of family income": {
      "Gini Index coefficient - distribution of family income 2021": {
        "text": "32.7 (2021 est.)"
      },
      "note": "<b>note:</b> index (0-100) of income distribution; higher values represent greater inequality"
    },
    "Household income or consumption by percentage share": {
      "lowest 10%": {
        "text": "2.8% (2021 est.)"
      },
      "highest 10%": {
        "text": "24.5% (2021 est.)"
      },
      "note": "<b>note:</b> % share of income accruing to lowest and highest 10% of population"
    },
    "Remittances": {
      "Remittances 2023": {
        "text": "2.85% of GDP (2023 est.)"
      },
      "Remittances 2022": {
        "text": "2.72% of GDP (2022 est.)"
      },
      "Remittances 2021": {
        "text": "2.85% of GDP (2021 est.)"
      },
      "note": "<b>note:</b> personal transfers and compensation between resident and non-resident individuals/households/entities"
    },
    "Budget": {
      "revenues": {
        "text": "$33.533 billion (2022 est.)"
      },
      "expenditures": {
        "text": "$33.054 billion (2022 est.)"
      },
      "note": "<b>note:</b> central government revenues (excluding grants) and expenses converted to US dollars at average official exchange rate for year indicated"
    },
    "Public debt": {
      "Public debt 2017": {
        "text": "23% of GDP (2017 est.)"
      },
      "note": "<strong>note:</strong> data cover general government debt and include debt instruments issued (or owned) by government entities other than the treasury; the data include treasury debt held by foreign entities; the data include debt issued by subnational entities, as well as intragovernmental debt; intragovernmental debt consists of treasury borrowings from surpluses in the social funds, such as for retirement, medical care, and unemployment; debt instruments for the social funds are not sold at public auctions"
    },
    "Taxes and other revenues": {
      "text": "25.97% (of GDP) (2022 est.)",
      "note": "<b>note:</b> central government tax revenue as a % of GDP"
    },
    "Current account balance": {
      "Current account balance 2023": {
        "text": "$5.132 billion (2023 est.)"
      },
      "Current account balance 2022": {
        "text": "$5.431 billion (2022 est.)"
      },
      "Current account balance 2021": {
        "text": "$9.558 billion (2021 est.)"
      },
      "note": "<b>note:</b> balance of payments - net trade and primary/secondary income in current dollars"
    },
    "Exports": {
      "Exports 2023": {
        "text": "$176.717 billion (2023 est.)"
      },
      "Exports 2022": {
        "text": "$172.318 billion (2022 est.)"
      },
      "Exports 2021": {
        "text": "$187.022 billion (2021 est.)"
      },
      "note": "<b>note:</b> balance of payments - exports of goods and services in current dollars"
    },
    "Exports - partners": {
      "text": "Germany 20%, France 15%, Belgium 10%, Netherlands 8%, Italy 4% (2022)",
      "note": "<b>note:</b> top five export partners based on percentage share of exports"
    },
    "Exports - commodities": {
      "text": "iron blocks, plastic products, rubber tires, plastics, gas turbines (2022)",
      "note": "<b>note:</b> top five export commodities based on value in dollars"
    },
    "Imports": {
      "Imports 2023": {
        "text": "$148.717 billion (2023 est.)"
      },
      "Imports 2022": {
        "text": "$143.55 billion (2022 est.)"
      },
      "Imports 2021": {
        "text": "$151.729 billion (2021 est.)"
      },
      "note": "<b>note:</b> balance of payments - imports of goods and services in current dollars"
    },
    "Imports - partners": {
      "text": "Belgium 26%, Germany 26%, France 11%, Netherlands 6%, US 3% (2022)",
      "note": "<b>note:</b> top five import partners based on percentage share of imports"
    },
    "Imports - commodities": {
      "text": "refined petroleum, cars, electricity, natural gas, scrap iron (2022)",
      "note": "<b>note:</b> top five import commodities based on value in dollars"
    },
    "Reserves of foreign exchange and gold": {
      "Reserves of foreign exchange and gold 2023": {
        "text": "$2.977 billion (2023 est.)"
      },
      "Reserves of foreign exchange and gold 2022": {
        "text": "$2.874 billion (2022 est.)"
      },
      "Reserves of foreign exchange and gold 2021": {
        "text": "$2.921 billion (2021 est.)"
      },
      "note": "<b>note:</b> holdings of gold (year-end prices)/foreign exchange/special drawing rights in current dollars"
    },
    "Exchange rates": {
      "Currency": {
        "text": "euros (EUR) per US dollar -"
      },
      "Exchange rates 2023": {
        "text": "0.925 (2023 est.)"
      },
      "Exchange rates 2022": {
        "text": "0.95 (2022 est.)"
      },
      "Exchange rates 2021": {
        "text": "0.845 (2021 est.)"
      },
      "Exchange rates 2020": {
        "text": "0.876 (2020 est.)"
      },
      "Exchange rates 2019": {
        "text": "0.893 (2019 est.)"
      }
    }
  },
  "Energy": {
    "Electricity access": {
      "electrification - total population": {
        "text": "100% (2022 est.)"
      }
    },
    "Electricity": {
      "installed generating capacity": {
        "text": "2.002 million kW (2022 est.)"
      },
      "consumption": {
        "text": "6.122 billion kWh (2022 est.)"
      },
      "exports": {
        "text": "1.639 billion kWh (2022 est.)"
      },
      "imports": {
        "text": "7.146 billion kWh (2022 est.)"
      },
      "transmission/distribution losses": {
        "text": "147.934 million kWh (2022 est.)"
      }
    },
    "Electricity generation sources": {
      "fossil fuels": {
        "text": "13.6% of total installed capacity (2022 est.)"
      },
      "solar": {
        "text": "28% of total installed capacity (2022 est.)"
      },
      "wind": {
        "text": "43.4% of total installed capacity (2022 est.)"
      },
      "hydroelectricity": {
        "text": "-40.1% of total installed capacity (2022 est.) <b>note:</b> Luxembourg has negative net hydroelectric power generation based on losses from use of pumped storage hydropower"
      },
      "biomass and waste": {
        "text": "55.1% of total installed capacity (2022 est.)"
      }
    },
    "Coal": {
      "consumption": {
        "text": "62,000 metric tons (2022 est.)"
      },
      "exports": {
        "text": "30.2 metric tons (2022 est.)"
      },
      "imports": {
        "text": "3,000 metric tons (2022 est.)"
      }
    },
    "Petroleum": {
      "refined petroleum consumption": {
        "text": "51,000 bbl/day (2023 est.)"
      }
    },
    "Natural gas": {
      "consumption": {
        "text": "594.24 million cubic meters (2022 est.)"
      },
      "imports": {
        "text": "590.144 million cubic meters (2022 est.)"
      }
    },
    "Carbon dioxide emissions": {
      "total emissions": {
        "text": "8.694 million metric tonnes of CO2 (2022 est.)"
      },
      "from coal and metallurgical coke": {
        "text": "135,000 metric tonnes of CO2 (2022 est.)"
      },
      "from petroleum and other liquids": {
        "text": "7.338 million metric tonnes of CO2 (2022 est.)"
      },
      "from consumed natural gas": {
        "text": "1.221 million metric tonnes of CO2 (2022 est.)"
      }
    },
    "Energy consumption per capita": {
      "Total energy consumption per capita 2022": {
        "text": "232.384 million Btu/person (2022 est.)"
      }
    }
  },
  "Communications": {
    "Telephones - fixed lines": {
      "total subscriptions": {
        "text": "261,000 (2022 est.)"
      },
      "subscriptions per 100 inhabitants": {
        "text": "40 (2022 est.)"
      }
    },
    "Telephones - mobile cellular": {
      "total subscriptions": {
        "text": "876,000 (2021 est.)"
      },
      "subscriptions per 100 inhabitants": {
        "text": "137 (2021 est.)"
      }
    },
    "Telecommunication systems": {
      "general assessment": {
        "text": "Luxembourg has a small telecom sector; there remains some pressure from regulatory measures, though no further reductions to fixed and mobile interconnection tariffs have been imposed through to 2024; high mobile penetration has slowed subscriber growth in the mobile market since 2005, though a recent law requiring SIM card registration has not had an adverse effect on the number of mobile subscribers despite network operators deactivating unregistered cards (2021)"
      },
      "domestic": {
        "text": "fixed-line teledensity about 42 per 100 persons; 140 per 100 mobile-cellular subscriptions (2021)"
      },
      "international": {
        "text": "country code - 352"
      }
    },
    "Broadcast media": {
      "text": "Luxembourg has a long tradition of operating radio and TV services for pan-European audiences and is home to Europe's largest privately owned broadcast media group, the RTL Group, which operates 46 TV stations and 29 radio stations in Europe; also home to Europe's largest satellite operator, Societe Europeenne des Satellites (SES); domestically, the RTL Group operates TV and radio networks; other domestic private radio and TV operators and French and German stations available; satellite and cable TV services available"
    },
    "Internet country code": {
      "text": ".lu"
    },
    "Internet users": {
      "percent of population": {
        "text": "99% (2021 est.)"
      }
    },
    "Broadband - fixed subscriptions": {
      "total": {
        "text": "235,155 (2020 est.)"
      },
      "subscriptions per 100 inhabitants": {
        "text": "38 (2020 est.)"
      }
    }
  },
  "Transportation": {
    "National air transport system": {
      "number of registered air carriers": {
        "text": "4 (2020)"
      },
      "inventory of registered aircraft operated by air carriers": {
        "text": "66"
      },
      "annual passenger traffic on registered air carriers": {
        "text": "2,099,102 (2018)"
      },
      "annual freight traffic on registered air carriers": {
        "text": "7,323,040,000 (2018) mt-km"
      }
    },
    "Civil aircraft registration country code prefix": {
      "text": "LX"
    },
    "Airports": {
      "text": "3 (2024)"
    },
    "Heliports": {
      "text": "11 (2024)"
    },
    "Pipelines": {
      "text": "142 km gas, 27 km refined products (2013)"
    },
    "Railways": {
      "total": {
        "text": "271 km (2020) 262 km electrified"
      }
    },
    "Roadways": {
      "total": {
        "text": "2,746 km (2022)"
      }
    },
    "Waterways": {
      "text": "37 km (2010) (on Moselle River)"
    },
    "Merchant marine": {
      "total": {
        "text": "147 (2023)"
      },
      "by type": {
        "text": "bulk carrier 3, container ship 1, general cargo 24, oil tanker 4, other 115"
      }
    }
  },
  "Military and Security": {
    "Military and security forces": {
      "text": "Luxembourg Army (l'Armée Luxembourgeoise) (2024)",
      "note": "<strong>note:</strong> the Grand Ducal Police maintain internal security and report to the Ministry of Internal Security"
    },
    "Military expenditures": {
      "Military Expenditures 2024": {
        "text": "1.3% of GDP (2024 est.)"
      },
      "Military Expenditures 2023": {
        "text": "1% of GDP (2023)"
      },
      "Military Expenditures 2022": {
        "text": "0.6% of GDP (2022)"
      },
      "Military Expenditures 2021": {
        "text": "0.5% of GDP (2021)"
      },
      "Military Expenditures 2020": {
        "text": "0.6% of GDP (2020)"
      }
    },
    "Military and security service personnel strengths": {
      "text": "approximately 900 active-duty personnel (2024)"
    },
    "Military equipment inventories and acquisitions": {
      "text": "the inventory of Luxembourg's Army is a small mix of Western origin equipment (2024)"
    },
    "Military service age and obligation": {
      "text": "18-26 years of age for voluntary military service for men and women; no conscription (abolished 1969) (2024)",
      "note": "<strong>note 1: </strong>since 2003, the Army has allowed EU citizens 18-24 years of age who have been a resident in the country for at least 36 months to volunteer<strong><br><br>note 2:</strong> 2024, women made up about 12% of the military's full-time personnel"
    },
    "Military - note": {
      "text": "founded in 1881, the Luxembourg Army is responsible for the defense of the country and fulfilling the Grand Duchy’s commitments to NATO, European security, and international peacekeeping, as well as providing support to civil authorities in the event of emergencies, such as floods or disease outbreaks; the Army is an active participant in EU, NATO, and UN missions and has contributed small numbers of troops to multinational operations in such places as Afghanistan, Bosnia and Herzegovina, Chad, Croatia, the Democratic Republic of the Congo, Iraq, Kosovo, Lebanon, North Macedonia, Mali, Mozambique, and Uganda; it trains and exercises regularly with EU and NATO partners and has contributed to the NATO battlegroup forward deployed in Lithuania since 2017; Luxembourg was one of the original 12 countries to sign the North Atlantic Treaty (also known as the Washington Treaty) establishing NATO in 1949<br><br>in 2015, Belgium, the Netherlands, and Luxembourg signed an agreement to conduct joint air policing of their territories; under the agreement, which went into effect in January 2017, the Belgian and Dutch Air Forces trade responsibility for patrolling the skies over the three countries (2024)"
    }
  },
  "Space": {
    "Space agency/agencies": {
      "text": "the Luxembourg Space Agency (LSA; established 2018) (2024)"
    },
    "Space program overview": {
      "text": "aims to be the commercial space hub for Europe; LSA established largely to develop space policy, encourage and coordinate commercial space ventures, support space education, and to promote the country’s space-related capabilities internationally; has a national space strategy; has set up policy and funding initiatives (such as LuxIMPULSE) aimed at encouraging space research, development, innovation, and entrepreneurship and attracting space-based industries; focused on developing commercial satellites and infrastructure (Luxembourg is home to some of the largest commercial satellite companies in the world), as well as other space sector capabilities and technologies, such as autonomous vehicles, robotics, remote sensing (RS), communications, and software; member of the European Space Agency (ESA), participates in ESA programs, and cooperates with individual ESA and EU member states; also has relations with other foreign space agencies and industries, including those of Canada, China, Japan, New Zealand, South Korea, the UAE, and the US (2024)",
      "note": "<strong>note:</strong> further details about the key activities, programs, and milestones of the country’s space program, as well as government spending estimates on the space sector, appear in the Space Programs reference guide"
    }
  },
  "Transnational Issues": {
    "Refugees and internally displaced persons": {
      "refugees (country of origin)": {
        "text": "6,065 (Ukraine) (as of 11 August 2023)"
      },
      "stateless persons": {
        "text": "174 (2022)"
      }
    }
  }
}