{
  "Introduction": {
    "Background": {
      "text": "<p>Spain's powerful world empire of the 16th and 17th centuries ultimately yielded command of the seas to England.  Spain remained neutral during both World Wars but suffered through a devastating civil war (1936-39) resulting in a dictatorship. A peaceful transition to democracy after the death of dictator Francisco FRANCO in 1975 and rapid economic modernization after Spain joined the EU in 1986 gave Spain a dynamic and rapidly growing economy. After a severe recession in the wake of the global financial crisis in 2008, Spain has posted solid years of GDP growth above the EU average. Unemployment has fallen but remains high, especially among youth. Spain is the euro-zone's fourth-largest economy. The country has faced increased domestic turmoil in recent years due to the independence movement in its restive Catalonia region.</p>"
    }
  },
  "Geography": {
    "Location": {
      "text": "Southwestern Europe, bordering the Mediterranean Sea, North Atlantic Ocean, Bay of Biscay, and Pyrenees Mountains; southwest of France"
    },
    "Geographic coordinates": {
      "text": "40 00 N, 4 00 W"
    },
    "Map references": {
      "text": "Europe"
    },
    "Area": {
      "total ": {
        "text": "505,370 sq km"
      },
      "land": {
        "text": "498,980 sq km"
      },
      "water": {
        "text": "6,390 sq km"
      },
      "note": "<strong>note:</strong> there are two autonomous cities - Ceuta and Melilla - and 17 autonomous communities including Balearic Islands and Canary Islands, and three small Spanish possessions off the coast of Morocco - Islas Chafarinas, Penon de Alhucemas, and Penon de Velez de la Gomera"
    },
    "Area - comparative": {
      "text": "almost five times the size of Kentucky; slightly more than twice the size of Oregon"
    },
    "Land boundaries": {
      "total": {
        "text": "1,952.7 km"
      },
      "border countries": {
        "text": "Andorra 63 km; France 646 km; Gibraltar 1.2 km; Portugal 1,224 km; Morocco (Ceuta) 8 km and Morocco (Melilla) 10.5 km"
      },
      "note": "<strong>note:</strong> an additional 75-meter border segment exists between Morocco and the Spanish exclave of Penon de Velez de la Gomera"
    },
    "Coastline": {
      "text": "4,964 km"
    },
    "Maritime claims": {
      "territorial sea": {
        "text": "12 nm"
      },
      "contiguous zone": {
        "text": "24 nm"
      },
      "exclusive economic zone": {
        "text": "200 nm (applies only to the Atlantic Ocean)"
      }
    },
    "Climate": {
      "text": "temperate; clear, hot summers in interior, more moderate and cloudy along coast; cloudy, cold winters in interior, partly cloudy and cool along coast"
    },
    "Terrain": {
      "text": "large, flat to dissected plateau surrounded by rugged hills; Pyrenees Mountains in north"
    },
    "Elevation": {
      "highest point": {
        "text": "Pico de Teide (Tenerife) on Canary Islands 3,718 m"
      },
      "lowest point": {
        "text": "Atlantic Ocean 0 m"
      },
      "mean elevation": {
        "text": "660 m"
      }
    },
    "Natural resources": {
      "text": "coal, lignite, iron ore, copper, lead, zinc, uranium, tungsten, mercury, pyrites, magnesite, fluorspar, gypsum, sepiolite, kaolin, potash, hydropower, arable land"
    },
    "Land use": {
      "agricultural land": {
        "text": "54.1% (2018 est.)"
      },
      "agricultural land: arable land": {
        "text": "arable land: 24.9% (2018 est.)"
      },
      "agricultural land: permanent crops": {
        "text": "permanent crops: 9.1% (2018 est.)"
      },
      "agricultural land: permanent pasture": {
        "text": "permanent pasture: 20.1% (2018 est.)"
      },
      "forest": {
        "text": "36.8% (2018 est.)"
      },
      "other": {
        "text": "9.1% (2018 est.)"
      }
    },
    "Irrigated land": {
      "text": "37,593 sq km (2020)"
    },
    "Major rivers (by length in km)": {
      "text": "Tagus river source (shared with Portugal [m]) - 1,006<br><strong>note</strong> – [s] after country name indicates river source; [m] after country name indicates river mouth"
    },
    "Population distribution": {
      "text": "with the notable exception of Madrid, Sevilla, and Zaragoza, the largest urban agglomerations are found along the Mediterranean and Atlantic coasts; numerous smaller cities are spread throughout the interior reflecting Spain's agrarian heritage; very dense settlement around the capital of Madrid, as well as the port city of Barcelona"
    },
    "Natural hazards": {
      "text": "<p>periodic droughts, occasional flooding</p><p><strong>volcanism:</strong> volcanic activity in the Canary Islands, located off Africa's northwest coast; Teide (3,715 m) has been deemed a Decade Volcano by the International Association of Volcanology and Chemistry of the Earth's Interior, worthy of study due to its explosive history and close proximity to human populations; La Palma (2,426 m), which last erupted in 1971, is the most active of the Canary Islands volcanoes; Lanzarote is the only other historically active volcano</p>"
    },
    "Geography - note": {
      "text": "strategic location along approaches to Strait of Gibraltar; Spain controls a number of territories in northern Morocco including the enclaves of Ceuta and Melilla, and the islands of Penon de Velez de la Gomera, Penon de Alhucemas, and Islas Chafarinas; Spain's Canary Islands are one of four North Atlantic archipelagos that make up Macaronesia; the others are Azores (Portugal), Madeira (Portugal), and Cabo Verde"
    }
  },
  "People and Society": {
    "Population": {
      "total": {
        "text": "47,280,433"
      },
      "male": {
        "text": "23,069,327"
      },
      "female": {
        "text": "24,211,106 (2024 est.)"
      }
    },
    "Nationality": {
      "noun": {
        "text": "Spaniard(s)"
      },
      "adjective": {
        "text": "Spanish"
      }
    },
    "Ethnic groups": {
      "text": "Spanish 84.8%, Moroccan 1.7%, Romanian 1.2%, other 12.3% (2021 est.)",
      "note": "<strong>note:</strong> data represent population by country of birth"
    },
    "Languages": {
      "Languages": {
        "text": "Castilian Spanish (official) 74%, Catalan (official in Catalonia, the Balearic Islands, and the Valencian Community) 17%, Galician (official in Galicia) 7%, Basque (official in the Basque Country and Navarre) 2%, Aranese (official in part of Catalonia) &lt;5,000 speakers"
      },
      "major-language sample(s)": {
        "text": "<br>La Libreta Informativa del Mundo, la fuente indispensable de información básica. (Spanish)<br><br>The World Factbook, the indispensable source for basic information."
      },
      "note": "<strong>note:</strong> Aragonese, Aranese Asturian, Calo, and Valencian are also recognized as regional languages "
    },
    "Religions": {
      "text": "Roman Catholic 58.2%, atheist 16.2%, agnostic 10.8%, other 2.7%, non-believer 10.5%, unspecified 1.7% (2021 est.)"
    },
    "Age structure": {
      "0-14 years": {
        "text": "13% (male 3,147,019/female 3,012,821)"
      },
      "15-64 years": {
        "text": "66.1% (male 15,662,492/female 15,585,138)"
      },
      "65 years and over": {
        "text": "20.9% (2024 est.) (male 4,259,816/female 5,613,147)"
      }
    },
    "Dependency ratios": {
      "total dependency ratio": {
        "text": "52.4"
      },
      "youth dependency ratio": {
        "text": "21.9"
      },
      "elderly dependency ratio": {
        "text": "30.2"
      },
      "potential support ratio": {
        "text": "3.3 (2021 est.)"
      }
    },
    "Median age": {
      "total": {
        "text": "46.8 years (2024 est.)"
      },
      "male": {
        "text": "45.7 years"
      },
      "female": {
        "text": "47.8 years"
      }
    },
    "Population growth rate": {
      "text": "0.12% (2024 est.)"
    },
    "Birth rate": {
      "text": "7.1 births/1,000 population (2024 est.)"
    },
    "Death rate": {
      "text": "10 deaths/1,000 population (2024 est.)"
    },
    "Net migration rate": {
      "text": "4.1 migrant(s)/1,000 population (2024 est.)"
    },
    "Population distribution": {
      "text": "with the notable exception of Madrid, Sevilla, and Zaragoza, the largest urban agglomerations are found along the Mediterranean and Atlantic coasts; numerous smaller cities are spread throughout the interior reflecting Spain's agrarian heritage; very dense settlement around the capital of Madrid, as well as the port city of Barcelona"
    },
    "Urbanization": {
      "urban population": {
        "text": "81.6% of total population (2023)"
      },
      "rate of urbanization": {
        "text": "0.24% annual rate of change (2020-25 est.)"
      },
      "note": "<strong>note:</strong> data include Canary Islands, Ceuta, and Melilla"
    },
    "Major urban areas - population": {
      "text": "6.751 million MADRID (capital), 5.687 million Barcelona, 838,000 Valencia (2023)"
    },
    "Sex ratio": {
      "at birth": {
        "text": "1.05 male(s)/female"
      },
      "0-14 years": {
        "text": "1.04 male(s)/female"
      },
      "15-64 years": {
        "text": "1 male(s)/female"
      },
      "65 years and over": {
        "text": "0.76 male(s)/female"
      },
      "total population": {
        "text": "0.95 male(s)/female (2024 est.)"
      }
    },
    "Mother's mean age at first birth": {
      "text": "31.2 years (2020 est.)"
    },
    "Maternal mortality ratio": {
      "text": "3 deaths/100,000 live births (2020 est.)"
    },
    "Infant mortality rate": {
      "total": {
        "text": "2.4 deaths/1,000 live births (2024 est.)"
      },
      "male": {
        "text": "2.7 deaths/1,000 live births"
      },
      "female": {
        "text": "2.1 deaths/1,000 live births"
      }
    },
    "Life expectancy at birth": {
      "total population": {
        "text": "83 years (2024 est.)"
      },
      "male": {
        "text": "80.3 years"
      },
      "female": {
        "text": "85.8 years"
      }
    },
    "Total fertility rate": {
      "text": "1.3 children born/woman (2024 est.)"
    },
    "Gross reproduction rate": {
      "text": "0.64 (2024 est.)"
    },
    "Contraceptive prevalence rate": {
      "text": "62.1% (2018)",
      "note": "<strong>note:</strong> percent of women aged 18-49"
    },
    "Drinking water source": {
      "improved: urban": {
        "text": "urban: 99.9% of population"
      },
      "improved: rural": {
        "text": "rural: 100% of population"
      },
      "improved: total": {
        "text": "total: 99.9% of population"
      },
      "unimproved: urban": {
        "text": "urban: 0.1% of population"
      },
      "unimproved: rural": {
        "text": "rural: 0% of population"
      },
      "unimproved: total": {
        "text": "total: 0.1% of population (2020 est.)"
      }
    },
    "Current health expenditure": {
      "text": "10.7% of GDP (2020)"
    },
    "Physician density": {
      "text": "4.44 physicians/1,000 population (2019)"
    },
    "Hospital bed density": {
      "text": "3 beds/1,000 population (2018)"
    },
    "Sanitation facility access": {
      "improved: urban": {
        "text": "urban: 100% of population"
      },
      "improved: rural": {
        "text": "rural: 100% of population"
      },
      "improved: total": {
        "text": "total: 100% of population"
      },
      "unimproved: urban": {
        "text": "urban: 0% of population"
      },
      "unimproved: rural": {
        "text": "rural: 0% of population"
      },
      "unimproved: total": {
        "text": "total: 0% of population (2020 est.)"
      }
    },
    "Obesity - adult prevalence rate": {
      "text": "23.8% (2016)"
    },
    "Alcohol consumption per capita": {
      "total": {
        "text": "10.72 liters of pure alcohol (2019 est.)"
      },
      "beer": {
        "text": "4.67 liters of pure alcohol (2019 est.)"
      },
      "wine": {
        "text": "3.52 liters of pure alcohol (2019 est.)"
      },
      "spirits": {
        "text": "2.34 liters of pure alcohol (2019 est.)"
      },
      "other alcohols": {
        "text": "0.19 liters of pure alcohol (2019 est.)"
      }
    },
    "Tobacco use": {
      "total": {
        "text": "27.7% (2020 est.)"
      },
      "male": {
        "text": "28.6% (2020 est.)"
      },
      "female": {
        "text": "26.7% (2020 est.)"
      }
    },
    "Children under the age of 5 years underweight": {
      "text": "NA"
    },
    "Currently married women (ages 15-49)": {
      "text": "50.1% (2023 est.)"
    },
    "Education expenditures": {
      "text": "4.6% of GDP (2020 est.)"
    },
    "Literacy": {
      "definition": {
        "text": "age 15 and over can read and write"
      },
      "total population": {
        "text": "98.6%"
      },
      "male": {
        "text": "99%"
      },
      "female": {
        "text": "98.2% (2020)"
      }
    },
    "School life expectancy (primary to tertiary education)": {
      "total": {
        "text": "18 years"
      },
      "male": {
        "text": "18 years"
      },
      "female": {
        "text": "19 years (2020)"
      }
    }
  },
  "Environment": {
    "Environment - current issues": {
      "text": "pollution of the Mediterranean Sea from raw sewage and effluents from the offshore production of oil and gas and drought are negatively impacting water quality and quantity nationwide; air pollution; deforestation; desertification"
    },
    "Environment - international agreements": {
      "party to": {
        "text": "Air Pollution, Air Pollution-Heavy Metals, Air Pollution-Multi-effect Protocol, Air Pollution-Nitrogen Oxides, Air Pollution-Persistent Organic Pollutants, Air Pollution-Sulphur 94, Air Pollution-Volatile Organic Compounds, Antarctic-Environmental Protection, Antarctic-Marine Living Resources, Antarctic Treaty, Biodiversity, Climate Change, Climate Change-Kyoto Protocol, Climate Change-Paris Agreement, Comprehensive Nuclear Test Ban, Desertification, Endangered Species, Environmental Modification, Hazardous Wastes, Law of the Sea, Marine Dumping-London Convention, Marine Dumping-London Protocol, Marine Life Conservation, Nuclear Test Ban, Ozone Layer Protection, Ship Pollution, Tropical Timber 2006, Wetlands, Whaling"
      },
      "signed, but not ratified": {
        "text": "none of the selected agreements"
      }
    },
    "Climate": {
      "text": "temperate; clear, hot summers in interior, more moderate and cloudy along coast; cloudy, cold winters in interior, partly cloudy and cool along coast"
    },
    "Land use": {
      "agricultural land": {
        "text": "54.1% (2018 est.)"
      },
      "agricultural land: arable land": {
        "text": "arable land: 24.9% (2018 est.)"
      },
      "agricultural land: permanent crops": {
        "text": "permanent crops: 9.1% (2018 est.)"
      },
      "agricultural land: permanent pasture": {
        "text": "permanent pasture: 20.1% (2018 est.)"
      },
      "forest": {
        "text": "36.8% (2018 est.)"
      },
      "other": {
        "text": "9.1% (2018 est.)"
      }
    },
    "Urbanization": {
      "urban population": {
        "text": "81.6% of total population (2023)"
      },
      "rate of urbanization": {
        "text": "0.24% annual rate of change (2020-25 est.)"
      },
      "note": "<strong>note:</strong> data include Canary Islands, Ceuta, and Melilla"
    },
    "Revenue from forest resources": {
      "text": "0.02% of GDP (2018 est.)"
    },
    "Revenue from coal": {
      "text": "0% of GDP (2018 est.)"
    },
    "Air pollutants": {
      "particulate matter emissions": {
        "text": "9.34 micrograms per cubic meter (2019 est.)"
      },
      "carbon dioxide emissions": {
        "text": "244 megatons (2016 est.)"
      },
      "methane emissions": {
        "text": "36.94 megatons (2020 est.)"
      }
    },
    "Waste and recycling": {
      "municipal solid waste generated annually": {
        "text": "20.151 million tons (2015 est.)"
      },
      "municipal solid waste recycled annually": {
        "text": "3,393,428 tons (2015 est.)"
      },
      "percent of municipal solid waste recycled": {
        "text": "16.8% (2015 est.)"
      }
    },
    "Major rivers (by length in km)": {
      "text": "Tagus river source (shared with Portugal [m]) - 1,006<br><strong>note</strong> – [s] after country name indicates river source; [m] after country name indicates river mouth"
    },
    "Total water withdrawal": {
      "municipal": {
        "text": "4.56 billion cubic meters (2020 est.)"
      },
      "industrial": {
        "text": "5.5 billion cubic meters (2020 est.)"
      },
      "agricultural": {
        "text": "18.96 billion cubic meters (2020 est.)"
      }
    },
    "Total renewable water resources": {
      "text": "111.5 billion cubic meters (2020 est.)"
    },
    "Geoparks": {
      "total global geoparks and regional networks": {
        "text": "17 (2024)"
      },
      "global geoparks and regional networks": {
        "text": "Basque Coast UNESCO; Cabo de Gata-N&iacute;jar; Cabo Ortegal; Calatrava Volcanoes. Ciudad Real; Central Catalonia; Courel Mountains; El Hierro; Granada; Lanzarote and Chinijo Islands; Las Loras; Maestrazgo; Molina-Alto; Origens; Sierra Norte de Sevilla; Sierras Subb&eacute;ticas; Sobrarbe-Pirineos: Villuercas Ibores Jara (2024)"
      }
    }
  },
  "Government": {
    "Country name": {
      "conventional long form": {
        "text": "Kingdom of Spain"
      },
      "conventional short form": {
        "text": "Spain"
      },
      "local long form": {
        "text": "Reino de Espana"
      },
      "local short form": {
        "text": "Espana"
      },
      "etymology": {
        "text": "derivation of the name \"Espana\" is uncertain, but may come from the Phoenician term \"span,\" related to the word \"spy,\" meaning \"to forge metals,\" so, \"i-spn-ya\" would mean \"place where metals are forged\"; the ancient Phoenicians long exploited the Iberian Peninsula for its mineral wealth"
      }
    },
    "Government type": {
      "text": "parliamentary constitutional monarchy"
    },
    "Capital": {
      "name": {
        "text": "Madrid"
      },
      "geographic coordinates": {
        "text": "40 24 N, 3 41 W"
      },
      "time difference": {
        "text": "UTC+1 (6 hours ahead of Washington, DC, during Standard Time)"
      },
      "daylight saving time": {
        "text": "+1hr, begins last Sunday in March; ends last Sunday in October"
      },
      "time zone note": {
        "text": "Spain has two time zones, including the Canary Islands (UTC 0)"
      },
      "etymology": {
        "text": "the Romans named the original settlement \"Matrice\" after the river that ran through it; under Arab rule it became \"Majerit,\" meaning \"source of water\"; in medieval Romance dialects (Mozarabic) it became \"Matrit,\" which over time changed to \"Madrid\""
      }
    },
    "Administrative divisions": {
      "text": "17 autonomous communities (comunidades autonomas, singular - comunidad autonoma) and 2 autonomous cities* (ciudades autonomas, singular - ciudad autonoma); Andalucia; Aragon; Asturias; Canarias (Canary Islands); Cantabria; Castilla-La Mancha; Castilla-Leon; Cataluna (Castilian), Catalunya (Catalan), Catalonha (Aranese) [Catalonia]; Ceuta*; Comunidad Valenciana (Castilian), Comunitat Valenciana (Valencian) [Valencian Community]; Extremadura; Galicia; Illes Baleares (Balearic Islands); La Rioja; Madrid; Melilla*; Murcia; Navarra (Castilian), Nafarroa (Basque) [Navarre]; Pais Vasco (Castilian), Euskadi (Basque) [Basque Country]",
      "note": "<strong>note:</strong> the autonomous cities of Ceuta and Melilla plus three small islands of Islas Chafarinas, Penon de Alhucemas, and Penon de Velez de la Gomera, administered directly by the Spanish central government, are all along the coast of Morocco and are collectively referred to as Places of Sovereignty (Plazas de Soberania)"
    },
    "Independence": {
      "text": "1492; the Iberian peninsula was characterized by a variety of independent kingdoms prior to the Muslim occupation that began in the early 8th century A.D. and lasted nearly seven centuries; the small Christian redoubts of the north began the reconquest almost immediately, culminating in the seizure of Granada in 1492; this event completed the unification of several kingdoms and is traditionally considered the forging of present-day Spain"
    },
    "National holiday": {
      "text": "National Day (Hispanic Day), 12 October (1492); note - commemorates the arrival of COLUMBUS in the Americas"
    },
    "Legal system": {
      "text": "civil law system with regional variations"
    },
    "Constitution": {
      "history": {
        "text": "several previous; latest approved by the General Courts 31 October 1978, passed by referendum 6 December 1978, signed by the king 27 December 1978, effective 29 December 1978"
      },
      "amendments": {
        "text": "proposed by the government, by the General Courts (the Congress or the Senate), or by the self-governing communities submitted through the government; passage requires three-fifths majority vote by both houses and passage by referendum if requested by one tenth of the members of either house; proposals disapproved by both houses are submitted to a joint committee, which submits an agreed upon text for another vote; passage requires two-thirds majority vote in Congress and simple majority vote in the Senate; amended 1992, 2011"
      }
    },
    "International law organization participation": {
      "text": "accepts compulsory ICJ jurisdiction with reservations; accepts ICCt jurisdiction"
    },
    "Citizenship": {
      "citizenship by birth": {
        "text": "no"
      },
      "citizenship by descent only": {
        "text": "at least one parent must be a citizen of Spain"
      },
      "dual citizenship recognized": {
        "text": "only with select Latin American countries"
      },
      "residency requirement for naturalization": {
        "text": "10 years for persons with no ties to Spain"
      }
    },
    "Suffrage": {
      "text": "18 years of age; universal"
    },
    "Executive branch": {
      "chief of state": {
        "text": "King FELIPE VI (since 19 June 2014)"
      },
      "head of government": {
        "text": "President of the Government of Spain (prime minister-equivalent) Pedro SANCHEZ PEREZ-CASTEJON (since 2 June 2018)"
      },
      "cabinet": {
        "text": "Council of Ministers designated by the president"
      },
      "elections/appointments": {
        "text": "the monarchy is hereditary; following legislative elections, the monarch usually proposes as president the leader of the majority party or coalition, who is then indirectly elected by the Congress of Deputies; election last held on 23 July 2023 (next to be held on 31 July 2027); vice president and Council of Ministers appointed by the president"
      },
      "election results": {
        "text": "Congress of Deputies vote - 179 to 171 (16 November 2023)"
      },
      "note": "<strong>note:</strong> there is also a Council of State that is the supreme consultative organ of the government, but its recommendations are non-binding"
    },
    "Legislative branch": {
      "legislature name": {
        "text": "The Cortes (Las Cortes Generales)"
      },
      "legislative structure": {
        "text": "bicameral"
      }
    },
    "Legislative branch - lower chamber": {
      "chamber name": {
        "text": "Congress of Deputies (Congreso de los Diputados)"
      },
      "number of seats": {
        "text": "350 (all directly elected)"
      },
      "electoral system": {
        "text": "proportional representation"
      },
      "scope of elections": {
        "text": "full renewal"
      },
      "term in office": {
        "text": "4 years"
      },
      "most recent election date": {
        "text": "7/23/2023"
      },
      "parties elected and seats per party": {
        "text": "People's Party (PP) (136); Spanish Socialist Workers' Party (PSOE) (122); Vox (33); SUMAR (31); Other (28)"
      },
      "percentage of women in chamber": {
        "text": "44.3%"
      },
      "expected date of next election": {
        "text": "July 2027"
      }
    },
    "Legislative branch - upper chamber": {
      "chamber name": {
        "text": "Senate (Senado)"
      },
      "number of seats": {
        "text": "265 (208 directly elected; 57 indirectly elected)"
      },
      "electoral system": {
        "text": "mixed system"
      },
      "scope of elections": {
        "text": "full renewal"
      },
      "term in office": {
        "text": "4 years"
      },
      "most recent election date": {
        "text": "7/23/2023"
      },
      "parties elected and seats per party": {
        "text": "People's Party (PP) (120); Spanish Socialist Workers' Party (PSOE) (72); Other (16)"
      },
      "percentage of women in chamber": {
        "text": "42.5%"
      },
      "expected date of next election": {
        "text": "July 2027"
      }
    },
    "Judicial branch": {
      "highest court(s)": {
        "text": "Supreme Court or Tribunal Supremo (consists of the court president and organized into the Civil Room, with a president and 9 judges; the Penal Room, with a president and 14 judges; the Administrative Room, with a president and 32 judges; the Social Room, with a president and 12 judges; and the Military Room, with a president and 7 judges); Constitutional Court or Tribunal Constitucional de Espana (consists of 12 judges)"
      },
      "judge selection and term of office": {
        "text": "Supreme Court judges appointed by the monarch from candidates proposed by the General Council of the Judiciary Power, a 20-member governing board chaired by the monarch that includes presidential appointees, lawyers, and jurists confirmed by the National Assembly; judges can serve until age 70; Constitutional Court judges nominated by the National Assembly, executive branch, and the General Council of the Judiciary, and appointed by the monarch for 9-year terms"
      },
      "subordinate courts": {
        "text": "National High Court; High Courts of Justice (in each of the autonomous communities); provincial courts; courts of first instance"
      }
    },
    "Political parties": {
      "text": "Asturias Forum or FAC <br>Basque Country Unite (Euskal Herria Bildu) or EH Bildu (coalition of 4 Basque pro-independence parties)<br>Basque Nationalist Party or PNV or EAJ <br>Canarian Coalition or CC (coalition of 5 parties)<br>Ciudadanos Party (Citizens Party) or Cs <br>Compromis - Compromise Coalition <br>Navarrese People's Union or UPN <br>Together for Catalonia or Junts <br>People's Party or PP <br>Republican Left of Catalonia or ERC <br>Spanish Socialist Workers Party or PSOE <br>Teruel Existe or TE <br>Unidas (Unite) or Sumar (electoral coalition formed in March 2022) (formerly Unidas Podemos or UP)<br>Vox or VOX"
    },
    "International organization participation": {
      "text": "ADB (nonregional member), AfDB (nonregional member), Arctic Council (observer), Australia Group, BCIE, BIS, CABEI, CAN (observer), CBSS (observer), CD, CE, CERN, EAPC, EBRD, ECB, EIB, EITI (implementing country), EMU, ESA, EU, FAO, FATF, IADB, IAEA, IBRD, ICAO, ICC (national committees), ICCt, ICRM, IDA, IEA, IFAD, IFC, IFRCS, IHO, ILO, IMF, IMO, IMSO, Interpol, IOC, IOM, IPU, ISO, ITSO, ITU, ITUC (NGOs), LAIA (observer), MIGA, NATO, NEA, NSG, OAS (observer), OECD, OPCW, OSCE, Pacific Alliance (observer), Paris Club, PCA, PIF (partner), Schengen Convention, SELEC (observer), SICA (observer), UN, UNCTAD, UNESCO, UNHCR, UNIDO, UNIFIL, Union Latina, UNOCI, UNOOSA, UNRWA, UNWTO, UPU, Wassenaar Arrangement, WCO, WHO, WIPO, WMO, WTO, ZC"
    },
    "Diplomatic representation in the US": {
      "chief of mission": {
        "text": "Ambassador &Aacute;ngeles MORENO Bau (since 27 February 2024)"
      },
      "chancery": {
        "text": "2375 Pennsylvania Avenue NW, Washington, DC 20037"
      },
      "telephone": {
        "text": "[1] (202) 452-0100"
      },
      "FAX": {
        "text": "[1] (202) 833-5670"
      },
      "email address and website": {
        "text": "<br>emb.washington@maec.es<br><br>https://www.exteriores.gob.es/Embajadas/washington/en/Paginas/index.aspx"
      },
      "consulate(s) general": {
        "text": "Boston, Chicago, Houston, Los Angeles, Miami, New York, San Francisco, San Juan (Puerto Rico)"
      }
    },
    "Diplomatic representation from the US": {
      "chief of mission": {
        "text": "Ambassador&nbsp;(vacant); Charg&eacute; d&rsquo;Affaires Rian Harker HARRIS (since 15 July 2024); note - also accredited to Andorra"
      },
      "embassy": {
        "text": "Calle de Serrano, 75, 28006 Madrid"
      },
      "mailing address": {
        "text": "8500 Madrid Place, Washington DC&nbsp; 20521-8500"
      },
      "telephone": {
        "text": "[34] (91) 587-2200"
      },
      "FAX": {
        "text": "[34] (91) 587-2303"
      },
      "email address and website": {
        "text": "<br>askACS@state.gov<br><br>https://es.usembassy.gov/"
      },
      "consulate(s) general": {
        "text": "Barcelona"
      }
    },
    "Flag description": {
      "text": "three horizontal bands of red (top), yellow (double width), and red with the national coat of arms on the hoist side of the yellow band; the coat of arms is quartered to display the emblems of the traditional kingdoms of Spain (clockwise from upper left, Castile, Leon, Navarre, and Aragon) while Granada is represented by the stylized pomegranate at the bottom of the shield; the arms are framed by two columns representing the Pillars of Hercules, which are the two promontories (Gibraltar and Ceuta) on either side of the eastern end of the Strait of Gibraltar; the red scroll across the two columns bears the imperial motto of \"Plus Ultra\" (further beyond) referring to Spanish lands beyond Europe; the triband arrangement with the center stripe twice the width of the outer dates to the 18th century",
      "note": "<strong>note:</strong> the red and yellow colors are related to those of the oldest Spanish kingdoms: Aragon, Castile, Leon, and Navarre"
    },
    "National symbol(s)": {
      "text": "Pillars of Hercules; national colors: red, yellow"
    },
    "National anthem": {
      "name": {
        "text": "\"Himno Nacional Espanol\" (National Anthem of Spain)"
      },
      "lyrics/music": {
        "text": "no lyrics/unknown"
      },
      "note": "<strong>note:</strong> officially in use between 1770 and 1931, restored in 1939; the Spanish anthem is the first anthem to be officially adopted, but it has no lyrics; in the years prior to 1931 it became known as \"Marcha Real\" (The Royal March); it first appeared in a 1761 military bugle call book and was replaced by \"Himno de Riego\" in the years between 1931 and 1939; the long version of the anthem is used for the king, while the short version is used for the prince, prime minister, and occasions such as sporting events"
    },
    "National heritage": {
      "total World Heritage Sites": {
        "text": "50 (44 cultural, 4 natural, 2 mixed)"
      },
      "selected World Heritage Site locales": {
        "text": "Cave of Altamira and Paleolithic Cave Art of Northern Spain (c); Works of Antoni Gaudí (c); Santiago de Compostela (Old Town) (c); Historic City of Toledo (c); Archaeological Ensemble of Mérida (c); Tower of Hercules (c); Doñana National Park (n); Pyrénées - Mont Perdu (m); Alhambra, Generalife, and Albayzín in Granada (c); Old City of Salamanca (c); Teide National Park (n); Historic Walled Town of Cuenca (c); Old Town of Segovia and its Aqueduct (c); Historic Cordoba (c); El Escorial (c)"
      }
    }
  },
  "Economy": {
    "Economic overview": {
      "text": "high-income core EU and eurozone economy; strong growth driven by public consumption, tourism, and other service exports; tight labor market despite high structural unemployment; government debt remains high amid deficit reductions; innovation and economic freedom ranked lower than EU and OECD peers"
    },
    "Real GDP (purchasing power parity)": {
      "Real GDP (purchasing power parity) 2023": {
        "text": "$2.279 trillion (2023 est.)"
      },
      "Real GDP (purchasing power parity) 2022": {
        "text": "$2.22 trillion (2022 est.)"
      },
      "Real GDP (purchasing power parity) 2021": {
        "text": "$2.091 trillion (2021 est.)"
      },
      "note": "<b>note:</b> data in 2021 dollars"
    },
    "Real GDP growth rate": {
      "Real GDP growth rate 2023": {
        "text": "2.68% (2023 est.)"
      },
      "Real GDP growth rate 2022": {
        "text": "6.18% (2022 est.)"
      },
      "Real GDP growth rate 2021": {
        "text": "6.4% (2021 est.)"
      },
      "note": "<b>note:</b> annual GDP % growth based on constant local currency"
    },
    "Real GDP per capita": {
      "Real GDP per capita 2023": {
        "text": "$47,100 (2023 est.)"
      },
      "Real GDP per capita 2022": {
        "text": "$46,500 (2022 est.)"
      },
      "Real GDP per capita 2021": {
        "text": "$44,100 (2021 est.)"
      },
      "note": "<b>note:</b> data in 2021 dollars"
    },
    "GDP (official exchange rate)": {
      "text": "$1.62 trillion (2023 est.)",
      "note": "<b>note:</b> data in current dollars at official exchange rate"
    },
    "Inflation rate (consumer prices)": {
      "Inflation rate (consumer prices) 2023": {
        "text": "3.53% (2023 est.)"
      },
      "Inflation rate (consumer prices) 2022": {
        "text": "8.39% (2022 est.)"
      },
      "Inflation rate (consumer prices) 2021": {
        "text": "3.09% (2021 est.)"
      },
      "note": "<b>note:</b> annual % change based on consumer prices"
    },
    "Credit ratings": {
      "Fitch rating": {
        "text": "A- (2018)"
      },
      "Moody's rating": {
        "text": "Baa1 (2018)"
      },
      "Standard & Poors rating": {
        "text": "A (2019)"
      },
      "note": "<strong>note: </strong>The year refers to the year in which the current credit rating was first obtained."
    },
    "GDP - composition, by sector of origin": {
      "agriculture": {
        "text": "2.5% (2023 est.)"
      },
      "industry": {
        "text": "20.1% (2023 est.)"
      },
      "services": {
        "text": "68.7% (2023 est.)"
      },
      "note": "<b>note:</b> figures may not total 100% due to non-allocated consumption not captured in sector-reported data"
    },
    "GDP - composition, by end use": {
      "household consumption": {
        "text": "54.3% (2023 est.)"
      },
      "government consumption": {
        "text": "19.5% (2023 est.)"
      },
      "investment in fixed capital": {
        "text": "19.7% (2023 est.)"
      },
      "investment in inventories": {
        "text": "1.3% (2023 est.)"
      },
      "exports of goods and services": {
        "text": "38.1% (2023 est.)"
      },
      "imports of goods and services": {
        "text": "-34.1% (2023 est.)"
      },
      "note": "<b>note:</b> figures may not total 100% due to rounding or gaps in data collection"
    },
    "Agricultural products": {
      "text": "milk, barley, wheat, grapes, pork, olives, tomatoes, maize, oranges, sugar beets (2022)",
      "note": "<b>note:</b> top ten agricultural products based on tonnage"
    },
    "Industries": {
      "text": "textiles and apparel (including footwear), food and beverages, metals and metal manufactures, chemicals, shipbuilding, automobiles, machine tools, tourism, clay and refractory products, footwear, pharmaceuticals, medical equipment"
    },
    "Industrial production growth rate": {
      "text": "1.07% (2023 est.)",
      "note": "<b>note:</b> annual % change in industrial value added based on constant local currency"
    },
    "Labor force": {
      "text": "24.153 million (2023 est.)",
      "note": "<b>note:</b> number of people ages 15 or older who are employed or seeking work"
    },
    "Unemployment rate": {
      "Unemployment rate 2023": {
        "text": "12.14% (2023 est.)"
      },
      "Unemployment rate 2022": {
        "text": "12.92% (2022 est.)"
      },
      "Unemployment rate 2021": {
        "text": "14.78% (2021 est.)"
      },
      "note": "<b>note:</b> % of labor force seeking employment"
    },
    "Youth unemployment rate (ages 15-24)": {
      "total": {
        "text": "28.7% (2023 est.)"
      },
      "male": {
        "text": "28.8% (2023 est.)"
      },
      "female": {
        "text": "28.6% (2023 est.)"
      },
      "note": "<b>note:</b> % of labor force ages 15-24 seeking employment"
    },
    "Population below poverty line": {
      "text": "20.2% (2022 est.)",
      "note": "<b>note:</b> % of population with income below national poverty line"
    },
    "Gini Index coefficient - distribution of family income": {
      "Gini Index coefficient - distribution of family income 2021": {
        "text": "33.9 (2021 est.)"
      },
      "note": "<b>note:</b> index (0-100) of income distribution; higher values represent greater inequality"
    },
    "Average household expenditures": {
      "on food": {
        "text": "12.9% of household expenditures (2023 est.)"
      },
      "on alcohol and tobacco": {
        "text": "4% of household expenditures (2023 est.)"
      }
    },
    "Household income or consumption by percentage share": {
      "lowest 10%": {
        "text": "2.2% (2021 est.)"
      },
      "highest 10%": {
        "text": "24.7% (2021 est.)"
      },
      "note": "<b>note:</b> % share of income accruing to lowest and highest 10% of population"
    },
    "Remittances": {
      "Remittances 2023": {
        "text": "0.33% of GDP (2023 est.)"
      },
      "Remittances 2022": {
        "text": "0.3% of GDP (2022 est.)"
      },
      "Remittances 2021": {
        "text": "0.27% of GDP (2021 est.)"
      },
      "note": "<b>note:</b> personal transfers and compensation between resident and non-resident individuals/households/entities"
    },
    "Budget": {
      "revenues": {
        "text": "$467.609 billion (2022 est.)"
      },
      "expenditures": {
        "text": "$514.452 billion (2022 est.)"
      },
      "note": "<b>note:</b> central government revenues (excluding grants) and expenses converted to US dollars at average official exchange rate for year indicated"
    },
    "Public debt": {
      "Public debt 2022": {
        "text": "109.22% of GDP (2022 est.)"
      },
      "note": "<b>note:</b> central government debt as a % of GDP"
    },
    "Taxes and other revenues": {
      "text": "15.5% (of GDP) (2022 est.)",
      "note": "<b>note:</b> central government tax revenue as a % of GDP"
    },
    "Current account balance": {
      "Current account balance 2023": {
        "text": "$43.012 billion (2023 est.)"
      },
      "Current account balance 2022": {
        "text": "$4.482 billion (2022 est.)"
      },
      "Current account balance 2021": {
        "text": "$11.179 billion (2021 est.)"
      },
      "note": "<b>note:</b> balance of payments - net trade and primary/secondary income in current dollars"
    },
    "Exports": {
      "Exports 2023": {
        "text": "$616.648 billion (2023 est.)"
      },
      "Exports 2022": {
        "text": "$573.598 billion (2022 est.)"
      },
      "Exports 2021": {
        "text": "$492.568 billion (2021 est.)"
      },
      "note": "<b>note:</b> balance of payments - exports of goods and services in current dollars"
    },
    "Exports - partners": {
      "text": "France 17%, Germany 10%, Portugal 9%, Italy 8%, UK 6% (2022)",
      "note": "<b>note:</b> top five export partners based on percentage share of exports"
    },
    "Exports - commodities": {
      "text": "cars, refined petroleum, garments, packaged medicine, vehicle parts/accessories (2022)",
      "note": "<b>note:</b> top five export commodities based on value in dollars"
    },
    "Imports": {
      "Imports 2023": {
        "text": "$552.948 billion (2023 est.)"
      },
      "Imports 2022": {
        "text": "$561.448 billion (2022 est.)"
      },
      "Imports 2021": {
        "text": "$478.032 billion (2021 est.)"
      },
      "note": "<b>note:</b> balance of payments - imports of goods and services in current dollars"
    },
    "Imports - partners": {
      "text": "Germany 11%, China 10%, France 10%, Italy 7%, US 6% (2022)",
      "note": "<b>note:</b> top five import partners based on percentage share of imports"
    },
    "Imports - commodities": {
      "text": "crude petroleum, natural gas, garments, cars, vehicle parts/accessories (2022)",
      "note": "<b>note:</b> top five import commodities based on value in dollars"
    },
    "Reserves of foreign exchange and gold": {
      "Reserves of foreign exchange and gold 2023": {
        "text": "$103.089 billion (2023 est.)"
      },
      "Reserves of foreign exchange and gold 2022": {
        "text": "$92.905 billion (2022 est.)"
      },
      "Reserves of foreign exchange and gold 2021": {
        "text": "$92.201 billion (2021 est.)"
      },
      "note": "<b>note:</b> holdings of gold (year-end prices)/foreign exchange/special drawing rights in current dollars"
    },
    "Exchange rates": {
      "Currency": {
        "text": "euros (EUR) per US dollar -"
      },
      "Exchange rates 2023": {
        "text": "0.925 (2023 est.)"
      },
      "Exchange rates 2022": {
        "text": "0.95 (2022 est.)"
      },
      "Exchange rates 2021": {
        "text": "0.845 (2021 est.)"
      },
      "Exchange rates 2020": {
        "text": "0.876 (2020 est.)"
      },
      "Exchange rates 2019": {
        "text": "0.893 (2019 est.)"
      }
    }
  },
  "Energy": {
    "Electricity access": {
      "electrification - total population": {
        "text": "100% (2022 est.)"
      }
    },
    "Electricity": {
      "installed generating capacity": {
        "text": "118.141 million kW (2022 est.)"
      },
      "consumption": {
        "text": "232.66 billion kWh (2022 est.)"
      },
      "exports": {
        "text": "27.916 billion kWh (2022 est.)"
      },
      "imports": {
        "text": "8.043 billion kWh (2022 est.)"
      },
      "transmission/distribution losses": {
        "text": "26.117 billion kWh (2022 est.)"
      }
    },
    "Electricity generation sources": {
      "fossil fuels": {
        "text": "37.8% of total installed capacity (2022 est.)"
      },
      "nuclear": {
        "text": "20.1% of total installed capacity (2022 est.)"
      },
      "solar": {
        "text": "11.8% of total installed capacity (2022 est.)"
      },
      "wind": {
        "text": "22% of total installed capacity (2022 est.)"
      },
      "hydroelectricity": {
        "text": "5.6% of total installed capacity (2022 est.)"
      },
      "biomass and waste": {
        "text": "2.8% of total installed capacity (2022 est.)"
      }
    },
    "Nuclear energy": {
      "Number of operational nuclear reactors": {
        "text": "7 (2023)"
      },
      "Net capacity of operational nuclear reactors": {
        "text": "7.12GW (2023 est.)"
      },
      "Percent of total electricity production": {
        "text": "20.3% (2023 est.)"
      },
      "Number of nuclear reactors permanently shut down": {
        "text": "3 (2023)"
      }
    },
    "Coal": {
      "production": {
        "text": "1.293 million metric tons (2022 est.)"
      },
      "consumption": {
        "text": "8.255 million metric tons (2022 est.)"
      },
      "exports": {
        "text": "1.45 million metric tons (2022 est.)"
      },
      "imports": {
        "text": "10.775 million metric tons (2022 est.)"
      },
      "proven reserves": {
        "text": "1.187 billion metric tons (2022 est.)"
      }
    },
    "Petroleum": {
      "total petroleum production": {
        "text": "47,000 bbl/day (2023 est.)"
      },
      "refined petroleum consumption": {
        "text": "1.269 million bbl/day (2023 est.)"
      },
      "crude oil estimated reserves": {
        "text": "150 million barrels (2021 est.)"
      }
    },
    "Natural gas": {
      "production": {
        "text": "41.009 million cubic meters (2022 est.)"
      },
      "consumption": {
        "text": "32.833 billion cubic meters (2022 est.)"
      },
      "exports": {
        "text": "6.066 billion cubic meters (2022 est.)"
      },
      "imports": {
        "text": "39.662 billion cubic meters (2022 est.)"
      },
      "proven reserves": {
        "text": "2.549 billion cubic meters (2021 est.)"
      }
    },
    "Carbon dioxide emissions": {
      "total emissions": {
        "text": "266.476 million metric tonnes of CO2 (2022 est.)"
      },
      "from coal and metallurgical coke": {
        "text": "15.6 million metric tonnes of CO2 (2022 est.)"
      },
      "from petroleum and other liquids": {
        "text": "184.054 million metric tonnes of CO2 (2022 est.)"
      },
      "from consumed natural gas": {
        "text": "66.823 million metric tonnes of CO2 (2022 est.)"
      }
    },
    "Energy consumption per capita": {
      "Total energy consumption per capita 2022": {
        "text": "105.979 million Btu/person (2022 est.)"
      }
    }
  },
  "Communications": {
    "Telephones - fixed lines": {
      "total subscriptions": {
        "text": "18.431 million (2023 est.)"
      },
      "subscriptions per 100 inhabitants": {
        "text": "38 (2023 est.)"
      }
    },
    "Telephones - mobile cellular": {
      "total subscriptions": {
        "text": "61.2 million (2023 est.)"
      },
      "subscriptions per 100 inhabitants": {
        "text": "124 (2022 est.)"
      }
    },
    "Telecommunication systems": {
      "general assessment": {
        "text": "Spain&rsquo;s telecom sector has tracked the performance of the overall economy, which has been one of the most heavily impacted by the pandemic in all of Europe; GDP dropped by 10.8% in 2020, while telecom revenue reversed the previous five years&rsquo; positive results by falling 5.3%; fixed-line services were the hardest hit, with revenue falling 13.7%; mobile voice services did not fare much better, falling 4.7%; this is despite relatively small shifts in the number of subscribers, though the harsh lockdown conditions resulted in a significant drop in usage; it had appeared that a return to growth might be possible in 2021 following lifting the state of emergency in May, but the most recent surge in cases and the continued restrictions on travel may once again put the brakes on growth until at least 2022; Spain&rsquo;s fixed-line broadband market managed to extend its decade-long pattern of steady growth into 2020, with a slight increase in demand caused by the need for fast internet access to support working and learning from home; while most of Spain&rsquo;s larger telcos delivered negative revenue and profit in 2020 (2021)"
      },
      "domestic": {
        "text": "fixed-line is 39 per 100 and mobile-cellular 124 telephones per 100 persons (2022)"
      },
      "international": {
        "text": "country code - 34; landing points for the MAREA, Tata TGN-Western Europe, Pencan-9, SAT-3/WASC, Canalink, Atlantis-2, Columbus -111, Estepona-Tetouan, FLAG Europe-Asia (FEA), Balalink, ORVAL and PENBAL-5 submarine cables providing connectivity to Europe, the Middle East, Africa, South America, Asia, Southeast Asia and the US; satellite earth stations - 2 Intelsat (1 Atlantic Ocean and 1 Indian Ocean), Eutelsat; tropospheric scatter to adjacent countries (2019)"
      }
    },
    "Broadcast media": {
      "text": "<p>a mixture of both publicly operated and privately owned TV and radio stations; overall, hundreds of TV channels are available including national, regional, local, public, and international channels; satellite and cable TV systems available; multiple national radio networks, a large number of regional radio networks, and a larger number of local radio stations; overall, hundreds of radio stations </p> (2019)"
    },
    "Internet country code": {
      "text": ".es"
    },
    "Internet users": {
      "percent of population": {
        "text": "95% (2023 est.)"
      }
    },
    "Broadband - fixed subscriptions": {
      "total": {
        "text": "18.2 million (2023 est.)"
      },
      "subscriptions per 100 inhabitants": {
        "text": "38 (2023 est.)"
      }
    }
  },
  "Transportation": {
    "National air transport system": {
      "number of registered air carriers": {
        "text": "21 (2020)"
      },
      "inventory of registered aircraft operated by air carriers": {
        "text": "552"
      },
      "annual passenger traffic on registered air carriers": {
        "text": "80,672,105 (2018)"
      },
      "annual freight traffic on registered air carriers": {
        "text": "1.117 billion (2018) mt-km"
      }
    },
    "Civil aircraft registration country code prefix": {
      "text": "EC"
    },
    "Airports": {
      "text": "363 (2024)"
    },
    "Heliports": {
      "text": "121 (2024)"
    },
    "Pipelines": {
      "text": "10,481 km gas, 358 km oil, 4,378 km refined products (2017)"
    },
    "Railways": {
      "total": {
        "text": "15,489 km (2020) 9,953 km electrified"
      }
    },
    "Roadways": {
      "total": {
        "text": "150,110 km (2021)"
      }
    },
    "Waterways": {
      "text": "1,000 km (2012)"
    },
    "Merchant marine": {
      "total": {
        "text": "503 (2023)"
      },
      "by type": {
        "text": "bulk carrier 1, general cargo 33, oil tanker 24, other 445"
      }
    },
    "Ports": {
      "total ports": {
        "text": "52 (2024)"
      },
      "large": {
        "text": "3"
      },
      "medium": {
        "text": "14"
      },
      "small": {
        "text": "9"
      },
      "very small": {
        "text": "24"
      },
      "size unknown": {
        "text": "2"
      },
      "ports with oil terminals": {
        "text": "13"
      },
      "key ports": {
        "text": "Alicante, Barcelona, Cadiz, Ceuta, Ferrol, Huelva, Las Palmas, Malaga, Palma de Mallorca, Puerto de Bilbao, Puerto de Pasajes, Santa Cruz de Tenerife, Santander, Sevilla, Tarragona, Valencia, Vigo"
      }
    }
  },
  "Military and Security": {
    "Military and security forces": {
      "text": "Spanish Armed Forces (Fuerzas Armadas de España): Army (Ejército de Tierra), Spanish Navy (Armada Espanola; includes Marine Corps), Air and Space Force (Ejército del Aire y del Espacio), Emergency Response Unit (Unidad Militar de Emergencias); Civil Guard (Guardia Civil) (2024)",
      "note": "<strong>note 1:</strong> the Civil Guard is a military force with police duties (including coast guard) under both the Ministry of Defense and the Ministry of the Interior; it also responds to the needs of the Ministry of Finance<br><br><strong>note 2:</strong> the Emergency Response Unit was established in 2006 as a separate branch of service for responding to natural disasters and providing disaster relief both domestically and abroad; it has personnel from all the other military services<br><br><strong>note 3:</strong> the Spanish National Police (Cuerpo Nacional de Policía, CNP) and the Civil Guard maintain internal security as well as migration and border enforcement under the authority of the Ministry of the Interior; the regional police under the authority of the Catalan and the Basque Country regional governments and municipal police throughout the country also support domestic security <br><br><strong>note 4:</strong> the military has a Common Corps of four specialized corps that provide professional services to all the branches of the Armed Forces and the Civil Guard, including comptroller, legal, medical, and music services<br><br><strong>note 5: </strong>the Royal Guard is an independent regiment of the military dedicated to the protection of the King and members of the royal family; it is made up of members of the Army, Navy, Air Force, and Common Corps"
    },
    "Military expenditures": {
      "Military Expenditures 2024": {
        "text": "1.3% of GDP (2024 est.)"
      },
      "Military Expenditures 2023": {
        "text": "1.2% of GDP (2023)"
      },
      "Military Expenditures 2022": {
        "text": "1.2% of GDP (2022)"
      },
      "Military Expenditures 2021": {
        "text": "1% of GDP (2021)"
      },
      "Military Expenditures 2020": {
        "text": "1% of GDP (2020)"
      }
    },
    "Military and security service personnel strengths": {
      "text": "approximately 118,000 active-duty troops (70,000 Army; 25,000 Navy, including about 5,500 marines; 23,000 Air and Space Force); 80,000 Guardia Civil (2024)",
      "note": "<strong>note: </strong>military figures include about 3,500 Emergency Response Unit and 1,500-2,000 Royal Guard personnel"
    },
    "Military equipment inventories and acquisitions": {
      "text": "the military's inventory is comprised of weapons and equipment that were produced domestically, co-produced with or imported from other EU countries, or purchased from the US; in recent years, leading suppliers have included France, Germany, and the US; Spain's defense industry manufactures land, air, and sea weapons systems and is integrated within the European defense-industrial sector (2024)"
    },
    "Military service age and obligation": {
      "text": "18 years of age for voluntary military service for men and women; 24-36 month initial obligation; women allowed to serve in all branches, including combat units; no conscription (abolished 2001), but the Spanish Government retains the right to mobilize citizens 19-25 years of age in a national emergency; 18-58 for the voluntary reserves (2024)",
      "note": "<strong>note 1:</strong> as of 2024, women comprised about 13% of the military's full-time personnel<br><br><strong>note 2:</strong> the military recruits foreign nationals with residency in Spain from countries of its former empire, including Argentina, Costa Rica, Bolivia, Colombia, Chile, Cuba, Dominican Republic, Ecuador, El Salvador, Equatorial Guinea, Guatemala, Honduras, Mexico, Nicaragua, Panama, Paraguay, Peru, Uruguay, and Venezuela"
    },
    "Military deployments": {
      "text": "Spain has up to 3,000 military personnel deployed on 17 missions supporting the EU, NATO, and the UN on four continents, as well as naval missions in the Mediterranean and the seas off the Horn of Africa; its largest deployments are up to 700 troops in Lebanon (UNIFIL) and about 1,700 personnel in Eastern Europe supporting NATO missions in Latvia, Romania, and Slovakia (2024)",
      "note": "<strong> </strong>"
    },
    "Military - note": {
      "text": "the Spanish Armed Forces have a wide variety of responsibilities, including protecting the country’s national interests, sovereignty, and territory, providing support during natural disasters, and fulfilling Spain’s responsibilities to European and international security; the military conducts operations worldwide, and its air, ground, and naval forces participate in a variety of EU-, NATO-, and UN-led missions; Spain joined NATO in 1982 and is fully integrated into the NATO structure; it routinely conducts exercises with EU and NATO partners, and hosts one of NATO’s two combined air operations centers <br><br>the military is organized into commands for air, cyberspace, joint, land, maritime, and space operations; it maintains garrisons in the Balearic Islands, the Canary Islands, Ceuta, and Melilla<br><br>the Spanish military has a rich history that goes back to the 13th century; the Army has an infantry regiment, formed in the 13th century, that is considered the oldest still active military unit in the Western world; the Marine Corps, which traces its roots back to 1537, is the oldest naval infantry force in the World; Spain created a Spanish Legion for foreigners in 1920, but early on the Legion was primarily filled by native Spaniards due to difficulties in recruiting foreigners, and most of its foreign members were from the Republic of Cuba; it was modeled after the French Foreign Legion and its purpose was to provide a corps of professional troops to fight in Spain's colonial campaigns in North Africa; in more recent years, it has been used in NATO peacekeeping deployments; today’s Legion includes a mix of native Spaniards and foreigners with Spanish residency (2024)"
    }
  },
  "Space": {
    "Space agency/agencies": {
      "text": "Spanish Space Agency (AEE; became operational in April 2023); previously, the National Institute of Aerospace Technology (Instituto Nacional de T&eacute;cnica Aeroespacial or INTA, established 1942), a public research organization that depends on the Ministry of Defense, acted as Spain&rsquo;s space agency; Space Command (Mando del Espacio or MESPA; established January 2024); Center for the Development of Industrial Technology (CDTI); Catalan Space Agency (established 2021); Valencian Space Consortium (established 2009) (2024)"
    },
    "Space launch site(s)": {
      "text": "El Arenosillo Test Center/Range (Andalusia); private launch site (Teruel province) (2024)"
    },
    "Space program overview": {
      "text": "space program is integrated into the European Space Agency (ESA) and dates back to the 1940s; manufactures and operates communications, remote sensing (RS), and scientific/technology satellites; has developed sounding rockets; conducts research and development in a broad range of space-related capabilities, including astrobiology, astronomy, imaging/RS, materials, meteorology, optics, propulsion, robotics, satellites (particularly micro- and nano-satellites), satellite systems and subsystems, satellite/space launch vehicles (SLVs), and space sciences; participates in ESA, EU, and other international programs; hosts the European Space Astronomy Center (ESOC) and the ESA’s Space Surveillance and Tracking Data Centre (ESAC); cooperates with foreign space agencies and industries, including those of ESA and EU member states and the US; has a considerable commercial space industry, which is involved in a wide range of space-related research, development, and production, including satellites and SLVs; the CDTI coordinates the activities of the commercial space sector (2024)",
      "note": "<strong>note:</strong> further details about the key activities, programs, and milestones of the country’s space program, as well as government spending estimates on the space sector, appear in the Space Programs reference guide"
    }
  },
  "Terrorism": {
    "Terrorist group(s)": {
      "text": "Islamic State of Iraq and ash-Sham (ISIS); al-Qa’ida",
      "note": "<strong>note:</strong> details about the history, aims, leadership, organization, areas of operation, tactics, targets, weapons, size, and sources of support of the group(s) appear(s) in the Terrorism reference guide"
    }
  },
  "Transnational Issues": {
    "Refugees and internally displaced persons": {
      "refugees (country of origin)": {
        "text": "14,994 (Syria) (mid-year 2022); 438,400 (Venezuela) (economic and political crisis; includes Venezuelans who have claimed asylum, are recognized as refugees, or have received alternative legal stay) (2022); 192,390 (Ukraine) (as of 29 February 2024)"
      },
      "stateless persons": {
        "text": "6,489 (2022)"
      },
      "note": "<strong>note: </strong>351,562 estimated refugee and migrant arrivals, including Canary Islands (January 2015-March 2024)"
    },
    "Illicit drugs": {
      "text": "<p>a European transit point for cocaine from South America and for hashish from Morocco; cocaine is shipped in raw or liquid form with mixed cargo to avoid detection or altered to escape detection after which chemists within Spain extract and reconstitute any altered form of cocaine, preparing it for distribution within Europe;  minor domestic drug production; occasionally synthetic drugs, including ketamine, new psychoactive substances (NPS), and MDMA transit through Spain to the United States</p>"
    }
  }
}