{
  "Introduction": {
    "Background": {
      "text": "Norse explorers may have first discovered the Svalbard archipelago in the 12th century. The islands served as an international whaling base during the 17th and 18th centuries. Norway's sovereignty was internationally recognized by treaty in 1920, and five years later Norway officially took over the territory. Coal mining started in the 20th century, and a Norwegian company and a Russian company are still in operation today. Travel between the settlements is accomplished with snowmobiles, aircraft, and boats."
    }
  },
  "Geography": {
    "Location": {
      "text": "Northern Europe, islands between the Arctic Ocean, Barents Sea, Greenland Sea, and Norwegian Sea, north of Norway"
    },
    "Geographic coordinates": {
      "text": "78 00 N, 20 00 E"
    },
    "Map references": {
      "text": "Arctic Region"
    },
    "Area": {
      "total ": {
        "text": "62,045 sq km"
      },
      "land": {
        "text": "62,045 sq km"
      },
      "water": {
        "text": "0 sq km"
      },
      "note": "<strong>note:</strong> includes Spitsbergen and Bjornoya (Bear Island)"
    },
    "Area - comparative": {
      "text": "slightly smaller than West Virginia"
    },
    "Land boundaries": {
      "total": {
        "text": "0 km"
      }
    },
    "Coastline": {
      "text": "3,587 km"
    },
    "Maritime claims": {
      "territorial sea": {
        "text": "12 nm"
      },
      "contiguous zone": {
        "text": "24 nm"
      },
      "continental shelf": {
        "text": "extends to depth of exploitation"
      },
      "exclusive fishing zone": {
        "text": "200 nm"
      }
    },
    "Climate": {
      "text": "arctic, tempered by warm North Atlantic Current; cool summers, cold winters; North Atlantic Current flows along west and north coasts of Spitsbergen, keeping water open and navigable most of the year"
    },
    "Terrain": {
      "text": "rugged mountains; much of the upland areas are ice covered; west coast clear of ice about half the year; fjords along west and north coasts"
    },
    "Elevation": {
      "highest point": {
        "text": "Newtontoppen 1,717 m"
      },
      "lowest point": {
        "text": "Arctic Ocean 0 m"
      }
    },
    "Natural resources": {
      "text": "coal, iron ore, copper, zinc, phosphate, wildlife, fish"
    },
    "Land use": {
      "agricultural land": {
        "text": "0% (2018 est.)"
      },
      "other": {
        "text": "100% (2018 est.)"
      }
    },
    "Population distribution": {
      "text": "the small population is primarily concentrated on the island of Spitsbergen in a handful of settlements on the south side of the Isfjorden, with Longyearbyen being the largest"
    },
    "Natural hazards": {
      "text": "ice floes often block the entrance to Bellsund (a transit point for coal export) on the west coast and occasionally make parts of the northeastern coast inaccessible to maritime traffic"
    },
    "Geography - note": {
      "text": "northernmost part of the Kingdom of Norway; consists of nine main islands; glaciers and snowfields cover 60% of the total area; Spitsbergen Island is the site of the Svalbard Global Seed Vault, a seed repository established by the Global Crop Diversity Trust and the Norwegian Government"
    }
  },
  "People and Society": {
    "Population": {
      "total": {
        "text": "2,926 (2021 est.)"
      }
    },
    "Ethnic groups": {
      "text": "Norwegian 61.1%, foreign population 38.9% (consists primarily of Russians, Thais, Swedes, Filipinos, and Ukrainians) (2021 est.)",
      "note": "<strong>note:</strong> foreigners account for almost one third of the population of the Norwegian settlements, Longyearbyen and Ny-Alesund (where the majority of Svalbard's resident population lives), as of mid-2021"
    },
    "Languages": {
      "Languages": {
        "text": "Norwegian, Russian"
      },
      "major-language sample(s)": {
        "text": "<br>Verdens Faktabok, den essensielle kilden for grunnleggende informasjon. (Norwegian)<br><br>The World Factbook, the indispensable source for basic information."
      }
    },
    "Population growth rate": {
      "text": "-0.03% (2019 est.)"
    },
    "Net migration rate": {
      "text": "-5.57 migrant(s)/1,000 population (2021 est.)"
    },
    "Population distribution": {
      "text": "the small population is primarily concentrated on the island of Spitsbergen in a handful of settlements on the south side of the Isfjorden, with Longyearbyen being the largest"
    }
  },
  "Environment": {
    "Environment - current issues": {
      "text": "ice floes are a maritime hazard; past exploitation of mammal species (whale, seal, walrus, and polar bear) severely depleted the populations, but a gradual recovery seems to be occurring"
    },
    "Climate": {
      "text": "arctic, tempered by warm North Atlantic Current; cool summers, cold winters; North Atlantic Current flows along west and north coasts of Spitsbergen, keeping water open and navigable most of the year"
    },
    "Land use": {
      "agricultural land": {
        "text": "0% (2018 est.)"
      },
      "other": {
        "text": "100% (2018 est.)"
      }
    }
  },
  "Government": {
    "Country name": {
      "conventional long form": {
        "text": "none"
      },
      "conventional short form": {
        "text": "Svalbard (sometimes referred to as Spitsbergen, the largest island in the archipelago)"
      },
      "etymology": {
        "text": "12th century Norse accounts speak of the discovery of a \"Svalbard\" - literally \"cold shores\" - but they may have referred to Jan Mayen Island or eastern Greenland; the archipelago was traditionally known as Spitsbergen, but Norway renamed it Svalbard in the 1920s when it assumed sovereignty of the islands"
      }
    },
    "Government type": {
      "text": "non-self-governing territory of Norway"
    },
    "Dependency status": {
      "text": "territory of Norway; administered by the Polar Department of the Ministry of Justice, through a governor (sysselmann) residing in Longyearbyen, Spitsbergen; by treaty (9 February 1920), sovereignty was awarded to Norway"
    },
    "Capital": {
      "name": {
        "text": "Longyearbyen"
      },
      "geographic coordinates": {
        "text": "78 13 N, 15 38 E"
      },
      "time difference": {
        "text": "UTC+1 (6 hours ahead of Washington, DC, during Standard Time)"
      },
      "daylight saving time": {
        "text": "+1hr, begins last Sunday in March; ends last Sunday in October"
      },
      "etymology": {
        "text": "the name in Norwegian means Longyear Town; the site was established by and named after John LONGYEAR, whose Arctic Coal Company began mining operations there in 1906"
      }
    },
    "Independence": {
      "text": "none (territory of Norway)"
    },
    "Legal system": {
      "text": "only the laws of Norway made explicitly applicable to Svalbard have effect there; the Svalbard Act and the Svalbard Environmental Protection Act, and certain regulations, apply only to Svalbard; the Spitsbergen Treaty and the Svalbard Treaty grant certain rights to citizens and corporations of signatory nations; as of June 2017, 45 nations had ratified the Svalbard Treaty"
    },
    "Citizenship": {
      "text": "see Norway"
    },
    "Executive branch": {
      "chief of state": {
        "text": "King HARALD V of Norway (since 17 January 1991)"
      },
      "head of government": {
        "text": "Governor Lars FAUSE (since 24 June 2021)"
      },
      "elections/appointments": {
        "text": "none; the monarchy is hereditary; governor and assistant governor responsible to the Polar Department of the Ministry of Justice"
      }
    },
    "Legislative branch": {
      "note": "<strong>note:</strong> the Council acts much like a Norwegian municipality, with responsibility for infrastructure and utilities (including power, land-use and community planning, education, and child welfare); however, the state provides healthcare services"
    },
    "Judicial branch": {
      "highest court(s)": {
        "text": "none; note - Svalbard is subordinate to Norway's Nord-Troms District Court and Halogaland Court of Appeal, both located in Tromso"
      }
    },
    "Political parties": {
      "text": "Conservative <br>Labor <br>Liberal <br>Progress <br>Socialist Left"
    },
    "International organization participation": {
      "text": "none"
    },
    "Flag description": {
      "text": "the flag of Norway is used"
    },
    "National anthem": {
      "text": "<p><strong>note:</strong> as a territory of Norway, \"Ja, vi elsker dette landet\" is official (see Norway)</p>"
    }
  },
  "Economy": {
    "Economic overview": {
      "text": "high-income Norwegian island economy; major coal mining, tourism, and research sectors; recently established northernmost brewery; key whaling and fishing base; home to the Global Seed Vault"
    },
    "Exchange rates": {
      "Currency": {
        "text": "Norwegian kroner (NOK) per US dollar -"
      },
      "Exchange rates 2023": {
        "text": "10.563 (2023 est.)"
      },
      "Exchange rates 2022": {
        "text": "9.614 (2022 est.)"
      },
      "Exchange rates 2021": {
        "text": "8.59 (2021 est.)"
      },
      "Exchange rates 2020": {
        "text": "9.416 (2020 est.)"
      },
      "Exchange rates 2019": {
        "text": "8.8 (2019 est.)"
      }
    }
  },
  "Energy": {
  },
  "Communications": {
    "Telecommunication systems": {
      "general assessment": {
        "text": "Svalbard Undersea Cable System is a twin submarine communications cable which connects Svalbard to the mainland of Norway (2022)"
      },
      "domestic": {
        "text": "the Svalbard Satellite Station - connected to the mainland via the Svalbard Undersea Cable System - is the only Arctic ground station that can see low-altitude, polar-orbiting satellites; it provides ground services to more satellites than any other facility in the world (2022)"
      },
      "international": {
        "text": "country code - 47-790; the Svalbard Undersea Cable System is a twin communications cable that connects Svalbard to mainland Norway; the system is the sole telecommunications link to the archipelago (2019)"
      }
    },
    "Broadcast media": {
      "text": "the Norwegian Broadcasting Corporation (NRK) began direct TV transmission to Svalbard via satellite in 1984; Longyearbyen households have access to 3 NRK radio and 2 TV stations"
    },
    "Internet country code": {
      "text": ".sj"
    }
  },
  "Transportation": {
    "Roadways": {
      "total": {
        "text": "40 km (2020)"
      }
    },
    "Ports": {
      "total ports": {
        "text": "3 (2024)"
      },
      "large": {
        "text": "0"
      },
      "medium": {
        "text": "0"
      },
      "small": {
        "text": "0"
      },
      "very small": {
        "text": "3"
      },
      "ports with oil terminals": {
        "text": "0"
      },
      "key ports": {
        "text": "Barentsburg, Longyearbyen, Ny Alesund"
      }
    }
  },
  "Military and Security": {
    "Military and security forces": {
      "text": "no regular military forces"
    },
    "Military - note": {
      "text": "Svalbard is a territory of Norway, demilitarized by treaty on 9 February 1920; Norwegian military activity is limited to fisheries surveillance by the Norwegian Coast Guard (2024)"
    }
  },
  "Transnational Issues": {
  }
}